review_id,rating,date,thumbs_up,spam_flag,is_duplicate,is_generic,themes,keep,text
06bd892f-789e-4921-96d1-7bf203881572,1,2026-09-21,0,,0,0,onboarding,1,đăng ký khó khăn
cdff1a16-8ce0-47da-b9ef-46b4b90aa94f,5,2026-09-19,0,,0,1,,1,ok
b6d962d6-772d-4786-a54e-2f7a38584f22,1,2026-09-18,1,,0,0,,1,ko dùng được khi dùng sam sung
a75d201a-347b-422f-b8de-81cca7f28903,1,2026-09-17,0,,0,0,fees,1,"lũ môi giới không có đạo đức nghề nghiệp, lùa nhà đầu tư chưa có nhiều kinh nghiệm để ăn hoa hồng nhiều nhất có thể, cổ phiếu IPO đến giờ thì như đống rác,"
18f6965c-a27e-48ca-ab0f-b12b2d6f58bb,3,2026-09-16,0,,0,0,,1,"ngoài phí tháng ra , vps tự ý trừ tiền trong tài khoản,dù nhỏ nhưng có vẻ rất đều đặn, và chắc chắn làm như vậy với nhiều tài khoản"
45a4d036-3617-415c-8821-bd3228bc2c0b,1,2026-09-16,2,,0,0,stability,1,"suốt ngày báo ""Lỗi kết nối đến máy chủ"""
3098ce01-ce88-40df-a73a-d32f52c86e57,4,2026-09-10,0,,0,0,onboarding,1,"vps nên nâng cấp bảo mật, xác nhận mã OTP mỗi lần đặt lệnh mua bán"
9f6790bd-8824-488b-b7b7-fcac3a336a00,1,2026-09-07,3,,0,0,stability,1,k đăng nhập đc. điên cmnr
edfa0d84-405e-4fb9-bbd2-dcbfdfbbd726,1,2026-09-06,0,,0,0,stability,1,tạo tài khoản xong đăng nhập không được why?????
a6905b65-c076-49f2-b557-a5a42fdf52d3,1,2026-08-28,0,,0,0,stability,1,"app nó cứ đơ đơ kiểu gì, phản hồi rất chậm"
ed98ed48-148f-4020-b6de-9de81ed961db,1,2026-08-21,4,,0,0,,1,mong app cải thiện về vấn đề tốc độ xử lý sao cho mượt mà hơn
b434963d-a491-4aa3-8e03-f7145587614b,1,2026-08-19,3,,0,0,stability,1,áp hay bị lỗi quá z
956729da-05de-4df5-bc04-265db658069e,1,2026-08-18,0,,0,0,,1,ko tải đc l que
eb346974-3f6a-44ab-96e2-328fe1cc7fc4,1,2026-08-17,2,,0,0,stability,1,"app này cũng hay bi treo, chả hiểu làm ăn làm sao"
ba3d93bd-b071-47b4-b93f-f62eac582eec,1,2026-08-15,3,,0,0,stability,1,"đang đặt lệnh vẫn treo đứng máy luôn, thường xuyên treo app. tắt màn 1 lúc mở lại là có thể treo..."
32c42d1a-da33-41d5-94cc-72328865a526,5,2026-08-14,4,,0,0,,1,oke thử dùng ssi nhưng cuối cùng vẫn quyết định quay về với vps hy vọng CTY k phá sản
cb1f5fb8-bea7-48b6-a4f0-8a6dd9539aeb,1,2026-08-14,4,,0,0,fees,1,App tệ. Phí cao. Tư vấn viên thì quèn
a8a0473b-852e-44b6-927e-6442b1496121,1,2026-08-11,5,,0,0,stability|ui,1,"nên đuổi hết kĩ thuật bên này . thuê mẹ vnd or ssi thiết kế cho lành app vào cứ 5p văng 1 lần, lag thì éo cần bàn. chơi long short mà tức del chịu đc"
13423f78-e039-402a-bd52-bedb931e1040,1,2026-08-11,3,,0,0,stability|money,1,mua trừ lấy tiền nhanh lắm đến lúc bán cổ phiếu chờ tiền về chậm chạp 1 tuần lễ luôn tiền vẫn chờ về nữa😠
c0aadfe2-0b97-4c66-b10c-597f61d432c8,3,2026-08-11,1,,0,0,,1,"thời gian update quá lâu,"
b9ec4789-47cc-471d-9573-6a051aee2265,1,2026-08-11,0,,0,0,,1,"Tệ, phí thì từ đâu chui ra tự trừ 1 đống, đầu tư dài hạn không xem là không biết luôn"
dc3e9787-951c-4494-aa5a-52c4e463516a,5,2026-08-06,2,,0,0,,1,ok good
11f8da1b-b12e-4900-bb48-495319e7077e,1,2026-07-26,0,,0,0,,1,suốt ngày bắt đổi pass ai mà nhớ được
90650c35-b06d-4a39-ab1b-6a221fe59016,1,2026-07-23,0,,0,0,,1,hết tiền
e8674eca-5ace-45ec-8a44-7a944861a1ae,2,2026-07-17,5,,0,0,stability,1,cứ mẫy phiên quan trọng là không vào được. Tệ thật sự
875c3e98-1c9e-48de-a0e7-058f02568fde,1,2026-07-16,6,,0,0,onboarding,1,app như e. ít hôm lại bắt mã pin. đăng ký rồi vào lại báo không chính xác
0b978a5b-2ae0-473d-9b36-1d0a993e7b5a,5,2026-07-02,0,,0,1,,1,tốt
9b5200e7-41e3-442e-8977-1a8ef851f89c,2,2026-07-02,2,,0,0,,1,không có cảnh báo giá
0b402a67-76ce-4eba-8db7-94dac806a2e9,3,2026-07-01,2,,0,0,,1,App gì đầu tư toàn lỗ vậy
84787f5a-d38d-49c6-ad3e-96e87c3de4c8,5,2026-06-30,3,,0,1,,1,ok
697cd95e-1bc8-4dba-8e7b-8cd1de4788b4,4,2026-06-30,11,,0,0,,1,"sau khi update xong app thường xuyên bị văng khi chạy dưới nền, dù đã khoá ko tắt app, trước khi cập nhật thì bình thường"
b567aab8-28af-4e25-b5c9-7e96f196fafc,5,2026-06-29,1,,0,1,,1,ok
0b87d7f1-4cf3-4852-8d9b-29f5c5d49f51,1,2026-06-29,7,,0,0,,1,app rất tệ khi tôi ở nước ngoài không thể vào được.xong 6tháng lại bắt buộc phải đổi mật khẩu.thật sự app tệ nhất từng gặp.
8fd7325d-e875-42d9-b12b-9823ea99bd8c,5,2026-06-25,3,,0,0,,1,tôi thấy dùng tốt
efa70a5c-f6e2-4dd1-a218-da83c2534910,1,2026-06-23,0,,0,0,stability|money,1,app lỗi .. nạp tiền vào giờ đăng nhập cứ quay ko vào đc .. tiền thì kẹt trong đấy .. mọi người không nên dùng không app sập là mất hết luôn
3bc73933-2738-43be-a2ba-07bcb42572db,1,2026-06-23,9,,0,0,onboarding|stability|money,1,"app đần vcl... đã thế còn hay lag làm mất bao nhiêu tiền, trừ tiền linh tinh vô tội vạ, nếu trừ do nợ hay gì thì phải thông báo rõ ràng chứ, nạp tiền vào phát tự nhiên tiền mất đâu không biết luôn, thế thì thích trừ bao nhiêu thì trừ à, xác thực thì không xác thực cho mà cứ bô bô top 1 thị phần"
c9f9dcbe-7bf2-45d0-ab6a-19bae3d58c9d,1,2026-06-23,4,,0,0,fees,1,"app tệ, hạn mức thu phí hàng tháng thấp, thu phí cao. Xứng đáng bị từ bỏ"
9b6f6311-1207-4271-af62-416b683e1909,1,2026-06-19,2,,0,0,onboarding,1,"app nên làm xác thực bằng vneid nha. máy tui không có nfc thành ra không thể xác thực được, mà mấy cái app của công ty chứng khoán khác thì làm được bằng vneid, chứ riêng app bên mình kém quá kém. 1 sao không nói nhiều"
f9215169-f1c9-4f44-8fb0-3d94ef3cfa11,1,2026-06-16,8,,0,0,stability,1,hôm nay 16/6 app quá lag. đã đổi wifi và 5g đều rất lag
38fef441-84f9-4fc8-b0b4-67f416a4be07,5,2026-06-15,0,,0,0,,1,"Đội ngũ phát triển quan tâm và lắng nghe ý kiến của người dùng , mọi người có ý kiến đóng góp nên gửi mail để trao đổi [like 👍]"
79300e77-1189-4f5d-8c33-4aa7fbd6f3a1,5,2026-06-15,0,,0,0,,1,rất tiện lợi
012b406c-c9e2-47db-9f6d-57c274666757,1,2026-06-03,3,,0,0,onboarding,1,app như l . xác thực khuân mặt cứ kêu ko trùng khớp
d51ef5cf-2feb-4ebe-be88-ce072e0fba13,4,2026-06-01,4,,0,1,,1,ok
ac644dea-aed0-44ce-bc2c-a2522c23ddaa,1,2026-05-23,9,,0,0,,1,"app này mỗi tháng trừ phí 33k rất cao, không đáng sử dụng với nhà đầu tư dài hạn"
d1b924df-ff5a-4bd5-99ec-cf90c2783433,1,2026-05-12,15,,0,0,stability,1,"Ứng dụng lỗi, yêu cầu đổi mật khẩu nhưng nhập xong mật khẩu thì không hiện nút ấn để đổi"
874b2139-7397-47f0-a987-1e63b4136c89,1,2026-05-09,2,,0,0,stability,1,chậm sử dụng chán
56842ad7-4db7-415a-8f54-d47c803dd1e0,1,2026-05-06,0,,0,0,,1,Phí cắt cổ. Mỗi tháng nộp 28000₫ cùng nhiều loại phí khác. Tài khoản còn bị âm -668k??
552053f8-95b4-4fc1-bdd3-8791c364f204,1,2026-04-28,3,,0,0,stability,1,"sao ko đăng nhập đc, hiện message hệ thống đang khởi động"
2fc12245-ccff-4f27-8c64-9d6302a8cd09,1,2026-04-26,12,,0,0,money|fees,1,"bắt đổi mk liên tục, đổi vài lần giờ thường xuyên quên pw, app đẻ ra đủ thứ phí để cắn tiền khách hàng, từ tiền bán, tiền ứng, để tiền trong tài khoản, rút tiền về bank, .... chỉ cần liên quan đến tiền đều bị tính phí, giá trị bill nhỏ thì tính mức cố định vài ngàn đến 50k, bill lớn thì cắn theo %. Quá thất vọng"
49ac44ca-5755-49b3-af3e-db2e0128083a,5,2026-04-26,0,,0,1,,1,tốt
0801636a-1ac3-4d86-80ec-7b03d2e8998f,5,2026-04-25,0,,0,0,,1,cho anh em mới vào nghề biết thì nếu bạn không giàu như phạm nhật vượng hay long hòa phát thì nên chuyển sang dùng cty chứng khoán khác chứ ko đủ tiền nuôi sản phẩm của vp bank đâu phí chuyển tiền 3 nghìn 3 củ phí tháng có mua hay cổ ko cũng mất vài chục rồi nếu vay nợ mua cổ phiếu cũng bị trừ 26 k 1 tháng . chưa tính trả lãi cả năm
d06063d0-58c2-40d5-a5fc-1578b352d4cc,1,2026-04-18,20,,0,0,money,1,app lz hệ thống nâng cấp gì quài vậy. hạn chế giao dịch rút tiền thì có
a4435cc8-b784-4218-a284-2c68050875db,2,2026-04-17,1,,0,0,stability,1,"Dùng rất chán, thua mbs, không có đăng nhập bằng vân tay, không có AI chatbot hỏi đáp hỗ trợ,"
6a3ae285-2e55-4d48-899c-9399f15420e2,1,2026-04-16,3,,0,0,ui,1,"app quá khó dùng, rối rắm. từ bỏ nha, vndirect vẩn là chân ái"
12b6b1b0-0681-40a3-8897-95f32a196eca,1,2026-04-13,1,,0,0,stability,1,Vài tháng lại đổi mật khẩu. Đổi đi đổi lại chán không chấp nhận cho. app thì đặt lệnh lag như điên
5e7904e7-9b9e-43a7-99db-31ffe7f474ab,1,2026-04-12,3,,0,0,,1,thay đổi mật khẩu không xác nhận mặc dù đã làm đủ yêu cầu. dịch vụ quá tệ
1fe35ac5-1582-4db6-87d7-6d75863c7a7b,1,2026-04-09,3,,0,0,onboarding,1,Mở tk mà giờ còn nfc chán vl
0765bf86-c7d6-46da-8185-b55b7a9b7f82,1,2026-04-07,9,,0,0,onboarding,1,làm ơn thêm tính năng cập nhật cccd qua vneid đi thời nào rồi còn không có tính năng này
2b83b5eb-3e38-4383-8750-a8c15466e9b4,5,2026-04-02,2,,0,1,,1,ok
80148409-c780-4f0b-98c7-93a84b8e0328,5,2026-03-30,2,,0,0,,1,app này dùng ok ko các bác. xin chỉ điểm
47f9107e-c8f9-4066-869f-6889521dfa50,5,2026-03-27,2,,0,1,,1,ok
90ba9067-95eb-40a5-a12e-36175154b070,1,2026-03-25,0,,0,0,,1,dạo này còn thu phí hàng tháng ko? app thì kém mà thu phí thì chịu rồi
1b2dc59c-3782-42c8-b95d-4cc854be518f,1,2026-03-24,10,,0,0,money|fraud,1,"App này lừa đảo trừ tiền nhé, mọi người cẩn thận. Mình mới nạp tiền vào hôm trước, chưa giao dịch gì, hôm sau thấy mất tiền."
ad1b1f65-4f39-4ae8-b326-8c7b3a9564b3,2,2026-03-20,5,,0,0,stability,1,"Mỗi lần đăng nhập là cực hình và tốn nhiều thời gian, cứ thông báo là bị lỗi liên kết máy chủ hoài"
8e333aac-f9a5-4ab9-aad6-b36e9963cbb1,5,2026-03-19,1,,0,1,,1,ok
9893156a-36f1-4d92-8bb8-a86e282d4c39,1,2026-03-19,4,,0,0,,1,không chuyển tiền lại được vào tài khoản ngân hàng cùng tên bất tiện quá
c1929f5f-be15-488f-b00f-b374603694db,5,2026-03-18,2,,0,0,stability,1,app dạo này chạy chuyển trạng thái rất chậm.
2a13ffd3-3f69-4619-a925-963bb664f195,5,2026-03-17,1,,0,1,,1,ok
14700858-fda4-4ca6-9e76-a53df3045acb,1,2026-03-16,3,,0,0,stability,1,"dùng bao năm rồi tuần nào cũng nâng cấp mà ko thấy cải thiện, vào tí đã bị đơ hoặc tự thoát lại phải đăng nhập lại"
f13a7f3b-a7cd-4593-9afa-8a1090170b0f,5,2026-03-16,1,,0,1,,1,ok
a81c5230-d42f-41ef-b61e-1bb034f64646,5,2026-03-13,3,,0,0,,1,minh khong mo duoc tai khoan
e7e7d138-52be-42ef-b64b-ca2b7320c51b,5,2026-03-07,0,,0,0,,1,nạp thao tác 1 phát là xong mấy con gà cứ kêu ka hài vc
eb493c84-5ee6-4ea6-9a72-adf8b654da91,1,2026-03-05,3,,0,0,,1,app như....... đổi mk éo được 😡😡😡
f65ccb7b-9760-4ca7-8550-0baaa0f7d849,1,2026-03-04,7,,0,0,money,1,"app tệ quá,đến phần nạp tiền cũng k đơn giản hoá đc,để cái mã qr vs sao chép nghi sẵn khó thế s,tham khảo f market ,,,họ lm thế có phải tiện cho khách mới k"
534cab77-cb34-4e49-a4fa-003e5340c023,1,2026-03-04,3,,0,0,stability,1,quá chậm và lag
4d914f10-f7bf-4914-b49a-b0914228bb30,1,2026-03-03,5,,0,0,,1,app tệ quá. chạy k mượt mà gì cả
d27460cc-7d48-4a49-8c7e-653575ec5c90,1,2026-03-03,0,,0,0,stability,1,SmartOne quá tệ. đơ và không load nổi. Phải chuyển sang App chứng khoán khác thôi
11c9f0a5-3697-4a88-aec9-d5077532110f,5,2026-03-02,0,,0,0,,1,quên tài khoản và mật khẩu
7f9c4121-a5ee-47ed-83b6-b795e5ae952e,1,2026-03-01,2,,0,0,,1,không nạp qua được BANK HDB ?
34c6ac9d-7e97-4aeb-8186-78184ee151d0,1,2026-02-25,9,,0,0,,1,ứng dụng quá tệ không lấy lại được tài khoản do lổi ứng dụng
1e7d88a7-7024-4dd1-9cd7-aab9a7e6eaf2,1,2026-02-23,0,,0,0,,1,"nói chung rất tệ, tệ nhất là cái muốn sao kê mà tranh thủ ăn như chó. dịch vụ như hạch. chỉ chờ để trừ tiền khách hàng!"
b3da8552-3597-4f40-a1fc-c302cfa88272,1,2026-02-23,0,,0,0,,1,"Báo cần đổi mật khẩu sau 6 tháng, nhập mọi thứ xong thì lại không cho xác nhận, không làm được gì không đổi ko cho sử dụng."
9f475495-0876-4c78-80ac-90b33d642c8e,5,2026-02-19,5,,0,0,,1,Nhanh mượt uy tín
66572495-82d3-49e0-9948-d671ae0b4f60,1,2026-02-15,0,,0,1,,1,tệ
1e224213-17a1-40bc-a1db-1325e6b98c1d,3,2026-02-06,4,,0,0,stability,1,"hay lag, chậm"
94cd8007-b9f6-4d8a-a93b-6b9c60d915a2,1,2026-02-04,7,,0,0,stability,1,"khó sử dụng, nhiều lỗi, phát triển kẽm"
6332680d-4588-4dc1-abd5-ed029eaef491,1,2026-02-02,5,,0,0,,1,ứng dụng lol
e4238f34-0514-4b63-8f88-8a45c7f4f8c0,5,2026-01-28,0,,0,1,,1,ok
5e353621-caa7-4708-8465-30bf7566d477,1,2026-01-28,5,,0,1,,1,tệ
0ff988ab-3fde-4f91-815e-a6f233b92c74,1,2026-01-27,6,,0,0,ui,1,"giao diện kém, ứng dụng chận khó xem lãi lỗ"
a3076a4a-ac27-40ae-8d36-d44b16d76feb,1,2026-01-26,3,,0,0,ui,1,Giao diện khó dùng
f758ecd2-036f-4b6c-b571-46508f16ff7c,3,2026-01-21,0,,0,0,,1,"suốt ngày update trong phiên, tại sao ko thực hiện vào các cuối tuần."
b5558e1f-5346-48a3-8f93-9590ed3797f7,4,2026-01-20,7,,0,0,,1,chờ trải nghiệm
95f7643c-068e-427a-9909-7ad01cbf7605,3,2026-01-20,1,,0,0,stability,1,"luôn bị lag, thật là phiền"
4668e591-54b1-48ec-a981-77ca6bfc97ac,1,2026-01-19,7,,0,0,money,1,tệ cực sinh trắc học 80 lần k được giam tiền của khách bắt phải cập nhập bằng cách khác
8b1d72a5-aae8-46c8-8369-0103240c3285,1,2026-01-19,7,,0,0,onboarding,1,chức năng khó sử dụng. không xác thực được NFC
53a4275f-aec4-4500-a773-bb4cec21fffc,2,2026-01-19,2,,0,0,,1,đang muốn vào lệnh lại bắt cập nhật. 🎃🎃🎃
e40eacce-6898-4219-8b90-87bfa06cb6a3,1,2026-01-16,14,,0,0,stability|money,1,app loz gì rút tiền ra cứ báo lỗi ko nhận stk
f35ab9fe-5cc0-4391-a2ca-e6c68d06153d,1,2026-01-16,5,,0,0,stability,1,hôm nay 16/1/2026 ứng dụng liên tục tự động đăng xuất. Fix lỗi gấp đi ạ.
b7913bb7-da73-4ee3-8338-d93519cd696b,1,2026-01-16,4,,0,0,,1,sáng nay 16/1/2026 bị gì mà bấm tí bắt login lại. bực mình vô cùng. vps check lại bug xem
4b8b2c58-5bec-4d0b-a560-cfbc8271b040,1,2026-01-16,1,,0,0,stability,1,app bị out đăng xuất liên tục rồi bảo trì nhiều quá
b4c54434-e851-4772-9d76-d1ddf02eb75d,1,2026-01-14,0,,0,0,,1,IPO lùa gà
6f8bc4d5-fe8e-48d8-bb4a-b41bbd038920,1,2026-01-14,17,,0,0,,1,App tính thuế cao quá. 3tr VND mua CP mất tiền thuế sàn hơn 600 VND. mã cha nhà nó ăn cướp à
5e9e14c3-9f53-43f9-921e-5f1fa535596e,1,2026-01-12,0,,0,0,,1,1 đám nhân viên lùa gà mua ipo
7d8f1b20-3cae-49b5-98f7-85780d158c74,1,2026-01-12,0,,0,0,,1,gọi điện spam liên tục thiếu chuyên nghiệp
c0bf0ef1-6f63-4d0f-a6af-4c5a6238a093,1,2026-01-12,3,,0,0,,1,đổi số đt khó. nv tư vấn lùa gà. chuẩn bị gỡ bỏ
d681c122-9514-4049-8f96-9d16774d5899,1,2026-01-10,2,,0,0,,1,Không hoài lòng về việc thu phí đủ thứ
8115c3d9-9a34-4c09-95d1-6a7d4fdbc75d,1,2026-01-10,1,,0,0,money,1,"CTY tận thu nhiều loại phí như phí quản lý tk 29k/tháng, phí BH ... trong khi tk KH đang lỗ sắp mặt, tận thu đến nỗi số dư âm luôn"
480e9799-a278-4c22-a8f5-2ab35ae9ecf2,1,2026-01-10,5,,0,0,,1,Công ty úp bô nhà đầu tư. Không nên sử dụng và tin tưởng
79428202-37a2-4a34-89c9-2ff19b3cb5b4,1,2026-01-09,5,,0,0,,1,cứ vào là bật ra
dff653f2-08fe-4265-b6bb-c4eebbf9e936,1,2026-01-08,10,,0,0,,1,tại sao app cả tuần nay sử dụng mạng 4g thì giá nhảy lên xuống bình thường còn mạng wifi thì đứng im re không xử lý mua bán được gì hết tức no luôn.
ce7220a8-2326-43d2-b9c8-a71d1254aa5b,1,2026-01-06,0,,0,0,onboarding|stability|money|fees,1,"phí cao, nạp tiền chậm. bán cổ rút tiền thì bị giam tiền 2 ngày. làm lộ thông tin khách hàng ( số điện thoại, tên, cccd) không biết là vô tình hay đem bán thông tin."
9f082c83-2dfa-4a52-89e0-c2a5816b0829,1,2026-01-05,0,,0,0,stability,1,lag vkl
03adc618-9171-41d7-9f51-9478bb924344,1,2025-12-30,7,,0,0,onboarding|stability|money,1,"app lỗi , có cái đổi số điện thoại làm cccd, nfc, rồi xác thực khuôn mặt không được. làm 12 lan vân không đuoc, báo ban phụ trách tai khoản nhờ hõ trợ. thì nhân dc phản hoi từ chăm sóc khách hàng muón rút tiền xóa app. nói chung vps cành lúc càng tệ."
d40a986e-11d1-4fdf-b804-2febe397446c,2,2025-12-29,3,,0,0,,1,không cài đặt trên 2 máy được
22601ca1-6fb5-4157-9327-c23dc9f9d8e3,3,2025-12-24,5,,0,0,onboarding,1,Đăng ký khó khăn hơn các app khác. Thiết bị ko có NFC thì bó tay. vây mà cứ QC này kia...
506ad536-4a5f-47ac-99ee-20d0a3629933,1,2025-12-24,8,,0,0,,1,"Nhiều tư vấn viên hỗ trợ các nhà dt thiếu kinh nghiệm., tầm nhìn ngắn., chủ yếu hô hào ndt mua bán tạo sóng ảo., gió chiều nào theo chiều ấy., cóp nhặt bài viết tư vấn mua bán thiếu chiều sâu.,"
41c2b4c5-4f0b-43af-ab25-095c45002bdd,1,2025-12-24,7,,0,0,,1,"Công ty lùa gà, nên tránh"
82b7f4af-28e7-4740-accc-6d6045ba5f83,1,2025-12-24,1,,0,0,fees|fraud,1,"lừa đảo,phí giao dịch cao,không rõ ràng"
5cc675cc-a66e-4cef-9341-0b07e22c548d,1,2025-12-24,5,,0,0,fraud,1,lừa dối ndt ... trải nghiệm tệ
0bfc14c6-8f70-4300-b338-7e42cd57486a,1,2025-12-24,9,,0,0,fraud,1,app lừa nhà đầu tư trắng trợn. ae né nó ra nhé
7a950a4e-6c22-45fb-891b-e58f1b867578,1,2025-12-24,7,,0,0,fraud,1,áp mô giới lẫn lãnh đạo chuyên lừa đảo úp bô nhà đầu từ a em cẩn trọng ko tải áp
a64465ff-ec64-4397-9628-a2791f0e73f6,2,2025-12-24,5,,0,0,,1,mật khẩu hết hạn. vào đổi không được luôn
a3a8af70-45df-462f-b0e8-0e976c4762e9,2,2025-12-23,6,,0,0,,1,sai lầm vào cty này
56d929cd-1633-4159-899a-77573394e546,1,2025-12-23,3,,0,0,fraud,1,Cty lừa đảo ntn
c32b711c-cf3b-4b80-a1ef-a4071b3a0443,1,2025-12-22,2,,0,0,,1,vps lùa gà
2a5465fd-758b-4847-82bd-3cbdb46169ad,1,2025-12-22,5,,0,0,,1,"Broker hô hào lùa gà,úp bô NDT"
09488f4d-7f78-4f9e-b128-a62d6cea9473,1,2025-12-22,0,,0,0,fraud,1,"VPS là công ty lừa đảo. broker VPS lừa khách bao win, bao lỗ. Úp bô khách hàng VPS mua cổ phiếu VCK xong VPS còn tiệc tùng 3 ngày ăn mừng đã úp bô khách thành công"
5a876296-435f-4421-900a-2b0800bf6acd,1,2025-12-22,0,,0,0,fraud,1,"lừa đảo,úp bô"
e25862f5-8fca-4c7a-a92f-dece4088ded5,1,2025-12-19,4,,0,0,onboarding,1,app ngu như bò không quét cccd được
329af63b-7385-4184-aeca-07878b49ae10,4,2025-12-19,6,,0,0,stability,1,"2 năm trước chạy mượt hơn, giờ bị chậm, đơ, lác khi chạm tay vào ứng dụng để đăng nhập"
376b6967-c430-41d8-991c-f3b6cd1ac450,5,2025-12-16,0,,0,0,,1,tốt ok
8e38e908-a02e-41fd-8d45-ecf74339dba1,1,2025-12-12,1,,0,0,fraud,1,"lưa đảo trôn thuế, làm giả hô sơ"
d2d28494-ed1d-4b58-85b4-631dfdb40a18,1,2025-12-09,4,,0,0,,1,Hôm nào cũng gọi điện 2-3 cuộc phiền vô cùng.
a846179e-28b3-4965-8290-e3fc71c08303,1,2025-12-08,8,,0,0,money|fraud,1,"app lừa đảo, giam tiền khách hàng, nạp vào không cho rút, gọi điện tổng đài hoàn toàn không có tác dụng."
8a8f45d3-bf4d-4f44-b161-91733afeb08e,1,2025-12-05,4,,0,0,stability,1,sài bị đơ hoài. ko ổn định
70a33a74-2f34-4ef5-a7c5-8bb7793cee3d,1,2025-12-02,3,,0,0,stability,1,Bắt cập nhật xong bị đơ
99049801-be77-43cc-b321-56f3fbfeac92,3,2025-12-02,0,,0,0,yield,1,Công ty chứng khoán cầm tiền của tôi với lãi suất gần 0% mà còn thu phí hàng tháng. Tiền đó tôi rút về ngân hàng gửi lãi 1 tháng gấp nhiều lần số phí các ông thu thế việc gì tôi phải đưa tiền cho các ông cầm?
7617ac63-6d90-4dd2-a893-f69206baa344,2,2025-12-02,6,,0,0,,1,sao đổi lại mk không được
0e82df24-cb92-4db3-87bd-92300e31d94b,2,2025-11-29,2,,0,0,stability,1,báo lỗi kết nối máy chủ
4a243bb8-0dda-4626-80db-899ee0f69c47,5,2025-11-15,11,,0,1,,1,tốt
f8ea9732-cd57-4c00-826e-0abb261c8471,4,2025-11-15,10,,0,0,,1,"hiện có ứng dụng của Hàn quốc ko mất phó giao dich, magin tháng đầu 0% lãi , năm 9,9% - rẻ nhất việt nam"
c7a0a743-5a34-4499-85e7-4ee6125d159e,1,2025-11-13,1,,0,0,,1,chán. TCBS đỉnh cao.
592f3df8-71e8-42e7-9d73-69dd4d8f94d1,5,2025-11-13,0,,0,1,,1,Ok
c2bf9225-e842-4f98-8b72-48185ab78c9e,1,2025-11-12,2,,0,0,stability|fees|fraud,1,"khớp lệnh chậm ,.. tính phí nhiều cái khác nhau, gọi điện nhiều. không khác gì quy mô lừa đảo cả"
7825e2bf-d490-4fb3-a020-18f6caf96b69,1,2025-11-11,4,,0,0,,1,"đổi mk ko đc , thao tác quá phiền phức"
e6a5f5a3-712e-4dd6-9d1e-beca08856dce,1,2025-11-11,8,,0,0,stability,1,app lỗi. nhân viên vòng vo
6e302c39-b0ec-4204-aa88-259ed5e3fa13,1,2025-11-09,0,,0,0,onboarding|stability,1,"mk rất thắc mắc là trước khi đăng ký qua website 1 số điện thoại vậy mà khi đăng nhập lại vào app lại gửi mã opt tới 1 số điện thoại khác, mk lo lắng về tính bảo mật và lộ thông về thẻ căn cước công dân. website kia có gửi mail về có đủ thông tin cá nhân, mật khẩu đăng nhập và cả số tài khoản nhưng lại không thể vào được. Mọi người hết sức cẩn thận không lại gặp tình trạng như mk. Thông thường là khi gặp những đánh giá xấu app sẽ có phản hồi nhưng ở đây thì không. Thật sự cảm thấy lo lắng."
d948a055-3bcb-4276-bda9-0a1747420e92,3,2025-11-06,3,,0,0,stability,1,app lag vãi
8eb20a9f-21b6-4f83-ad52-c12bdfb022e2,5,2025-11-04,0,,0,0,,1,ok thật tuyệt
30313b70-d014-437c-951c-3b72d789ab09,1,2025-10-30,17,,0,0,,1,App bán thông tin cho bên khác. Lần đầu tiên tham gia chứng khoán và dùng VPS vậy mà bên SSI gọi cho tôi và muốn tư vấn.
ebb00b55-a424-4790-b487-2454be7e28c6,1,2025-10-29,3,,0,0,ui,1,"vps nên thiết kế lại app và web đi, sắp xếp lại bố cục cho đơn giản dễ dùng. App thì việc đặt mua bán rất nhiều bước gây khó khăn khi muốn mua bán nhanh. Mục quan trọng là danh mục nắm giữ trên cả web và aap đều thiếu thông tin và công cụ cho việc theo dõi và mua bán nhanh."
9ca3eaeb-3e91-4630-b7a1-72b2e0f18d5d,1,2025-10-27,4,,0,0,onboarding,1,không cảnh báo người dùng xác nhận ekyc trước mà vẫn để chuyển tiền vào xong khoá tiền họ đợi ekyc
4866317f-0725-493a-ae48-47641fc2e069,1,2025-10-24,7,,0,0,stability,1,"Vân tay máy bị hư r giờ nó dell cho đăng nhập vô tài khoản luôn, áp rác v"
e96338d7-3063-4f78-96c1-bb5c168ee520,2,2025-10-23,4,,0,0,,1,Sao hay bị out app quá
09e84eab-de78-498d-a9fe-69fcdc18e617,5,2025-10-23,4,,0,1,,1,❤️
6b593a24-821b-4ef1-be73-b94511135a4c,1,2025-10-23,4,,0,0,money|promo,1,"Tôi nạp tiền vào, xong để quên mất mấy tháng sau vào thì thấy trừ mỗi tháng 27,500đ phí hệ thống. Thà rằng có 100tr thì không kể, chứ có mỗi 100k nạp vào trừ 4 tháng hết mẹ tiền của khách hàng à?"
cb6077bd-bc36-4cc7-8b9f-7a4a46504ee7,1,2025-10-21,0,,0,0,,1,app như cc. bấm vào chữ mua để đặt lệnh rồi vẫn hiển thị bán làm cc gì. ngu vc
1a867528-068c-4d77-880a-b2f8a2baa9c8,3,2025-10-21,2,,0,0,stability,1,Lag quá
62204da9-b3b0-477f-862b-04703d1dd3bd,5,2025-10-18,0,,0,1,,1,ok
108d9abe-80de-49de-bdf8-df1c67aaddc7,4,2025-10-17,3,,0,0,,1,tôi thấy rất ổn và hợp lý
76faa957-1e5a-442b-a1a6-9ce3961e3e3e,1,2025-10-17,6,,0,0,fees,1,"chuyển tiền trên 1tr mất phí 3,3k. Lúc khớp lệnh trừ tiền luôn trên 1 lần, ko report cho là trừ phí gì."
d9b77d68-26f2-42ca-aeae-d51d9945bf96,3,2025-10-17,3,,0,0,,1,Có cái mật khẩu đã làm sinh trắc rồi mà động tí hết hạn bắt đặt lại thấy rất phiền
7743dcbf-00aa-4107-a950-efee83c3fff4,5,2025-10-17,0,,0,1,,1,ok
10ee9b1f-c473-46dd-ac64-8b84b0d9147e,3,2025-10-17,3,,0,0,,1,Rất tệ
85f5f304-c6e9-4589-acad-e6bbddfc8c34,5,2025-10-17,3,,0,1,,1,ok
283e3af7-80cb-40e2-a57a-21b7a46cfa92,2,2025-10-17,3,,0,0,,1,bớt cập nhật lại dung lượng lớn quá ko đủ
76e5eee4-f5fd-466e-8830-b7dbe7d16ea9,5,2025-10-17,2,,0,1,,1,OK
59710e60-d899-4147-b687-8116c48f0b74,5,2025-10-17,0,,0,1,,1,tốt
a6e75340-805e-4c85-88e6-e774f9a6c719,4,2025-10-17,14,,0,0,,1,"Tương đối, nhưng khi kiểm tra giá trị tài sản thì thao tác hơi nhiều bước, cần tinh giản lại để cho tiện hơn."
4af754e8-fdf6-4da8-8ee5-4cb15a12b59f,3,2025-10-17,1,,0,0,stability,1,chậm
ff2e9414-23d1-45fe-b98e-5ceb44f1b087,5,2025-10-17,0,,0,0,,1,so 1
b2fdadcc-7a94-4ba5-93af-1906d0f4cbce,1,2025-10-17,4,,0,0,onboarding,1,"không thể mở tài khoản. ấn vài nút mở tài khoản chỉ quay tròn, không hiện ra gì hết."
69060380-3099-49c7-a18f-cd3f34abf715,5,2025-10-16,1,,0,1,,1,tốt
6ccfdf54-9068-4fed-b2ad-e9aca124b77c,2,2025-10-16,5,,0,0,,1,ap tính tính tiền hết phiên atc nhảy đi nhảy lại. lúc thế này lúc thế kia. chắc có lẽ sang ssi thui
f189b025-4cc4-425c-8cf3-130f8ec59a9a,1,2025-10-14,23,,0,0,,1,"CTV làm phiền khách hàng, gọi quá nhiều sđt và nhiều lần."
5aeea0a9-b2fb-443d-8347-8d03597532ed,1,2025-10-14,7,,0,0,,1,6 tháng bắt đổi mật khẩu 1 lần rất là phiền nhé
147f5464-999f-40c4-9bb9-c1f328a0f84d,1,2025-10-08,1,,0,0,,1,"Rất rất tệ hại, pm yêu cầu cập nhật, cập nhật thì ko đc, cứ quoay vòng vòng, nhân viên thì gọi mời vô zoom ck rất nhiều như khủng bố"
2234e62b-0467-484a-8eec-766770fd0bbd,5,2025-10-08,14,,0,0,,1,"dùng OK, giảm bớt cập nhật thì rất tốt"
74cd9f53-31a1-436e-a3c3-0c30e191e6d2,1,2025-10-08,1,,0,1,,1,kém
16bcaa93-9df8-42f7-9478-0819d014f065,5,2025-10-08,2,,0,1,,1,tốt
2b8ed5ac-080e-4d3d-b554-f873412f83ec,5,2025-10-08,0,,0,0,,1,Không mở được
05f24233-86f8-4dae-b480-b2daa8e0f495,3,2025-10-04,0,,0,0,,1,"nhập mk vs mã pin cũ mà cứ bảo k đúng, chả hiểu nổi"
bab637c6-fb6b-4b93-8921-075a54011802,1,2025-10-04,9,,0,0,,1,"Cứ gọi mời chơi phiền phức quá. Bao giờ cty phá sản t ăn mừng to hơn Tết. Mời chào không khác gì FE, cách vận hành của não ngắn!"
b39acd25-81c6-4ba5-b349-5c46fb692a9c,3,2025-10-02,3,,0,0,,1,Các chức năng trên app hoạt động chưa mượt mà như các app chứng khoán khác.
7de4ff93-e5bd-4ff4-a0f5-8fb5531aeed6,5,2025-09-30,2,,0,1,,1,OK
b3e8b3b6-716f-4273-80f2-f0352d5c9c71,1,2025-09-29,0,,0,0,,1,app như c**
95dd6a3d-da5f-46d2-9212-4095f1a9615a,1,2025-09-29,8,,0,0,stability,1,đội ngũ phát triển có đọc các comment của khách hàng không vậy ?? không khắc phục lỗi gì hay thấy đủ rồi không cần khách hàng nữa ..
cf311fa6-e9c1-4c7c-b89c-0f643d17b3a7,3,2025-09-24,3,,0,0,stability,1,Thấy toàn bảo trì
f07fc154-4239-49d7-8807-7c62045ad403,1,2025-09-23,5,,0,0,,1,Tài khoản đổi mật khẩu 6 tháng 1 lần nhưng cố tình trì hoãn không đổi được. Cố tình để khách hàng không thực hiện giao dịch mua bán gây tổn thất tài sản. Yêu cầu xem xét lại hệ thống và chất lượng dịch vụ.
08051e40-106c-4b3f-8495-17700887d318,1,2025-09-23,2,,0,0,money,1,"nạp tiền cũng rắc rối, chưa thấy app nào nạp tiền hơn app này. kém"
352a56cc-153e-4ec2-929f-1f905293e00f,2,2025-09-22,2,,0,0,stability,1,ad xem lại chỉnh cài đặt cho androi. đt của mình sau khi ap cập nhật không hiển thị ô đăng nhập (đt redmi not 12)
831dc6d1-e16d-4fc4-a7a0-7014af652c7b,1,2025-09-22,0,,0,0,stability|fraud,1,"lúc muốn vào app để mua khi index giảm n khóa làm đơ app không cho vào để n gom hàng, công ty làm ăn lừa đảo, bố láo"
3ac5bd48-245b-412c-99a7-20718942cf89,1,2025-09-22,1,,0,0,money,1,quy trình nạp tiền rối rắm
3835d04c-e3d4-43f0-be6b-eecf5875f910,1,2025-09-22,4,,0,0,stability,1,Lag kinh khủng khiếp. Ai mà đang lỗ dùng app này chắc bỏ luôn luôn.
40a679bb-3472-4d81-bbb9-6e8ecd1c4b4e,3,2025-09-22,1,,0,0,stability,1,"Sáng nay 22/9/2025 có ai ko vào được màn hình đăng nhập ko nhỉ, tuần trước còn dùng bình thường mà nay ko vào đăng nhập được"
a5af7e88-d62a-4730-80ed-02750d843131,1,2025-09-22,0,,0,0,stability,1,tự nhiên app đơ ko đăng nhập được
95157610-5725-4dd8-9b65-39a6f0481831,1,2025-09-16,5,,0,0,stability,1,"không đăng nhập được, IT ngu vl, nhập thông tin có x thì nó tự động xóa những kí tự đã viết trước đấy, phải coppy paste tên tài khoản vào mới đăng nhập được. đuổi việc hết mấy thằng làm app đi"
b3aa670f-028e-41bc-aa63-ecd6a5cedb1f,1,2025-09-14,2,,0,0,fraud,1,"app rác, lừa đảo"
5065dd7c-8d3c-4c5f-afdb-3c8bd482f768,1,2025-09-12,2,,0,0,money|fraud,1,Chỉ có người ngu mà tham mới nạp tiền cho cái thằng làm app rác đào lửa này. Bảo sao kêu bị đào lửa :)))
1ee778e9-bbae-4ffb-b2bd-5724f8163f06,1,2025-09-10,1,,0,0,,1,Nhá máy môi giới làm phiền liên tục.
9a77bd99-1509-42fa-84ee-672c0bf9aefc,1,2025-09-09,3,,0,0,onboarding,1,"Ko biết bọn này mua tt ở đâu mà cứ gọi spam miết chặn số này nó lấy mấy số khác gọi mặc dù mình ko đk mở tk của bọn này bao h. H phải tải app về vote cho tml này 1* rồi xoá app, chứ ko bh dùng sản phẩm của bọn spam KH này được ."
730760b7-e557-4999-a87b-1587bc546ce1,1,2025-09-09,2,,0,0,,1,công ty chứng khoán tệ nhất gọi điện spam kinh khủng
ed0a1cf0-748a-46e6-8299-8f3d1b646431,1,2025-09-08,3,,0,0,,1,1 tuần 3 4 cuộc gọi làm phiền
67033e0f-958a-474f-b28f-a627c37d12b5,5,2025-09-08,0,,0,1,,1,ok
27b73ba2-ccf4-4493-a421-6dd759c9a09d,1,2025-09-07,4,,0,0,,1,"công ty gọi spam từ sáng tới chiều, ngày này qua ngày khác"
f5aabe7a-dcc3-4551-983f-eee9db5d73b4,5,2025-09-06,0,,0,1,,1,okay
c477e551-6b15-487f-b26c-fb8cf68fe868,1,2025-09-06,30,,0,0,stability,1,Bảo trì ko chuyển tiền được
d9fc6888-38f0-4519-ba1d-0fe44bca4f80,1,2025-09-04,0,,0,0,,1,lấy sdt của khách hàng gọi cả ngày lẫn đêm để tham khảo thị trường rất phiền và mất quyền riêng tư của khách hàng
02e81907-b1c9-4a17-bb6a-b9c8c9ba2438,1,2025-09-01,0,,0,0,onboarding,1,phí rẻ hơn vn direct nhưng mà bắt quét chip cccd khi đăng ký... có quét được đâu nên đành xoá tải vn direct về đăng ký rồi. bên app ssi cũng ko bắt quét chip như này. tự đẩy khách hàng đi thôi.
d4f3866e-ef6f-4b21-a90b-20defdc9416d,1,2025-08-31,3,,0,0,onboarding,1,yêu cầu NFC ở điện thoại gây khó cho việc mở tài khoản
a45c1bbe-8ce5-4748-a82f-a4b27f354f55,1,2025-08-30,5,,0,0,,1,quét chíp cccn k dc
0c98b08a-c955-48c2-9885-5563b960a135,1,2025-08-29,1,,0,0,promo,1,Gọi quảng cáo quá nhiều
ac9e77d9-ae76-4c8d-b64c-4ad28ee22857,1,2025-08-27,2,,0,0,stability,1,đăng nhập điện thoại khác xác nhận khuôn mặt toàn báo lỗi ngủ vcl
eab9e3af-3d9d-45b0-a17e-30f25ee81ad0,1,2025-08-27,2,,0,0,,1,"liên tục bị out ra ko lý do, app thế này thì đánh phái sinh kiểu gì?"
5739922f-8b80-4c6e-9aa2-e91dbf0506ac,4,2025-08-21,0,,0,0,,1,App bị bug tính năng bảo mật 2 lớp không tắt được.
1cbed74a-9fc1-4ab4-bf3a-2e2f3daae827,1,2025-08-21,2,,0,0,onboarding,1,Chụp CCCD rõ nét mà cứ kêu ko hợp lệ. Nẫu
21cb3775-59e6-45d5-849f-135bd4542032,1,2025-08-20,7,,0,0,stability,1,"rất hay đơ đầu phiên. nhất là trên androi ( đt ss cấu hình mạnh, mạng 5g). ko thể xem được thị trường, đề nghị cải thiện"
a9b92194-697a-40ff-93f3-31b1ac5a8f26,3,2025-08-19,3,,0,0,stability,1,"app sử dụng các tác vụ rất chậm . cảm giác đơ , vuốt không mượt mà. mong rằng đội ngũ phát triển app chạy mượt mà trơn tru hơn . trải nghiệm vào app và các tác vụ bị khựng đơ rất khó chịu . ( mặc dù mạng rất khỏe vào các app khác rất mượt mà, máy cũng khỏe)"
2b035339-2f00-4120-b6ba-98a80e35c921,1,2025-08-19,1,,0,0,,1,cập nhật mà chụp rõ lại bị app báo k rõ mất góc app ngu
356156f5-a169-4027-8b72-8468c59c0fda,1,2025-08-18,4,,0,0,onboarding,1,"không thể chụp ảnh cccd, cứ báo ảnh không rõ nét trong khi ảnh không có vấn đề. kỹ thuật app quá kém"
4b86176c-c8c1-49d3-bd5c-b8ff5d08a241,1,2025-08-18,2,,0,0,fees|ui,1,"giao diện sáng sủa, dễ nhìn, dễ sử dụng. Nhưng phí giao dịch khá cao 0.2, ssi 0.15"
beb5fd93-40fc-4902-883a-4c580d1bdbf6,4,2025-08-18,15,,0,0,onboarding,1,"sau khi cập nhật ngày 16/8, vào app báo cập nhật sinh trắc học, chụp cccd ảnh đúng rõ nét không che lấp gì vẫn cứ báo ảnh không dúng"
b4149916-57f4-447c-bd01-957ee1cedb2a,1,2025-08-13,1,,0,0,stability,1,"Tôi ở Nga, mấy ngày nay lúc thị trường đang sốt thì tôi không vào được tài khoản. IT ycau update app. Làm xong cũng ko vào đc. Chứng cần nhanh mà tôi thì lẹt đẹt. Quá chán!"
3135854d-a574-47e7-928c-2d8921a7ce32,1,2025-08-07,8,,0,0,,1,"Kêu update phiên bản nhưng vào CH play lại đang là bản mới nhất. App cố làm màu mè những thứ ko quan trọng. trong khi những vấn đề quan trọng như UI/UX thì quá tệ. màu của các thanh bar mờ tịt, nên để như nguyên bản của trading view"
11599944-f0e5-41f2-ae09-04a998ab0f04,1,2025-08-07,2,,0,0,onboarding,1,công ty lớn mà suốt ngày gọi điện làm phiền khách hàng suốt. mọi người đăng ký sđt và mở tài khoản giao dịch bên công ty vps này cẩn thận nó gọi điện làm phiền nha. mình chuyển qua giao dịch bên SSI rồi. bên SSI chẳng bao giờ gọi điện làm phiền mình dù chỉ 1 cuộc.
51d71737-338e-4dfe-8a6b-bdcde5d75736,1,2025-08-06,0,,0,0,onboarding|stability,1,"Cái cách quản lý thiết bị rắc rối, tài khoản nếu đăng nhập thiết bị lạ thì xác thực khuân mặt ok rồi. đằng này thiết bị tôi chỉ sét lại điện thoại. đăng nhập lại cũng báo là đăng nhập trên thiết bị lạ. vậy add cho hỏi thiết bị hỏng mất khả năng năng sử dụng thì làm sao đăng nhập. ngu vãi chưởng chẳng khác nào ứng dụng VNeid ngày trước cũng vậy. làm khó người dùng đồng nghĩa mất khách."
65580a36-f386-4fff-9e33-a2e5b9cd208b,1,2025-08-06,4,,0,0,,1,không biết mua data của KH ở đâu nhưng broker gọi quá nhiều. Rất phiền (Mình ko có tiền)
3c65266f-02d7-4788-b62a-ea3cc99b37b3,5,2025-08-04,2,,0,0,ui,1,giao diện tốt
4a45de75-5867-4448-a9d1-2d5217af488e,1,2025-07-30,11,,0,0,stability,1,"app quá nhiều lần không đăng nhập được, không đặt giá mua bán được, giá hiện khi nhập số lượng mua bán không update realtime. app cực kỳ tệ, đội ngũ IT nên nghỉ việc đi"
4a0bfffe-e77a-4917-bf83-4b115b02bcb8,1,2025-07-30,0,,0,0,,1,ngày lòn nào cũng gọi làm phiền
d134bd77-38a1-4beb-81e5-07467ebde265,5,2025-07-29,0,,0,1,,1,tốt
5914b177-5153-421c-9032-1c03354fd4c0,5,2025-07-27,3,,0,0,,1,tốt nhanh
419699d5-f51e-445c-a6e9-95c3ccebb1c5,1,2025-07-26,0,,0,0,,1,quá nhiều cuộc gọi làm phiền
9989afb5-81eb-417a-9e17-b763dbed478a,1,2025-07-24,8,,0,0,stability,1,"Không hề thân thiện với người dùng, tất cả những gì cần theo dõi sát như tình hình danh mục, tài sản, sổ lệnh đều không nằm trên màn hình chính. App thường xuyên lỗi, không đăng nhập được ngoài giờ hành chính và cuối tuần. Giá vốn khác với giá khớp đã đặt mua đối với cp mua lần đầu"
e08a8168-93a2-41b7-8a16-6e639e96d1de,5,2025-07-21,1,,0,1,,1,ok
68a30a9e-b66a-4e04-9a75-1b682428b2ea,3,2025-07-20,2,,0,0,ui,1,Thời nào rồi mà vẫn không có giao diện tối
312d7c15-d952-41a4-aab6-99de35e23f0a,5,2025-07-18,2,,0,0,,1,good. giờ chơi chứng thật dễ dàng . qua app có thể mua số lượng theo lô lẻ ít nhất 1 cổ
7e51e89d-3019-4128-ba80-fe1ea2b7fd95,1,2025-07-18,0,,0,0,ui,1,"Vãi quả giao diện đã chọn BÁN rồi mà khung nhập số lượng lại có thêm nút MUA, làm NĐT dễ ấn nhầm MUA mặc dù trước đó đã chọn BÁN"
3137e041-c4ae-4519-93d4-293658823d2b,1,2025-07-18,6,,0,0,fees,1,"app lỏ quá. ko có dark mode, rối rắm khó xài và phí cao. thua MBS"
830221f9-244a-480d-aa12-02582f224ee1,5,2025-07-17,2,,0,0,,1,Tuyệt vời
83a2a2b0-4200-402b-8a26-9916407615b6,1,2025-07-17,2,,0,0,stability,1,giao dịch chậm nạp rút rõ lắm bước sàn nên học hỏi entrade x nhá
28708863-757c-42d3-abad-3ca19202d3e6,3,2025-07-09,5,,0,0,,1,"không có dark mode, bảng giá mục giao dịch ko cập nhật giá khớp tức thì trên sàn, phải vào chi tiết cổ phiếu mới xem được."
ed96f3ac-80b2-408b-872e-4c02f638108f,1,2025-07-09,8,,0,0,onboarding,1,được giới thiệu định đăng ký mà thấy mọi người đánh giá mà hoảng ko dám nữa bỏ cả đống tiền vào mà .ap kém vậy thì ko dám
595bb3a9-c851-44eb-a4e6-392dbcd17ce1,5,2025-07-06,4,,0,1,,1,good
19fd95b0-674d-4e9e-b4d6-36c67326b44a,5,2025-07-01,0,,0,1,,1,ok
36c2e398-5e36-49c5-b6c0-2fdb0076190e,5,2025-06-30,3,,0,1,,1,ok
15dfa999-247b-4fc5-96dd-c375943f80da,1,2025-06-25,26,,0,0,,1,"Quá nhiều chi phí so với ứng dụng chứng khoán khác .Chẳng hiểu sao lại thu phí hệ thống cứ 27,500 đồng một tháng rất là thiệt cho nhà đầu tư .Khuyên mọi người nên dùng ứng dụng chứng khoán khác vì chi phí ở ứn dụng này rất là cao.Thu những khoản rất vô lý !!!!!!"
e1759a37-7c58-4cd9-90a3-73c39a5e8506,5,2025-06-20,17,,0,0,onboarding,1,"Smart này đần quá, reset cái đt về mặc định cài lại đòi smart OTP, và không có otp về sms luôn."
b867c3a2-f9f0-4549-8713-d76da828ca0b,5,2025-06-13,11,,0,0,,1,"Mình thấy app đầu tư khác có một mục khá nhân văn, đó là họ có một mục để khai thông tin ""người liên hệ thứ 2"" khi có sự cố ngoài ý muốn với chủ tài khoản, thì vẫn có cơ sở để người nhà tiếp tục nhận lại tài sản. Nó như 1 loại bảo hiểm với tài sản của mình khi có sự cố ngoài ý muốn xảy ra. Hy vọng góp ý này dc lắng nghe, và sẽ sớm thấy một mục tương tự trên app của VPS."
d7affd8f-18e6-42a1-9220-adb698669fff,1,2025-06-11,0,,0,0,money|ui,1,App rất ngu. Giao diện khó sử dụng Cách xắp xếp các chức năng và vị trí hiển thị câc chức năng rất thiếu khoa học và logic Chỉ nhăm vào việc bòn rút tiền khách hàng từ các loại phí dịch vụ Nói chung nên học TCBS
730c096d-293d-4746-9cb0-234201746596,1,2025-06-11,7,,0,0,stability,1,lỗi không đăng nhập được là sao
8bd0f795-ed42-4286-aad7-3efaabc219c0,1,2025-06-11,10,,0,0,money,1,không cho rút tiền dù đã cài đặt hạn mức
765ef456-2451-44ee-804a-40d980b25080,1,2025-06-09,5,,0,0,,1,tạo tài khoảng mãi kh đc
72a72c60-b017-4136-a4fc-fc3fc0da7f36,1,2025-06-07,2,,0,0,,1,cứ cuối tuần là không rút được tiền. bực cả mình
82add9fc-6285-4344-9d1a-a4701a13b356,2,2025-06-06,3,,0,0,promo,1,cảm thấy hơi bực mình vì app. Quảng cáo xuất hiện miết. đang theo dõi đặt lệnh mà quảng cáo xuất hiện thiệt không hiểu nổi. 😡😡😡
cd9a6847-84b3-4ca5-b237-c377fa55ca77,1,2025-06-01,6,,0,1,,1,tệ
8339d9c2-7376-40e5-8688-2f65bb41c327,4,2025-06-01,13,,0,0,stability,1,cuối tuần ko đăng nhập được. cuối tuần hệ thống ko làm việc thì phải 😅
54001cc3-cbb8-401a-a180-87e588917ec4,3,2025-05-30,4,,0,0,onboarding,1,"app ngày càng tệ, xác thực otp đúng vẫn báo sai. đổi otp liên tục vào đc rồi lần sau vào lại báo sai. nhập otp cũ vào đc rồi 2s sau cũng báo sai. cùi bắp"
1a0ad310-f0e4-4a10-be64-6c73222a0a7c,1,2025-05-30,0,,0,1,,1,đc
0e82cbf9-1cbd-4cf1-ad33-a3999d819371,1,2025-05-23,3,,0,0,onboarding,1,ko xác thực được toàn báo đang bận
cbed3c95-e8ce-446f-ba1c-6ec1be27602b,1,2025-05-23,0,,0,0,onboarding,1,Xác thực KYC online về cơ bản không hoạt động
b8c8bdef-70cf-4834-a279-6e4c09173953,1,2025-05-22,2,,0,0,stability|money|fraud,1,ko giao dịch đặt lệch được đơ lác. ko biết có rút tiền được ko.sợ lừa đảo
83fad6ba-0bfb-4f88-a923-f064609739c8,1,2025-05-21,22,,0,0,money,1,"App lờ, bắt buộc khách hàng cập nhật 1 tháng 1 lần. Nạp tiền vào thì dễ, rút ra cực kỳ khó, nó hành cho ra bả. Anh em tránh xa công ty này"
39cfb346-14a6-478d-b471-6e42689178d5,4,2025-05-21,5,,0,0,ui,1,yêu cầu có cái giao diện Dark Mode
78ea1ba7-00d4-4d2c-a655-fe233d48e62d,1,2025-05-20,7,,0,0,onboarding,1,"Xác thực eKYC quá khó khăn. Trong khi tạo tài khoản vps chụp căn cước rồi , tải app kyc lại bắt chụp choẹt nữa mãi không xác thực được."
7d64462a-af8d-42a0-87a9-3c9189d028eb,2,2025-05-20,4,,0,0,,1,Liên quan đến tiền của khách hàng mà app làm rất không tốt. Thông tin data hiện thị thập chí không có. Biến động thị trường mỗi ngày đều có nhưng không hề có data đối chiếu
5c49a16e-2426-433a-902c-57fa06397de3,1,2025-05-20,11,,0,0,fraud,1,TÔI không biết công ty ck & các doanh nghiệp đội lái có cấu kết với nhau hay không tôi vào TTCK từ năm 2000 cho tới giờ là 5 năm và tôi tìm hiểu hơn 100 người trong đó có anh em ruột thịt bạn bè và người thân họ đều mất hết tan gia bại sản trong đó người mất ít nhất hơn 1 tỷ người mất nhiều cả chục tỷ chính tôi là người đã bán đi 2 căn nhà và nhiều tài sản để đầu tư và giờ cũng trắng tay và mang theo khoản nợ hơn 2 tỷ nữa giờ nói tới ck là mọi người đều nghĩ tới hai từ (lừa bịp)chứ đầu tư gì .
7e20e922-87c9-4bd3-9bbd-928ff9a8db9b,5,2025-05-19,2,,0,1,,1,good
e0b53b45-9905-41ad-a153-e850c629cfa9,1,2025-05-18,0,,0,0,onboarding,1,như cc đăng ký ko được
c9cd3338-5516-4649-807a-af5e8725b012,3,2025-05-15,1,,0,0,stability,1,hệ thống có lúc lỗi không đặt lệnh chờ được
4b7ed315-6d21-403f-81a4-90fe4d27eca6,5,2025-05-15,2,,0,1,,1,ok
06ebb3d6-eaf2-4131-9978-0348cc77a539,5,2025-05-15,0,,0,0,,1,rất tốt
41764b51-c014-44d7-8af5-78588250518b,5,2025-05-15,2,,0,1,,1,Tuyệt
18bbd8e5-89ea-4d34-9948-6b5e49a5b242,1,2025-05-15,5,,0,0,,1,phí quá cao so với số tiền. thôi tạm biệt sau 4 năm
dffea6fb-d248-4820-b9c1-bcf4df593faf,5,2025-05-15,5,,0,0,,1,Không tốt lắm
4685b31c-ee99-487a-9a94-64016b5ec992,1,2025-05-13,4,,0,0,onboarding,1,"ko thể xác thực cccd, thử 2 chục lần r đều báo ko đủ xác thực. ngay từ đầu lập acc đã bị báo trùng cccd, phải mail để mở tk r, xong còn ko xác thực đc, độc được cái đông broker thôi, còn lại ko đc cái điểm nào"
c20969e2-2bf3-4772-830d-aca982dc71a0,1,2025-05-13,3,,0,0,money,1,nạp tiền rất khó . tổng đài hỗ trợ không thân thiện
14a05b27-4da9-4979-a74f-255c2ce6b52d,1,2025-05-13,6,,0,0,,1,vps trừ tiền vô tội vạ
62ffde56-ced1-4c8f-a1e5-7004bd5ef6f8,1,2025-05-13,9,,0,0,stability,1,App vps đợt này lỗi liên tục. Toàn bị treo ko giao dịch được. Đến ngày hôm sau mới tự động thoát treo. Xong rồi cứ lặp đi lặp lại. Nhất là khi vào app xong để đấy đọc báo hay làm gì khác. Một lúc vào app đang mở thì bị treo.
8fcdd593-450c-49be-9a19-848fdc86c666,1,2025-05-13,3,,0,0,,1,"phiên bản mới cập nhật kém hơn trước. trước đây theo dõi các mã trên danh mục tìm kiếm đơn giản, xêpa theo hàng dọc, thể hiện màu sắc luôn có khi không phải mở ra. trước đây có thể vào phần thị trường có thể theo dõi xem tất cả các nghành cả mã để có thể lựa chọn đầu tư dễ dàng. nhưng bây giờ khó có thể tlxem đc tất cả các mã hay so sánh đc. quá chán muốn chuyển áp khác. cho 1 sao vậy."
956629af-afc0-463b-85c4-61537380444d,1,2025-05-12,3,,0,0,,1,"App quá lõm, chứng thực khuôn mặt mấy cũng ko thành công"
ac01a072-b2d0-4c16-a8a1-14a648f789b9,5,2025-05-12,3,,0,1,,1,ok
6e535457-f5ab-4629-824c-08220a14745a,1,2025-05-11,3,,0,0,stability,1,tôi đăng nhập mấy lần nhưng điều thất bại?
8fa5acbd-f34f-49fb-b0d5-e1d2a038f62b,1,2025-05-11,0,,0,0,,1,"app chứng khoán nhìn chẳng khoa học gì cả, không thống kê được tổng lãi lỗ. Bỏ VPS vì cái app :v"
588bb315-df90-4a10-be98-12d589c38753,1,2025-05-10,5,,0,1,,1,chán
a358ecdc-ed33-45a7-84ac-fec1087bf12e,1,2025-05-09,5,,0,0,onboarding,1,"đổi qua app khác mà xài,smart otp ngu bỏ mịa"
b7ad122e-e608-4936-9a22-323a36ebac52,2,2025-05-07,1,,0,0,,1,"ứng dụng rất chán, tần suất cập nhập quá nhiều"
b68a966d-2751-4f94-b6e8-3d3bb1c7ef76,1,2025-05-06,33,,0,0,,1,"app này thanh công cụ xem thị trường ở cuối màn hình chỉ thấy khi mới mở app. Nếu vào cổ phiếu thao tác rồi ra xem là ko còn nữa, ko tìm thấy ở đâu luôn."
1135a1ea-ebd1-4529-9476-c7c40933fa7b,1,2025-05-05,4,,0,0,stability,1,"Trung bình chưa tới 1 tháng bắt cập nhật, không cập nhật không cho đăng nhập, quá mệt mỏi"
74f4cf6a-5eeb-4cc5-8446-085fa49f03cf,5,2025-05-05,0,,0,0,,1,binh thương
cec8e4e6-175f-42e0-bc03-d6ec37e70725,1,2025-05-05,1,,0,0,stability,1,"cứ mỗi lần cập nhật là app bị lỗi, không đăng nhập được. ""không lấy được thông tin tài khoản"""
37e2f9fa-6e5a-4e0f-9e84-8fe1a071b2c4,1,2025-05-05,4,,0,0,ui,1,"đổi giao diện quá khó sử dụng, thất vọng với 1 công ty lớn như này"
8e71ce13-be2a-4c42-87b6-24801d71800f,5,2025-05-05,4,,0,0,,1,cũng được theo ý mình
35827c21-a169-40b0-8931-ba61b3dd4b67,5,2025-05-05,2,,0,1,,1,OK
f1a0c045-ce11-4be8-9088-c85283ae5d19,1,2025-05-04,4,,0,0,stability,1,sao hiện tại ko đăng nhập được. báo lỗi ko tìm thấy máy chủ hoặc kiểm tra kết nối mạng vậy
247523b3-39fc-4db9-a10d-1a1a26f04bb4,1,2025-05-04,10,,0,0,ui,1,"Ứng dụng rối mắt, ko hiểu thằng nào thiết kế đc,"
6a073230-2a21-4d31-9f17-3819ab8ee253,1,2025-05-03,6,,0,0,,1,quá tệ về trải nghiệm. không bao giờ quay lại sử dụng VPS.
9763b9c1-b511-4f6a-ba73-6e8a82d0a440,5,2025-05-02,0,,0,1,,1,ok
6b68a26f-0262-4e7c-b74b-7f644368192e,1,2025-04-28,8,,0,0,onboarding,1,"thỉnh thoảng bắt sử dụng smart otp nhg khi làm theo hướng dẫn thì ko có mã otp trả về, rất khó chịu"
3cab87f5-9e4e-494b-8666-beb257bfe878,5,2025-04-26,9,,0,0,,1,"sao cứ lâu lâu lại bị đứng vậy, kiểm tra cật nhật lại ứng dụng giúp với"
66677acd-3aed-48d0-afaf-20655b66015b,1,2025-04-25,13,,0,0,onboarding|money|fraud,1,"Ứng dụng lừa đảo, nạp tiền vào rồi không cho xác thực để giao dịch , gọi tổng đài thì không được"
1395a704-babc-4e8c-a253-4b08ef5f7e79,1,2025-04-23,3,,0,1,,1,Tệ
87e6dd72-789e-4ee6-b4b5-7553fb3bd857,1,2025-04-22,7,,0,0,onboarding|money,1,nộp tiền rất nhanh rút tiền rất rườm rà . không xác thực được tài khoản không rút được tiền và sẽ có các bước khác là đi công chứng giấy tờ ở phường cơ quan rất rườm rà khả năng là không rút được tiền
9437ccaf-6a32-4e3c-8730-d745aa96c82a,1,2025-04-21,4,,0,0,ui,1,"thằng nào phát triển ứng dụng này ngu vãi, giao diện rối rắm khó nhìn, rất là tối"
85821c0c-4365-4b22-856d-5c1bd0262449,1,2025-04-18,4,,0,0,stability,1,"áp lỗi tệ không nâng cấp , chậm gd"
04898b36-b352-4d07-9e60-38055310120d,1,2025-04-17,4,,0,0,money,1,app tệ lắm. ko nạp tiền vào tài khoản được
47ba90be-0211-4086-96f3-b826d77ceb1c,1,2025-04-17,3,,0,0,onboarding,1,"app quá tệ, bước xác thực khuôn mặt làm 10 lần ko dc"
ddc8711f-a0b5-4e77-9cd8-acc34176ea1b,4,2025-04-16,0,,0,1,,1,tot
5c4f35b7-1b9f-4524-9286-eb928672cf36,1,2025-04-14,5,,0,0,stability,1,lướt cố phiếu 10 lần thì đơ không vuốt được đến 8-9 lần là phần mềm kiểu gì vậy. cài máy nào cũng bị là lỗi do phần mềm rồi chán ứng dụng.
09483832-e5e6-41ee-bf53-7e475af50cd6,1,2025-04-11,0,,0,0,stability,1,"app bik hak hả sao vào mãi ko dc, tt sôi động tí là app đơ rõ chán, qua ssi xài cho rồi"
747d34c3-4663-406e-a696-65b2eb0ada30,1,2025-04-11,0,,0,0,stability,1,đăng nhập lại sau 1 thời gian thiết bị cũ đã không sử dụng. giờ bắt đăng nhập lại cấp quyền cho thiết bị mới. viết app ngáo à
8b04c741-dfd0-441f-adc9-ff3881b757dc,1,2025-04-10,4,,0,0,stability,1,lỗi tùm lum tao đến ạ
05df7432-4461-4b15-82ae-f109a3e0c9e3,1,2025-04-10,3,,0,0,stability,1,Thêm cổ phiếu vào bookmark bị treo trên Samsung Galaxy S22. Nhờ đội ngũ phần mềm sửa giúp mình!
dd926cb9-032d-4c5b-936d-8ec75e9ad705,1,2025-04-10,0,,0,0,stability,1,Ai có ý định dùng thì bỏ đi nhé thường xuyên lỗi k giao dịch được k chuyển tiền được và đợi xử lý thì đến mùa quýt
f23e4c25-0714-4308-8efa-d596b6b48fad,1,2025-04-09,2,,0,0,stability,1,"app lỗi tùm lum, bấm lưu mã cp vào danh mục yêu thích thì đơ luôn"
ec29aa2f-a1dc-45b9-b258-613630907d08,1,2025-04-08,4,,0,0,,1,mn ko nên tải về rất nguy hiểm
96455cd1-0c70-4fbe-9e3f-f42ecb9ae7e5,1,2025-03-29,5,,0,0,,1,"sao đến cái giờ giao dịch thì app ko vào đc vz,giao dịch xong cx ko cập nhập"
525763d2-b00f-411e-800b-6122c4f3523c,5,2025-03-24,0,,0,0,,1,rất tốt
bfa9346d-c1a7-493c-80b4-1a766e792d4f,1,2025-03-20,7,,0,0,stability,1,"giao diênk giao dịch phái sinh tệ quá, lãi lỗ k tự cập nhật, phải tải lại liên tục, hủy lệnh hay sửa lệnh cực kỳ chậm"
59fa97a3-fc06-4d39-abcb-5db40a1ee08e,1,2025-03-16,5,,0,0,,1,Môi giới vps toàn là 1 lũ vô dụng
e1190c35-c180-434f-a4b6-0a2762e405df,5,2025-03-15,0,,0,1,,1,good
bf7f31eb-7e8a-478e-827b-920c59b28044,1,2025-03-15,3,,0,0,onboarding|money,1,"Xác thực ekyc lần thứ 5 ko thành thì phải nói rác app rồi, nạp vô được nhanh gọn nhưng rút tiền ra thì rườm ra. Tẩy chay sớm"
2fb4cb79-5860-460f-b402-c72e05a17b21,1,2025-03-15,0,,0,0,stability,1,Đăng nhập có cái nó điện hoài lùn bực mình đừng dại mn ơi
7f10f8bc-5dfb-4cd6-9f79-feec92893165,1,2025-03-13,0,,0,0,onboarding,1,"Ứng dụng chứng khoán ngu xuẩn, đổi máy dùng mà cứ báo sai mã OTP , đổi mã pin thành công rồi mã cứ báo sai mã pin otp, bảo mật ko thấy , thấy phiền phức vãi luôn ,"
d51424af-0a99-4cae-bc72-5ed48a40c38f,1,2025-03-12,6,,0,0,stability,1,App lỗi tùm lum....
1d406cce-600c-4502-9198-bdadad8989e4,5,2025-03-12,1,,0,0,stability,1,Thông tin hơi chậm so với thị trường mở cửa ATO
c1fd91fc-acb3-4e38-b0d9-8947d7ac4922,5,2025-03-11,0,,0,0,,1,Ok hài lòng
a9ff80a0-374c-405c-a98c-92726aac0b7f,1,2025-03-03,4,,0,0,onboarding,1,Phần đăng kí smart otp app rất tệ nhập mã gửi về mà cứ để sai
f2e9a7b3-c9c9-4327-a94b-e3c85fa706fe,1,2025-03-03,4,,0,0,,1,"Lén lén trừ sạch tiền người dùng app, thị trường đểu còn gặp con app đểu nữa dẹp luôn đi"
741d1911-578e-44e2-8bd2-912fc77ddcd3,1,2025-03-01,11,,0,0,onboarding|money,1,"Mình lỡ nạp tiền vào app khi chưa xác thực ekyc. Giờ app bắt xác thực, mà điện thoại mình không có nfc, mình đang ở nước ngoài không ra văn phòng xác thực được, mượn điện thoại người quen để làm thì app báo đang nâng cấp. Dịch vụ quá tệ. Khuyên mọi người không nên cài."
ab4481f7-8f50-4c54-8445-a953c0138847,2,2025-02-28,4,,0,0,stability,1,"Cập nhật lãi/lỗ cuối phiên rất chậm, kết phiên sau 15h45 một giá, sau 18h xem lại thì đổi sang giá khác😡"
c2ab7755-5293-4b34-b740-d8fcfb8d1c0d,1,2025-02-28,3,,0,0,onboarding,1,Không xác thực được eKYC
495ec83c-d03f-4337-910e-e91a4d0292c7,1,2025-02-26,4,,0,0,stability,1,Cập nhật xong là không vào được app. Bị văng ra ngoài không thể đăng nhập.
8239fec3-6e2e-440e-82a1-6866af0cea7a,5,2025-02-26,0,,0,0,,1,Qua ngon
646fe153-b475-491f-95a3-4b06aa72d961,2,2025-02-26,5,,0,0,stability,1,"Cần thông tin nhiều hơn trên app để tiện theo dõi việc giảm trong phiên. Cổ phiếu đang xanh, nhưng giá trị món đó vẫn lỗ nên hiển thị nó đỏ. Người dùng không theo dõi được trạng thái toàn bộ, muốn xem mã nào tăng giảm lại phải xem xem thông tin mã mới biết nó xanh hay đỏ Ngoài ra app cập nhật giá từng cổ rất chậm, kiểu không cập nhật luôn ấy. Giá trong xem thông tin khác với giá tại bảng tổng hợp. Update quá chậm gây ảnh hưởng đến quyết định của nhà đầu tư. Đề nghị gửi đến team kỹ thuật check."
07ed37cc-3150-4ccc-a500-24dedb221a48,5,2025-02-26,0,,0,0,stability,1,Đánh giá 5sao để ủng hộ app App thì rất uy tín oke đợt này cập nhật lên gd bị chậm không đc nhanh như trước phát 1 vào lệnh ... mong app sửa lỗi
76671680-717e-4b88-b2d2-3bbc98cf602c,3,2025-02-25,1,,0,0,,1,"Sao k thấy chỗ chỉnh lại ngôn ngữ tiếng Việt z, tự nhiên toàn tiếng anh"
e31dffb3-5572-4af2-862f-52ba3f91abd0,1,2025-02-25,4,,0,0,stability,1,Tệ. Thường xuyên lỗi không mở được ứng dụng
e4354e75-fae1-4728-8960-c7f89e36fce4,2,2025-02-24,5,,0,0,ui,1,"Giao diện rối rắm, khó dùng. Càng cải tiến càng tệ"
606bc077-4060-4bf6-92a9-a6b14cf98501,1,2025-02-24,5,,0,0,stability,1,"Update xong lỗi vào app toàn out ra, ứng dụng buộc dừng. Chán hẳn"
8e7ea247-b081-4b11-8d03-ad358cdbff73,3,2025-02-24,2,,0,0,stability,1,Vừa cập nhật xong không vào được app nữa.
42addf47-44c0-40c6-9b5b-29ff0b0b2697,1,2025-02-24,3,,0,0,onboarding|stability,1,Dùng oppo findx8 quét cccd app nào cũng được tới app này lỗi không quét nổi
0ab561c0-6b77-44ab-a57d-17730d06e327,1,2025-02-24,5,,0,0,,1,Update xong thì VPS bị crash. Không mở ứng dụng VPS lên được luôn.
be672142-67ab-4d3b-a0a0-b7b61c0901db,1,2025-02-24,0,,0,0,onboarding|stability|money,1,Ứng dụng lỗi. Nạp tiền vào không rút được. Xác thực thì văng app. Dịch vụ kém. Không giải quyết cho khách hàng. Phiền phức.
62066c29-3c1d-4268-92fe-9b9db74c37a3,1,2025-02-19,4,,0,0,stability,1,Quá chậm
e390a439-6efe-45d4-8ffe-144bb2718955,2,2025-02-18,3,,0,0,stability,1,"Fix lỗi khi đổi mật khẩu Smart One đi ạ. Đt nhận OPT nhưng nhập xong trên App, UI ko hiện bất cứ nút gì để thực hiện thao tác tiếp theo"
384681dc-d76b-4ce5-843b-6590bf87363f,5,2025-02-17,1,,0,0,ui,1,"Tot , giao diện đơn giản dễ sử dụng"
9cae4a8c-75e3-4b7e-aae9-796eaaf1c4cc,1,2025-02-16,16,,0,0,onboarding,1,Không xác thực được cccd. Công nghệ 5.0 đến nơi mà k có quét NFC của CCCD
da5d8e30-e2e3-4038-a8fd-9801435c7004,1,2025-02-14,12,,0,0,onboarding,1,Đuối hết mấy thằng dev app hộ. Chức năng xác thực chụp hình làm mãi ₫ éo xong
7bb4a48f-79d4-4133-beea-9f548794ed8a,1,2025-02-14,0,,0,0,ui,1,Tôi chưa bao giờ đánh giá 1 sao cho bất kì cái app nào. Nhưng giờ gặp cái app này phải phá lệ 1 lần. Giao diện mới cực khó xài. Giờ bán xong k biết lời lỗ như thế nào luôn :)
8cc87f79-f7aa-4deb-8a14-5e87145fb38f,5,2025-02-13,4,,0,0,,1,Tốt hơn rồi
700f74bb-fc46-4bc4-aa6e-292b4d6b184c,1,2025-02-13,8,,0,0,onboarding,1,Cccd có chip mà cứ thông báo(cần sử dụng cccd có chip)cập nhật mãi không được.
7e825987-c85e-4acf-b1bf-0df8510177f6,2,2025-02-10,5,,0,0,stability,1,"Ứng dụng hay gặp lỗi đơ khi giao dịch, buộc phải đăng nhập lại, rất mất thời gian"
00f383b5-0271-4bea-84b2-344ca972b6ae,2,2025-02-06,6,,0,0,stability|ui,1,"App lag, chậm. Giao diện khó dùng"
156a87fe-aac8-49b0-9a89-8ceeb3551772,1,2025-02-06,0,,0,0,onboarding,1,Không cập nhập được cccd gắn chip
99a34c20-7e65-4476-93fe-3d9e7db9a6dd,1,2025-02-02,13,,0,0,onboarding,1,Không nhận diện được CCCD gắn chip nữa thì quá ngu
3ea4c677-a93b-40a8-b37b-057c0be122b1,1,2025-01-26,0,,0,0,money,1,Nạp tiền từ sáng tới chiều không nhảy số không phải không có tiền mà thử Nạp 10000 xem thế nào tk trừ rồi mà áp vẫn là không thế này thì ai mà dám tin Nạp số tiền lớn mà chơi .
14bbb573-3dbd-4195-afc8-7c8c7eb9fbb2,1,2025-01-21,0,,0,0,ui,1,"Update phiên bản khó nhìn, khó dùng, gây ức chế! Ko đáng cả 1 sao Vào dùng mà tức ko chịu được, phải vào đánh giá"
2c185eb6-9c0e-4dd8-9d04-575c7d062a5b,1,2025-01-17,1,,0,0,ui,1,"Cập nhật lùi so vs bản củ. Quay lại giao diện cũ dùm, ai đang xem xét dùng app này thì mình khuyên k nên, dùng nhà khác đi"
6a9aaebe-d45b-468a-917a-c80c73eae05a,5,2025-01-17,4,,0,1,,1,tot
58754832-6b21-462a-bfa9-e13e0f7877d7,1,2025-01-10,0,,0,0,,1,"Quét gương mặt rất đần, VPS sắp tới không có thêm khách thì nên tuyển đội IT mới."
6bcab6bd-43b0-448f-9d40-b24435efae47,1,2025-01-09,18,,0,0,,1,"cập nhật xong có cái chức năng tự động xoay ngu bà cố, có phải bảng điện đâu mà cứ xoay ngang làm cái qq chi ko biết,chỗ xem thị trường với cổ phiếu lại tách riêng ra, lúc quay lại chỗ cổ phiếu thì nút nhấn cổ phiếu lì nhấn nhiều lần mới ăn,phần trang danh mục thì ko chịu để cố định, cứ kéo lên xuống bực hết cả mình"
e41189b0-83b3-46a4-8aea-7d5e0c669980,1,2025-01-07,17,,0,0,onboarding,1,"App không cho cập nhật CCCD thì giao dịch kiểu gì, web thì không cho vào cập nhật."
f0a6d897-cb68-49eb-9a8e-f1dd54e84311,2,2025-01-05,5,,0,0,,1,Thấy đổi các trang không có sự sáng tạo bài cũ còn ý ngĩa hơn
04a9591b-1d64-4d36-ab5d-057bed84540d,3,2025-01-03,6,,0,0,,1,"Bản cập nhật này ,k thể hiện % lãi lỗ tổng danh mục.chỉ thể hiện số tiền ,nên cập nhật lại như bản cũ"
b51ac879-e472-466f-989d-8a44a9f49496,1,2024-12-31,0,,0,0,,1,App ngu nhất trong các cty chứng khoán tại Việt Nam
fbc34a2c-e1c8-4ff9-87a6-a504cbf54567,5,2024-12-27,0,,0,1,,1,Tốt
e7df394f-2e62-4c29-9229-133dcaa4e356,1,2024-12-27,2,,0,0,,1,Rối cả mắt. Cố gắng nhồi nhét linh tinh vào
261c32c6-21b4-401a-a444-498d28cb1040,1,2024-12-27,13,,0,0,ui,1,Từ lúc đổi giao diện mới mua bán 2 nút mua và bán 2 bên thì liên tục bấm nhầm lệnh bán thành lệnh mua. Đề nghị bán là bán mua là mua. Không để 2 nút như vậy.
3c3d3ee3-fd75-4db6-9d50-ad30fb34a93b,5,2024-12-27,0,,0,0,,1,Rat tot
926692a2-61cd-42ea-acdd-b6ed416f9791,1,2024-12-27,11,,0,0,,1,"Cập nhật mới này khó Sài hơn bản cũ, phần nhập số liệu mua bán bị che mất phần phía trên vậy mà sau 2-3 tuần vẫn không thấy sửa lại, tệ"
e06f8674-aa63-454d-b962-62a89dde8a20,1,2024-12-25,11,,0,0,stability,1,"Chán như con gián !.. học tập app của SSI nhé. chậm, nhất là cửa lệnh. Ngoài ra cần: khi sửa lệnh mua bán cần thêm vài dòng miêu tả bước giá: kl, giá... đang diễn ra để kịp thời điều chỉnh"
5e64889f-a400-4740-8073-afbbd03b8f21,5,2024-12-25,1,,0,0,,1,Hài lòng
33e231d7-320d-4e2f-93f3-364b8009f6b4,1,2024-12-20,4,,0,0,stability,1,Cập nhật bị lỗi bấm vào nút mua hoặc bán là bị out ra
c3a2f3c7-f592-4bbe-b3c7-ad319c579b68,1,2024-12-20,0,,0,0,stability,1,Không thể đặt lệnh mua bán.khi vào đặt lệnh thì bị thoát ứng dụng và phải đăng nhập lại. Lúc trc vẫn dùng bình thường
c6957d8e-b0a1-4d7f-a734-7644a5ae9899,2,2024-12-20,4,,0,0,ui,1,"Càng cập nhật càng thấy giao diện phức tạp, khó nhìn. Nên đơn giản hóa."
c64cb582-6a00-4985-b3c5-50d2ca168042,1,2024-12-20,11,,0,0,,1,Ap như đầu boài. Mỗi lần thay đổi là các danh mục thay đổi chỗ loạn xạ. Mỗi lần phải làm quen lại từ đầu. Mẹ óc lợn nghĩ ra thay đổi này
c681e528-c974-4056-ba50-9ce352c4fd61,1,2024-12-19,9,,0,0,ui,1,"App thay đổi liên tục, càng đổi giao diện càng khó cho người dùng. Khi người dùng nhập số liệu vào app thì bị che mất 1 phần số nên không biết được mình nhập đúng không. Trong các lần thay đổi giao diện thì lần này thật tệ."
29068b3f-bc2d-407e-95d7-9ccb4c2a6025,1,2024-12-19,4,,0,0,stability|influencer,1,"App gì mà cứ báo lỗi máy chủ, kiểm tra kết nỗi mạng. Trong khi vẫn chạy youtube, và các ứng dụng khác bình thường .....????"
2769dc42-45e9-4751-9a4e-3d9ed5fa30b3,1,2024-12-19,0,,0,0,onboarding,1,"Cập nhập ngu vãi, cập nhập xong không xác minh CCCD được."
529d60cf-5c2a-4e94-aaa1-2c1ee23a1d53,1,2024-12-19,0,,0,0,,1,Từ ngày cập nhật phiên bản mới ấn vào mua cp thì toàn bị out ra ngoài màn hình
2d23f8b7-9047-41ec-83c7-e4ca21ad7f52,1,2024-12-19,6,,0,0,ui,1,"Thay đổi giao diện làm tôi trưởng app rác nên đã xoá, sợ app độc hại . Nguy hiểm. Ai đó cho tôi biết đây có phái app thật ko"
66150042-bf2d-41b1-94b8-b9cc1dc89b3c,4,2024-12-16,1,,0,0,,1,"Hình như ứng dụng bị nhiễm trojan, nó cứ tự tạo tệp trong máy tui. Cập nhật nhiều nặng máy quá"
9c321291-a1da-4b03-ac3f-d765fc6f322d,5,2024-12-16,0,,0,0,,1,Rất hài lòng
5c682029-4697-4b7b-a6f6-2eb8c58fccf8,1,2024-12-16,1,,0,0,,1,"đã thu 27500 mỗi tháng còn gài bảo hiểm 5000 mỗi tháng, hỗ trợ tệ, không nên dùng"
b45d9b0f-daad-4f29-a001-0e1a6504e67f,1,2024-12-16,5,,0,0,stability,1,Cập nhật phiên bản mới xong không đăng nhập được ngày 16/12/2024 đúng lúc cần đặt lệnh @@
46689a1d-ff03-452d-98ba-42c2963a2966,3,2024-12-16,1,,0,0,,1,Cập nhật hoài
48da3ba0-3412-4232-a93e-b31d44159f02,1,2024-12-16,12,,0,0,ui,1,"Cập nhật gì mà khó nhìn, gây rối mắt, loạn mắt cho chủ tk. Đây cũng là 1 chiêu thức có chủ đích của vps."
ecf3f5a5-a04f-4191-a55d-24003c30ab08,5,2024-12-16,0,,0,1,,1,Ok
d34b9390-455b-4c34-81c1-2a512864ff69,2,2024-12-16,2,,0,0,stability,1,Màu thì đc nhưng lỗi ps ko nhảy giá theo thì thua rồi
86ca9576-e490-4303-b011-db6a95728b68,5,2024-12-16,5,,0,0,,1,"Tôi dùng thấy rất tuyệt vời, dễ sử dụng, chữ to rõ ràng, tích hợp các chức năng tiện lợi, đầy đủ ko phải đóng mục này mở mục khác khi xem như phiên bản trước, xứng đáng 5 sao"
b3b92333-5cb1-40cc-8914-631e2fc95617,5,2024-12-16,0,,0,0,,1,Ngon lành
c9338648-8625-4810-9aa9-f692a609da22,4,2024-12-16,16,,0,0,ui,1,"Giao diện đẹp, thuận tiện hơn."
d61043c5-2aa6-4720-aab0-adcecac909b7,1,2024-12-16,8,,0,0,ui,1,App trước đã đần rồi. Cập nhật giao diện mới còn đần hơn.
a3db7f9c-e548-4adb-b2c7-7ceaf80ded2d,1,2024-12-16,7,,0,0,ui,1,"Vãi l, sau khi update từ màu đỏ sang tím ạ :))) không hiểu đã khảo sát người dùng chưa ? Đúng chói mắt luôn 👁, chưa kể thông tin khối ngoại ngay trong phiên mua / bán không thấy update Chart cũng xấu hơn , tiến hóa lùi à ? Pokemon nó còn tiến hóa lên cơ mà ? Ai update app này mà bên Directors chưa tống cổ đi à ?"
fb4f5ef2-61aa-4dc7-b144-3d9dd175b100,1,2024-12-16,1,,0,0,ui,1,Cái phần mềm gì càng câoj nhật càng khó nhìn. Để nguyên giao diện cũ k đc sao. Người ta đầu tư chứ phải chơi game đâu mà cứ đổi sợ nhạt à
0ee71a4c-09a2-4241-88c6-c991fe85028e,1,2024-12-16,8,,0,0,ui,1,cập nhật mới còn tệ hơn bản cũ về giao diện cũng update tình hình thị trường phái sinh... rất thất vọng
dc558d2f-3850-4f94-87f0-2dae437a0c8c,1,2024-12-15,4,,0,0,,1,Văng app?
0f55a6b5-9e9b-4075-9504-5c4484c09575,1,2024-12-15,6,,0,0,onboarding|stability,1,Đăng kí xong không đăng nhập được
c0159f56-9edc-4155-a774-352003d1a6d5,1,2024-12-15,9,,0,0,,1,Phần đặt lệnh mua bán hiện thị không đầy đủ. Rất tồi.
8b9b0ca8-8cd2-4817-b08c-3fb5cf0532a1,5,2024-12-15,1,,0,0,ui,1,"Bản cập nhật này rất tuyệt, màu phong thủy, giao diện dễ sử dụng, rất tiện lợi!"
9cb1c829-dfd3-4a86-b383-701b0ff820b1,5,2024-12-14,0,,0,1,,1,Oki
f0fba6fd-8063-4586-aeaa-f4634865343f,5,2024-12-14,0,,0,1,,1,Tốt
35da84b1-de73-44b0-be08-b89b54c418fa,1,2024-12-13,0,,0,0,fraud,1,Lừa đảo khóa tài khoản 13 tỷ vô lý trả tiền lại cho tao lên đến trụ sở chặn đuổi về t cho bọn m lên truyền thông lũ sv bọn m
cf41c6ca-02e0-43e1-a0ab-0fa79e2c95ec,1,2024-12-13,1,,0,0,onboarding,1,Xác thực toàn bi văng app ra
d77201ed-cbae-4dbe-ad6f-36f07391b9a6,1,2024-12-10,8,,0,0,,1,Tự đăng xuất. Chán
fa37aab2-9e69-4027-918e-074f239f20eb,1,2024-12-09,8,,0,0,onboarding|stability,1,"Đăng ký xong , không đăng nhập được"
0cc01732-3fcb-4b0e-9cf9-c7398cb97a19,1,2024-12-08,22,,0,0,onboarding,1,sửa ngay còn kịp k thì chuyển toàn bộ cổ phiếu 2 tỷ sang ssi. bắt xác thực nhưng k sửa phần mềm cho khách để chụp xác nhận cccd
a88afbb2-1880-49d5-bbb8-244209b0675d,1,2024-12-08,0,,0,0,,1,Đang dùng bị buộc đóng ứng dụng
a030756b-f421-461d-a14c-41d568e41c1e,2,2024-12-07,7,,0,0,,1,App chứng khoán mà không trực quan lắm. Nên học hỏi app ssi cho dễ sử dụng
f635a6a4-6d72-47b6-b551-1394ce7c82f6,1,2024-12-06,1,,0,0,stability,1,lag lắm. mạng khỏe cx lag
b6c60787-8daa-429d-86a2-2a0271ea066a,1,2024-12-06,7,,0,0,stability,1,Toàn lỗi văng app
97d45380-832e-4a4a-9721-51ff5a5d1386,1,2024-12-05,9,,0,0,stability,1,Lỗi tùm lum không cập nhật khuôn mặt được
49297964-f085-41c3-8731-87c907113e80,5,2024-12-05,1,,0,1,,1,Ok
875beda6-7e80-4c87-8db3-7a8fc879526e,1,2024-12-03,5,,0,0,onboarding,1,Đăng ký tài khoản được 1 ngày rồi vẫn chưa xác thực xong
63115b50-0a8b-4ea8-b077-02e3b8c41bbf,1,2024-12-02,15,,0,0,onboarding|stability,1,"App tệ, xác thực khuôn mặt lấy otp báo lỗi, ko bên trái, phải thì chính diện rồi ko cùng 1 người, mãi ko đăng nhập đc"
01a0c2a5-edcd-4009-a468-e3c6c9d4bb72,5,2024-11-29,0,,0,0,,1,Very Good.🎇🎆💥✍️💥
86648f28-987e-4579-b634-7b58e5a878f9,1,2024-11-29,5,,0,0,onboarding|stability,1,"App lỗi chụp ảnh cccd toàn bị lệch khung, chụp 10 lần ko đc khỏi mở tk luôn!"
30212ae0-aeb5-435f-96b1-57e851ff0977,1,2024-11-28,8,,0,0,onboarding,1,"Cty gì suốt ngày gọi spam, nhân viên tự ý sử dụng sdt khách để mở tk tự tạo doanh số"
4f27b72c-c607-4c14-adc8-b0a11b2f0023,1,2024-11-26,5,,0,0,onboarding,1,"app tồi, có cái otp cứ bắt đổi đi đổi lại phiền"
14fdf2bc-9282-4005-aae6-390b65c8439d,2,2024-11-26,0,,0,0,stability,1,Hay chậm và đơ
75ef5fe7-a2cc-4402-815c-00f20a19034f,1,2024-11-24,0,,0,0,,1,Quá tệ
273094c8-1637-46fc-80c2-c91cda14d67d,2,2024-11-24,3,,0,0,stability,1,Hay bị đơ
17d844d2-b6c7-4661-8c69-58b94e247d19,1,2024-11-22,5,,0,0,,1,Tính năng nhận diện khuôn mặt rất ngu
23cb2968-55e2-4d83-b7d1-d1f89adf4b59,5,2024-11-21,2,,0,1,,1,Tốt
937e38c7-0b9f-4c08-a966-b83174e7f936,1,2024-11-20,4,,0,0,,1,App tệ
b21b986e-c662-4afe-b6e6-73f9b25a45b9,1,2024-11-19,7,,0,0,onboarding,1,App zì chụp cccd 100 lần cũng ko dc
957c6ff3-ff04-431e-b133-68098798db68,1,2024-11-17,0,,0,0,onboarding,1,Bán thông tin người dùng. Đăng ký vừa xong liên tục nhận cuộc gọi mồi chài lớp học chứng khoán
5fe64d66-7d43-48bd-be62-9f2cd6519bc2,3,2024-11-17,2,,0,0,,1,Bị thu phí hàng tháng hơn 20k
63fdff30-5ad8-4887-9672-c809fef2228d,1,2024-11-16,6,,0,0,,1,Bắt đổi mk hoài nhưng o dc
ae2a6d75-4fff-4143-a71e-6e78b4512014,3,2024-11-13,0,,0,0,,1,w e xxem yêu cầu ù
c827b568-c9c3-4d95-ade7-128e2b56a2b3,1,2024-11-11,21,,0,0,,1,"App chán, bắt đổi mật khẩu liên tục lại không cho giống các lần trước. Đặc biệt là bắt thu phí 75k/tháng duy trì tài khoản quá là vô lý. Không thấy công ty chứng khoán nào tệ như này"
f91b9705-d38f-4202-b1b2-864dfe48a706,2,2024-11-11,5,,0,0,,1,Mở bảng giá lên thấy số và chữ đen thui app kiểu gì vậy. Cần khắc phục ngay...
7f66678c-48c7-4af6-bd48-0fa0bc492772,1,2024-11-07,9,,0,0,money,1,"App như khục cẳng, không chuyển tiền về tài khoản ngân hàng được, sau 1 tháng thì tự bị trừ tiền vô lý"
1f3337da-4aac-4834-a750-59e2dedf45b4,1,2024-11-06,4,,0,0,,1,Camera điện thoại chụp nét mà vô app cam mờ hẳn
ca75fbd2-badd-4392-a975-f2d842a9a419,1,2024-11-06,13,,0,0,onboarding,1,"Mới lập tài khoản xong, hết tháng sao kê app tự động đăng ký gói bảo hiểm rồi trừ phí??? Cho trừ phí đấy xem Rate 1 sao này đáng không nhé. Cắn trộm xem ngon không? 🥱🥱"
9d437455-8878-4730-966b-a85df181e1a4,1,2024-10-30,5,,0,0,,1,ko tắt dc 2 lớp quá bất tiện
0770cf55-b029-44d3-b4ec-5657380ed3e7,4,2024-10-28,2,,0,0,,1,Cũng được
2bb93cbc-8c87-4a32-b50f-3dafdfe3f4c5,1,2024-10-19,5,,0,0,,1,App cùi
a1fd0259-9ff3-4a8b-8974-bb332121e31c,1,2024-10-17,5,,0,0,,1,app chán thế.không đặt lệnh mua được được trước giờ
d84abf79-3310-49be-bdd0-d520f99c4665,1,2024-10-16,16,,0,0,onboarding,1,Smart OTP mà không có Smart gì hết. App như quần què.
21dea286-198e-4c3c-aeb6-4a5247cfa91c,5,2024-10-14,2,,0,1,,1,Ok
c7dc52e8-35e4-4afe-b61d-568d91ce18dc,5,2024-10-10,0,,0,1,,1,Ngon
7cd1ad75-8a5e-44c5-b69b-552ba64c1c90,1,2024-10-10,12,,0,0,,1,Quá tệ. Tôi không thể đổi cán bộ tư vấn. Công ty ép tôi sử dụng cán bộ tư vấn mà mình không thích và không được tư vấn gì xuất thời gian qua. Nên tôi đang rút dần tiền qua Công ty chứng khoán SSI.
bd5f834a-b929-461f-9d66-19a2bd3a2566,2,2024-10-07,5,,0,0,,1,Ko sử dụng đc vân tay khi cập nhật phần mêm andrio 12
f1c3a42c-1243-43ca-94e8-0e6ae23f9413,1,2024-10-06,4,,0,0,ui,1,Mình không thể cài đặt app trên Xiaomi Pad 6 vì không tương thích mặc dù app chỉ yêu cầu android 7 trở lên. Trên điện thoại thì không thể xem chart được :((
88aae9ea-f581-4a5f-8275-255a8b741ca4,5,2024-10-05,1,,0,1,,1,Tốt
89512271-8a3d-41c8-a9a5-bdf0260df6d8,1,2024-10-04,6,,0,0,onboarding,1,Phần chụp hình của app bị vơ hình ko cập nhật đc cccd
2b2d68c8-e056-4dce-903b-e47baded0d74,1,2024-10-03,7,,0,0,stability,1,"Trước giờ đăng nhập có 1 thiết bị lâu rồi không vô lại, này vô nó bảo đăng nhập bằng thiết bị lạ, app như quần què"
b8771953-3aab-4591-9e46-c3864cc47b35,1,2024-09-30,5,,0,0,,1,Gì mà bắt đổi mk hoài
a6014527-1297-480c-8935-3544c36d3fe5,1,2024-09-30,1,,0,0,stability,1,"Chưa từng thấy cái app nào mà củ chuối đến vậy, mẹ nó không cho đổi thiết bị gốc, mỗi làn đăng nhập thiết bị khác cần phải lôi điện thoại cũ ra vậy mà bảo smart cái quần què gì! Ngu bỏ mẹ"
01717ef5-a402-452e-89aa-5e8eed9e15be,1,2024-09-27,4,,0,0,,1,Tại sao trừ tiền liên tục của nhà đầu tư vậy
06947b29-d7af-4173-9077-68ab5ae16449,5,2024-09-26,0,,0,1,,1,Ok
1b038afd-9997-41de-b5b3-d0432644b6dd,1,2024-09-26,13,,0,0,onboarding,1,Làm ơn đừng rảnh cứ bắt KH cập nhật hoài. Có mỗi cái xác thực khuôn mặt 100 lần ko dc. App này xàm dở tệ. Đã mất điện thoại thì lấy đâu ra thiết bị cũ. Chỉ cần trả OTp về sdt cũ để ngta xác nhận là được. Quá mất thời gian
cc6cf1bf-db47-418c-a0e8-3013baa17db6,1,2024-09-24,2,,0,1,,1,Chán
c5c92540-b58f-45fa-91bb-e92c3fa34351,1,2024-09-23,6,,0,0,stability,1,"Đăng nhập trên thiết bị gốc còn báo thiết bị lạ, không đăng nhập được tài khoản vào app"
e1a23385-3e38-4a79-ac8d-03279ab19d1e,1,2024-09-20,2,,0,0,,1,Rủ rõ
3ff42c09-677d-4d61-88e3-7609229ca569,2,2024-09-20,3,,0,0,,1,"Đổi mật khẩu quá phiền phức, cái này không chịu, cái kia cũng không chịu, lại còn không được trùng 3 lần gần nhất, sao mà nhớ cho nổi. Quá phiền"
81a50ec3-5e79-4e99-863f-543e0af3519f,5,2024-09-15,2,,0,0,,1,Bảng điện hơi tệ. Toàn phải dùng app khác xem bảng.
d7b8260d-9641-41a2-8258-44edc572a3c1,2,2024-09-13,2,,0,0,,1,"Tải về nạp vô tiền vô được mà không cho rút, cần gọi 19006457 để mở chuyển tiền mà toàn ngoài giờ làm việc bộ định làm gì"
c817b36b-cba3-40f3-ba09-894a260062e2,2,2024-09-08,0,,0,0,,1,app quá nhiều bất tiện
da7ecc44-db7c-45a3-b505-fa88411f1e79,1,2024-09-06,8,,0,0,,1,"Sao giờ chuyển tiền vào tkck mà cũng bị trừ phí bảo an (??) là thế nào? Rồi sao nói các giao dịch khác mua bán ck ngoài giờ vẫn hoạt động bình thường, mà tôi chuyển tiền vào từ 9g tối đến giờ không thấy app báo tin hay cập nhật vậy?"
db3db1c8-e69f-4563-84a2-3d3a2ec0442d,5,2024-09-05,0,,0,0,,1,App ok
f8df61be-1892-4bfa-aaae-2341818067e7,1,2024-09-04,0,,0,0,,1,Phí đắc quá. Tháng nèo cũng trừ phí phát sinh dù ko có hoạt động nào. Ngày nào cũng trừ thật là vô dung
e12457b1-28b3-42ac-938f-2d4cdbb3b378,5,2024-09-03,0,,0,1,,1,Okie
7b579d0b-4fd3-4a40-99dd-ae3648968ffc,5,2024-08-31,0,,0,1,,1,Ok
f8a280d7-f72b-4e7d-90f1-91396ca0386e,1,2024-08-30,5,,0,0,onboarding|ui,1,"Thiết kế cái app ngu như lợn, xác thực khuôn mặt mãi không xong, phí các thứ cũng chẳng rẻ hơn cty khác bao nhiêu, khuyên mọi người đừng dùng"
8db004a1-8a99-4ecf-966e-6392284419d3,5,2024-08-28,0,,0,0,,1,Very good
d98b9976-77ed-42ed-9569-32189816b3b3,1,2024-08-27,0,,0,0,onboarding|stability,1,"App như điên, scan qr ra ngày cấp căn cước mà báo lỗi nhỏ hơn ngày trước. Qr quét ra gì thì là đúng. Để Debug như shiiiiit"
a34d6130-6619-4c45-a76a-e9eec4c20e9d,2,2024-08-26,4,,0,0,stability|money,1,vừa mới rút tiền được khi truy cập lại thì không vào được app thật thất vọng
292d7c90-0377-4bf0-bdb9-3ae5520ba489,5,2024-08-20,0,,0,1,,1,Ok
ce330e2b-5f98-40ed-bea4-96e650b2a611,1,2024-08-20,0,,0,0,onboarding|stability,1,"Add min lập trình đi học lại kiến thức, nên viết ứng dụng phải nghĩ đến phương án có thể sảy ra mà không gây khó khăn người dùng. Add nghĩ sao khi tôi vẫn dùng thiết bị cú, nhưng vẫn đòi hỏi xác thực trên thiết bị cú và huy thiết bị cú mới đăng nhập thiết bị mới. Trong khi tôi vẫn không thấy đổi thiết bị. Add nghĩ sao trường hợp này."
39ba9805-36da-45c8-a89f-4ca01f301a04,2,2024-08-14,2,,0,0,onboarding,1,Xác thực thông tin khó
16ae51de-79cb-4357-97e6-c82116c4f1cf,1,2024-08-14,6,,0,0,onboarding,1,App quá dở tệ. Xác thực khuôn mặt 3-40 lần không được.
2b365e06-447a-45ba-a4f4-fc7ef5403a49,1,2024-08-14,3,,0,0,,1,Ko cập nhật đuợc phiên bản
7c05cccf-9657-48ba-b457-b050304dacb9,4,2024-08-14,10,,0,0,onboarding,1,"Mở tk nhanh, nhưng Cho em hỏi mở tk vps online có cần nộp thêm hồ sơ bản giấy về văn phòng CTY ko ?"
bd1938cf-bacd-4ceb-abeb-20bb69c9523c,1,2024-08-13,11,,0,0,onboarding|stability,1,Mẹ xác minh thiết bị hợp lệ rồi đăng nhập ok rồi chốc vào lại bắt otp thiết bị cũ nữa. Ngu học. Cút cho nhanh
19b4e79d-9afb-4130-9c32-8d30fb8badb8,5,2024-08-13,1,,0,1,,1,Ok
ace1d623-db0d-4911-908d-25743624f9d5,1,2024-08-12,5,,0,0,onboarding|stability|money,1,"Tệ chưa từng thấy. Đăng nhập vào, đăng ký smart OTP .v.v. Thoát ra, đăng nhập lại đel được. May chưa nạp tiền."
b9a912ef-d1e9-4e6e-b0fe-048c970ae864,1,2024-08-12,3,,0,0,,1,"Tiên sư nó suốt ngày cập nhật chả ra gì cả, ko đáng 1 sao"
eddf9aa9-5e6c-4f44-8ee6-6e945aa67958,1,2024-08-12,4,,0,0,,1,Cải lùi. Không tự động nhẩy giá
da01723f-0d51-48c1-976b-09b70676ffd0,5,2024-08-12,1,,0,1,,1,Abc
605d269b-d4db-4d32-bb8d-e836b66fa0be,5,2024-08-12,0,,0,0,,1,Ok tốt
856b887d-c4a5-49d5-817d-be347a7c11ea,3,2024-08-12,1,,0,0,ui,1,"Ko hiểu sao cứ đôi tháng lại bắt cập nhật 1 lần, mà mỗi lần cập nhật là giao diện thay đổi rất khó dùng, rối mắt. Rồi mới quen đc 1 chút thì lại bắt cập nhật rất ức chế."
b75d8a42-25f6-45bc-b8ab-5934712fed3a,5,2024-08-11,1,,0,0,,1,Quá tuyệt vời
e9275884-b9bb-4e6b-9b63-c70b9b5692f8,1,2024-08-09,0,,0,0,,1,Cả năm t ko vào dc acc. Gọi lên tổng đài éo con nào bắt máy. Dẹp mẹ đi
4e25f54f-680e-413d-83e1-fa206aaae7cb,4,2024-08-09,4,,0,0,,1,"tính năng bảo mật 2 lớp trên app mobile không bật tắt được, mong admin chỉnh sửa"
9fd6dbe5-61b5-49fd-8aee-779ae5127ef2,5,2024-08-07,1,,0,0,,1,Rất tuyệt
4d094006-c924-4d0d-b8ab-a52ab27fb752,1,2024-08-05,0,,0,0,onboarding|stability,1,"App gì toàn lỗi. Đăng ký thì app nói là bạn đã có tài khoản. Đăng nhập vào tài khoản thì nói là tài khoản hoặc mật khẩu không đúng. Vào ""quên mật khẩu"" thì lại nói là tài khoản không hợp lệ. Muốn đuổi khách hàng nói thẳng 1 câu, hoặc không thì dẹp mẹ đi."
404f8fbb-99de-4f5d-aac0-865d00b37abb,3,2024-08-05,1,,0,0,stability,1,"Cập nhật giá thị trường khá chậm ở phần Danh mục cá nhân, thường xuyên phải load lại"
26335197-0be8-4c43-9949-c4211987bcb8,2,2024-08-03,4,,0,0,stability|ui,1,"Đề nghị cho phần biểu đồ và giá đặt lệnh vào cùng 1 màn hình như trước. Tách riêng như này chúng tôi k xem đc nhanh biến động giá cp. Lướt qua lướt lại xem rất mất thời gian, TT bình thường thì k sao khi biến động mạnh nó rất lag. Từ biểu đồ => chuyển qua tổng quan để đặt lệnh thì giá nó lại chạy mất rồi => tôi lại phải qua xem lại biểu đồ xem còn điểm mua hay k thực sự quá chán, nó lại còn bị lag giá nữa chứ. App quá chán"
f9084836-2a22-44dc-a8dd-b54040ebb498,1,2024-08-01,3,,0,0,,1,cập nhật lại rất khó xem
6eabf15d-6c36-4a95-84d2-fb11cf5dc751,5,2024-08-01,3,,0,0,,1,Trải nghiệm tốt
8a21f3ff-e637-461d-a400-8be770e71761,1,2024-07-31,6,,0,0,ui,1,"Càng cập nhật, càng đổi giao diện càng tệ nhé ạ."
4f2a9803-1733-4136-a2c6-f5ab5168bc55,1,2024-07-27,14,,0,0,onboarding|stability,1,"App quá tệ, có mỗi xác thực khuôn mặt để đk tk thì lỗi lên lỗi xuống mặc dù làm theo tất cả các yêu cầu, top1 thị phần ck mà cũng không làm được 1 cái app ra hồn"
25b91e9e-8eaa-4f57-8a59-5046d3fb8cd4,1,2024-07-24,5,,0,0,,1,Xác nhận khuân mặt quá tệ cần khắc phục
84691531-0f02-4f51-8217-faa2f3097b63,1,2024-07-24,10,,0,0,,1,App mới tệ quá. Cứ để app cũ thấy rất ổn.
45acc213-b65a-4cd9-9337-5899be78c0e3,2,2024-07-24,7,,0,0,,1,Cập nhật mới không zoom được. Rất khó theo dõi
bda601c3-e3f7-44eb-b44d-bd53d5ad5976,1,2024-07-23,8,,0,0,,1,Không hiểu vì sao cập nhật mới của app mà không được chi tiết bảng điện. Đó là lợi thế của vps trc đây. Giờ như này thì tệ quá
71fbf670-853c-46a5-87be-24cae7d2d504,5,2024-07-22,2,,0,0,,1,Tuyệt vời
44bfe5b0-ca95-4aa4-b624-4cfa098705f1,2,2024-07-20,2,,0,0,stability,1,Như trò đùa có đăng nhập được đâu
4f3b8cc7-2552-4ad8-8b64-d60a4b911077,1,2024-07-18,5,,0,0,,1,App như bùi . Ae đừng tải
aeb7fa1c-563b-4717-982f-e2f20c669341,1,2024-07-18,5,,0,0,onboarding,1,"Ứng dụng khốn nạn mẹ xác nhận ekyc lon me kich chụp cccd thì chữ có dấu? Thành dấu huyền chứ có dấu huyền thì lại mất không có,cuối cùng nói xác thực sai không khớp.mong các set xem lại tính năng nhận dạng nay dug cái"
096137d1-ff6c-4acf-b6d6-61da870d9b54,5,2024-07-17,0,,0,0,,1,Tuyệt vời
63e0670a-1111-4bd0-8848-31ace8a71e1f,1,2024-07-16,5,,0,0,money,1,Cần rút tiền về tài khoản thì lại tạm ngưng chuyển tiền. Lỡ bao nhiêu việc
6a8a4fb6-12cc-4233-810b-05255e6bb765,3,2024-07-16,0,,0,0,stability,1,"Khó quan sát danh mục cũng như thị trường, tải dữ liệu quá chậm"
d5038beb-2abd-4554-87dc-20079d3fddba,1,2024-07-16,5,,0,0,,1,Có nhân viên gọi điện đến cho tôi sau đó mời tôi tham gia vào 1 nhóm trên zalo.Tôi cx rất bình thường trả lời bạn ấy nhưng cuối cuộc gọi bạn ấy hỏi tôi sinh năm bn r sau đó k cho tôi tham gia vào bất cứ nhóm nào.thái độ như vậy là thực sự k tốt.Tôi k nghĩ rằng sau khi tôi cân nhắc rất lâu để lựa chọn một bên môi giới uy tín mà thái độ của nhân viên bên các bạn làm tôi suy nghĩ rất nhiều liệu rằng nếu tôi k lấy thông tin của con tôi thì làm sao biết đc lại có chuyện như vậy.Thất vọng về thái độ
19424bc0-cee6-49f0-8b90-dbc194696fc9,1,2024-07-16,6,,0,0,,1,Cần bảo mật thông tin khách hàng
1f9d2572-3099-4df7-8d55-091a01cf199d,3,2024-07-14,0,,0,0,stability,1,"Ứng dụng tệ, đăng nhập nhiều lần không được"
e767cd53-f179-4ae7-9850-cd54a3d20661,5,2024-07-13,0,,0,0,,1,Trải nghiệm tốt
a0ef5108-5b75-4a63-b31d-81ad3589ab70,3,2024-07-13,0,,0,0,,1,Trải nghiệm không tốt lắm.
23aa7cc4-68e9-4545-a4b4-70741b5e8572,1,2024-07-12,6,,0,0,onboarding|money,1,"Nạp tiền đến bước cuối nhập mã otp số điện thoại mà mãi nó ko gửi, trong khi đăng ký có 1 số đt"
032fb824-494c-4d6e-ab45-09269cfb42f9,1,2024-07-11,5,,0,0,onboarding|fees,1,Phí giao dịch cao nhưng tạm chấp nhận đc. Tuy nhiên cái bực nhất là vừa đăng ký TK bên VPS là ngay lập tức bị bán thông tin cho nhân viên mấy cty chứng khoán khác. Sau đó suốt ngay bị bọn telesales làm phiền. Mình đã ngưng và chuyển sang bên cty chứng khoán khác.
026c08f9-d3e8-4c5d-b9f0-204aca3ae164,1,2024-07-11,5,,0,0,fraud|ui,1,App như l. Ứng dụng giao diện mà chả hiện thì kl. Xong còn bán thông tin người dùng. Toàn bị bọn lừa đảo+ môi giới nó gọi
6cd6ee02-f2f4-4956-a65a-796c83b92510,5,2024-07-10,0,,0,1,,1,Tốt
a636da3b-06bd-4f83-b13d-ee9e0e53fa2b,1,2024-07-10,0,,0,0,,1,"App như c. Ăn gian chốt lời cắt lỗ, ăn gian khớp lệnh"
6d16066d-c1a9-423a-a65b-3d2ddff043cc,1,2024-07-08,9,,0,0,stability,1,Cập nhật xong và đăng nhập lại báo thiết bị lạ. Đề nghị sửa lỗi ngay
a50179c2-720a-4f68-ba9d-703d5ba9d7fa,5,2024-07-08,0,,0,0,,1,Ok ok
7cbed924-0882-4889-a57d-5161fb0af85b,4,2024-07-06,0,,0,0,,1,4 sao cố lên
1b6383e6-0c1b-4cf1-b3b9-2db537401ad5,5,2024-07-04,0,,0,1,,1,tốt
ccf89963-1892-476e-b26c-a934f4156f44,1,2024-07-03,15,,0,0,stability,1,cập nhật xong là ko biết check các mã ở đâu. Ad sửa lỗi giúp đi
ed3f6b02-1a1d-47d2-b5d1-ac36d7ef9bcc,4,2024-07-03,0,,0,0,,1,"$:-, 37v z: 8,,3,"
99a371d0-12a3-4e41-a73f-601b9c148a5e,5,2024-07-02,1,,0,0,,1,Quá hài lòng
af6c30d6-a45d-4007-8901-8413f4453c47,1,2024-07-01,4,,0,0,stability,1,"Cái phần đăng nhập TK, nói thật là tôi bất lực. Trải nghiệm không thể tệ hơn. App này còn không đáng 1 sao."
c1937f90-595c-4666-97c9-530165c2f3b4,1,2024-07-01,2,,0,0,,1,Aap như cc.ll.
42ca4f51-5405-436b-9655-aa8b88b3b2b8,2,2024-07-01,2,,0,0,stability,1,"Tí tí lại bắt đăng nhập, ko cập nhật thômg tin thị trg các mã ngoài danh mục"
bb4c5306-2477-4e7a-8d48-6ce91db2bee7,5,2024-07-01,0,,0,0,,1,Tiện ích
90531cc6-afaa-4bae-b3d7-9e518b9755ea,1,2024-07-01,8,,0,0,onboarding|stability,1,Sao đăng ký và đăng nhập trên cùng 1 thiết bị mà khi cập nhật lại aap lại thành thiết bị lạ cần xác thực các kiểu thì xác thực kiểu gì vậy trời hic
abf82df5-8ea3-45dc-9ad0-8cccd99a89a5,5,2024-07-01,0,,0,0,,1,Tuyệt vời
3b67d7a8-3e95-45db-883e-b340f925f3cc,1,2024-07-01,5,,0,0,stability,1,Cập nhật xong ko đăng nhập đc
a4d0187e-b549-4962-ba12-7754f307463f,5,2024-07-01,1,,0,0,,1,Rất tốt
c454c1d0-bcba-4c7c-981f-a7666b190797,1,2024-07-01,6,,0,0,stability,1,"Apple chậm, hay lỗi,rườm rà phiền phức và cực kỳ chật vật mỗi khi muốn đăng nhập Sáng bắt cập nhật phần mềm rồi xong không mở được nữa luôn. Quá tệ"
22e0e2ad-df01-476f-b5b0-e77d771eb699,5,2024-07-01,0,,0,1,,1,Ok
e33cc83c-8d08-4da9-aba0-7a19da388777,2,2024-07-01,6,,0,0,,1,Giờ giao dịch mà kiểu hệ thống đang khởi động tụi mày ngứa háng à. Cập nhật mất danh mục của tao rồi mía làm riết nản ko lẻ đổi mịa sang áp khác
041f8f51-bd74-4920-b59a-2e4191442c1c,5,2024-07-01,0,,0,1,,1,Ok
61c590c8-d950-45ab-8f20-bc69839908b9,3,2024-06-30,0,,0,0,,1,Ít tính năng
e1b81bf4-65e4-487d-9abd-220386f90b8b,1,2024-06-30,0,,0,0,,1,Rất chán
abb1454d-383e-476a-a32a-f2e6aecea180,1,2024-06-30,8,,0,0,stability,1,Cập nhật xong thì không vào được ứng dụng. Báo thiết bị lạ
d8efdcc0-d216-42e2-8675-6afd1c398bec,1,2024-06-30,22,,0,0,,1,"Mở cái tính năng yêu cầu truy cập trên thiết bị khác,khá phiền phức,thiết bị gốc đã mất,hư lâu rồi lấy đâu ra để xác nhận"
ffd6e5d3-dd31-4d6f-b072-5fd8c38cd48f,1,2024-06-29,1,,0,0,stability,1,App khỉ gì vô đăng nhập éo hiện cái bàn phím
832387e8-1cfa-49bc-9839-bdfc18974b10,5,2024-06-28,0,,0,0,,1,Dùng rất tốt
20ef32c5-453d-4f0f-bf76-732e55e858c3,1,2024-06-25,19,,0,0,promo,1,Lâu ngày ko vào thì thấy phí phải trả hơn 500k dù danh mục có 10tr :)))
1b6bd52f-06d8-417d-a7f2-252656d0dc2e,1,2024-06-25,3,,0,0,,1,"Nội các bước tạo khoản đã không tốt, nhận diện khuôn mặt cứ mãi ko được"
96b98f13-ee54-4588-8cee-cbb381c4a34e,4,2024-06-23,1,,0,0,stability,1,Đặt lệnh bị chậm
be823794-d862-4e7d-82e4-847e9515f0bb,1,2024-06-20,0,,0,0,stability,1,"Như ẻ. Đky không có chỗ nào biểu thị tỉnh/TP mà cứ báo lỗi, bắt điền. Quẹt."
5aeeec0f-21ad-46e6-a260-4810666484bb,3,2024-06-14,3,,0,0,stability,1,"App rất hay bị lỗi cũng như chậm khi không hiển thị chính xác giá cổ phiếu những giờ cao điểm, công cụ hỗ trợ kém như chưa hiển thị tự doanh hoặc giao dịch nước ngoài, muốn trở thành công ty chứng khoán số 1 việt nam thì công nghệ là yếu tố cốt lõi, cần tập trung nâng cao chất lượng app, nếu không sẽ mất rất nhiều thị phần như vnd!"
ed6c50a9-bb6f-48d8-9614-d1a13fa0f01c,1,2024-06-13,5,,0,0,,1,Ứng dụng không bằng ai . Chuyên lùa gà 🐔
da88d62f-20d2-4fec-bf0c-e39f7bb3d7e8,1,2024-06-12,1,,0,0,money,1,Bán cổ phiếu xong chờ tiền về cái mất tiêu luôn
42b2e0c4-4064-4070-a098-ccad4cbfdbf0,5,2024-06-11,0,,0,0,,1,Mình thích app này
34a62b40-252d-4bf0-a1f7-d7ee642ab3ac,1,2024-06-11,1,,0,0,onboarding|stability,1,Lảm app mà từ cái bước đăng ký đã lỗi đầy ra. Đ hiểu kiểu gì. Ngu
4ff92d1d-ebaf-4af2-ae27-88c650e8a542,1,2024-06-11,9,,0,0,fraud,1,Cảm giác như bị lừa gạt vậy. Ứng dụng sơ sài nguy hiểm
19cbaba9-b1c0-4f17-a194-2f21e9d6ebe4,1,2024-06-10,2,,0,0,,1,Tệ nhất trong các cty chứng khoán. Mọi người nên né ra
848c6173-2edc-4a02-a539-b91721ed3d35,1,2024-06-08,3,,0,0,onboarding,1,Không đăng kí được
ada73ba5-5702-442a-b25b-d0277bf5db28,5,2024-06-08,0,,0,0,,1,Tuyệt vời
2fc6f2cc-7644-4a4d-b1f7-e6419c89638d,5,2024-06-06,4,,0,0,,1,Rất OK
b5a09cc7-2f4c-4762-a16f-47f003570312,5,2024-06-05,3,,0,1,,1,Tốt
cb291240-3253-497b-beb5-5725c4b1ae2f,1,2024-06-03,1,loan_spam,0,0,,0,Vô KTIEN . VN nhận ngay 9 triệu hem
da5c76e2-ffb2-430d-a2a3-10b176aa66ba,1,2024-06-03,3,,0,0,,1,"Ứng dụng quá rối, nhiều tính năng ko cần thiết. Nhiều loại phí quá trời. Nhân viên gọi điện tư vấn đau hết cả đầu."
e1bce627-00cf-4d1a-ae88-a97c60b32aae,5,2024-06-01,0,,0,1,,1,Ủi
a82fa21b-b474-4037-a0a5-1140746eb486,1,2024-05-31,1,,0,0,,1,"App cướp tiền khách hàng vô tội vạ, broker ngu dốt phán láo. Gọi điện spam nhiều"
054610af-0a69-4267-9a31-5193dd384e7c,5,2024-05-29,0,,0,0,onboarding,1,Xác thực khuôn mặt như l gở m app đi
326a887c-5e6c-4454-8a9a-507dfc3110c7,3,2024-05-27,3,,0,0,onboarding|money|ui,1,"Nhiều chổ nền trắng mà chữ mờ rất khó đọc {như giao diện nạp tiền,thông tin thị trường), nhìn nhức cả mắt. Kiến nghị nên xem xét lại. Giảm 1*. Reset lại ĐT thì không nhận được mã OTP, bảo lấy mã OTP trên đt cũ, nhưng chỉ reset đt chứ có đổi đt đâu. Phải điện lên tổng đài cung cấp thông tin để lấy lại OTP."
3e3886cc-e68e-4369-b939-2af194932ea3,1,2024-05-26,0,,0,0,,1,Đặt tên kiểu gì cũng không được. Đúng là súc vật
4591c8e9-4ed6-4532-ad8d-08b78acbb238,5,2024-05-24,1,,0,1,,1,Tot
612670ce-2929-4809-9e5b-16bb77998773,1,2024-05-23,0,,0,0,onboarding,1,"mất máy, dùng sim chính chủ gọi bắt xác thực lên xác thực xuống"
b06ed7f9-8964-41cd-8588-ae46040c4fea,1,2024-05-22,8,,0,0,stability,1,"Bảo mật kém, Vẫn chưa fix lỗi chuyển tiền ra ngoài."
9f72cc14-8331-4bf5-a403-5868b604885c,5,2024-05-22,0,,0,0,,1,Ứng dụng quá xịn
57717358-a6f2-4744-ab70-41bf94f0e036,1,2024-05-22,0,,0,0,,1,Quá nhiều cuộc gọi môi giới
d2a8c7be-f36c-43d2-8cdc-deec0c35fa50,2,2024-05-21,2,,0,0,onboarding|stability,1,App lỗi nhập otp đúng mà cứ bảo sai bực mình
cf1b644e-b74a-4e40-9b90-4f56e479e146,1,2024-05-20,9,,0,0,onboarding,1,Rất bực khi đăng ký tk xong suốt ngày bị làm phiền bởi các công ty chứng khoán
d46354e7-5284-4647-bf6b-01d8fededb82,5,2024-05-20,3,,0,0,,1,Trải nghiệm tốt
0b5f1ad0-7d82-4150-8f32-f4c5252f77ad,5,2024-05-20,0,,0,1,,1,Tốt.
74c1ca91-9b20-4583-bd20-7c1f75e29382,1,2024-05-19,5,,0,0,onboarding|stability|money|fraud,1,"App như lừa đảo, sau khi chuyển tiền vào mới báo yêu cầu xác thực thêm, cả tuần vẫn báo lỗi k xác thực được, hệ thống đang xử lý ? H chuyển tiền vào k cho đặt lệnh, k cho rút tiền ??"
d0c14279-0823-4cdb-971d-b306b6831677,1,2024-05-17,2,,0,0,,1,Quá tệ
26add8dc-276e-4071-b118-dff32580a8aa,1,2024-05-16,3,,0,0,,1,App khó xài
2b410180-d3ca-4ab2-aabf-724df4af18f8,1,2024-05-15,3,,0,0,stability,1,Ap lỗi đặt lệnh xong treo luôn
24e3e9bf-d347-4bf0-b494-0b60e0592e27,5,2024-05-15,0,,0,1,,1,Ok
aac490ec-9461-46a5-8035-1e9118653697,1,2024-05-14,2,,0,0,onboarding|stability,1,2 Tuần rồi vẫn chưa xác thực được khuôn mặt App lỗi
a4c37a65-5dea-4209-af76-6e5f29fd3d54,1,2024-05-14,1,,0,0,fees,1,phí cao. rất hay trừ tiền linh tinh. mỗi tháng mất gần trăm nghìn tiền phí linh tinh. sang mbs giao dịch miễn phí ngon hơn.
36917235-ea7a-47a8-9384-fd9e426077ff,1,2024-05-14,41,,0,0,onboarding,1,"Đăng ký tài khoản song, bạn cho cả thế giới biết số điện thoại của tôi, làm phiền tôi. Khi tôi không yêu cầu trợ giúp thì các bạn không có quyền liên lạc với tôi."
c431e653-21aa-4aa2-9c43-71dd982cb8ca,1,2024-05-14,1,,0,0,,1,this app this so slow and stupid
6e162a6a-6238-433a-81cd-88ad03fedc4c,4,2024-05-14,5,,0,1,,1,Ok
38b386c6-90a1-4528-92f3-d0f7ac4d4549,5,2024-05-14,0,,0,0,,1,Đừng làm phiền khách hàng quá đươc không các bạn.các bạn chặn hoài làm lỡ giao dịch của chúng tôi.
c7fb1100-62f2-4d86-a249-d61efaccf21c,1,2024-05-14,0,,0,0,,1,"Đag gấp mua,bán mà cập nhật"
2fbe107c-42f9-4b65-a2d9-41ccbc5c6763,1,2024-05-14,2,,0,0,,1,Xuất ngày cập nhật. Tuần cập nhật 1 lần.
7f780a78-220b-461d-b83c-dceab5c88378,5,2024-05-14,0,,0,0,,1,Tiệc vời
d5e6d528-f10b-4cee-9aaa-c684abe1a72b,5,2024-05-14,1,,0,0,,1,Dịch vụ tốt nhiều chức năng
60cb97f3-690f-474b-b8ca-f4ffff4b8433,5,2024-05-14,0,,0,1,,1,Ok
372180ea-becb-438a-81f9-7943b4a9b45b,5,2024-05-14,2,,0,1,,1,Good
9028ce1a-55d6-467c-b279-15f44d54e275,1,2024-05-13,4,,0,0,,1,lởm quá
05f48832-c33e-45f1-81e7-b92c759ce473,5,2024-05-13,0,,0,1,,1,Tốt
f523e4aa-42a7-4119-a1c0-e558d36a8e0c,5,2024-05-11,3,,0,0,stability,1,Tên có hai chữ ko cho đăng nhập
eee6a62c-ab93-47cf-b440-4793c7fdcecc,1,2024-05-03,6,,0,0,onboarding,1,Ko xac thuc đuoc khuon mat
8fd7f0e8-806a-4a86-8a67-905ab24a514c,1,2024-05-02,1,loan_spam,0,0,,0,"VÔ TRANG VAY5. C0M là lựa chọn hàng đầu. Chúng tôi cam kết mang lại dịch vụ vay tiền online đáng tin cậy, đơn giản và tiện lợi nhất."
57474ea9-d891-464a-baa2-2c6b19d4e7eb,1,2024-05-02,5,loan_spam,0,0,,0,Mình vừa thử loadLOAN33 . C0M và điều tuyệt vời là đã có ngay 9tr trong tài khoản. Dịch vụ quá tuyệt vời!
fcee842e-6626-447f-a473-224ede49b2c2,5,2024-04-26,0,,0,1,,1,Ok
6b60d60d-5ac7-4dc7-bdad-700dc4ec1842,1,2024-04-25,2,,0,1,,1,Chịu
e53c3a41-f173-4d17-ac26-8c1e4f708bac,5,2024-04-22,3,,0,1,,1,Hay
b50f5647-9fab-4587-b743-f799f0587277,1,2024-04-20,2,,0,0,,1,Tạo tk mà cứ bắt chọn tỉnh /TP trong khi không có chỗ để chọn???
fdc793c9-5b00-4af1-aee8-45fcd8913af9,1,2024-04-16,2,,0,1,,1,Tệ
0d5cf32a-8b6d-4579-948d-14fccc117011,1,2024-04-15,2,,0,0,money,1,Nạp tiền 3 hôm vẫn chưa vào
13057c93-ce53-45ed-b6b7-c315b2c09a80,1,2024-04-14,0,,0,0,,1,App lon. Ae ko nên đầu tư vào đây
252fbf01-fcbe-42a6-884f-1d265f5a8727,5,2024-04-13,8,,0,0,,1,Quá ok luôn
3afa44b5-e578-4d2c-a315-23089da6d011,5,2024-04-13,0,,0,0,,1,77 uh 0 . . covey
222943fb-5949-4b6d-866a-356232ee1536,1,2024-04-12,7,,0,0,onboarding,1,App gì mà xác thực cả ngày đều không được vậy. Có cách xác thực khác không. Tiền thì nạp vào rồi không chuyển đi được.
6dc0ecb3-752d-4246-af90-93ae73ef7629,1,2024-04-12,3,,0,0,,1,Gmail có ai trả lời ko.hơn tuần ko thấy phản hồi
49b77617-2ec7-4f6d-94b5-704857e46346,1,2024-04-12,4,,0,0,onboarding,1,App như cc á.nhập mã otp đúng mà cứ bảo sai.sai cmn
a97c5020-ec28-450f-9717-43d592899424,1,2024-04-10,8,,0,0,onboarding,1,Chụp mãi ko xác thực dc khuôn mặt
ae885c23-23ce-496d-abc4-9228a6c69b25,2,2024-04-10,2,,0,0,,1,"Trong mục hỗ trợ khách hàng online, gọi điện qua app, chỉ hỏi được mấy câu, chưa trao đổi xong, đã tự ý tắt và gọi lại k được. Mong sớm khắc phục tính năng này"
940abbda-68a6-4122-807d-96072f0dc0f9,5,2024-04-09,5,,0,0,onboarding,1,tại sao mã otp lại ko về nhỉ
cd36c684-f2de-419f-a94f-b2734cfbc673,1,2024-04-08,11,,0,0,,1,App nên có số tiền tối thiểu để kích hoạt 1 hdong phái sinh. Có lãi trong ngày của từng cổ phiếu thì càng tốt. Phái sinh giá sau 2h bị thao túng. Mọi người lãi lỗ thì chốt trước 2h chiều. Mẹ tụi mà cài cái ký quỹ tự động thì nạp nhanh cmm lên. Nên có mục ký quỹ tất cả tiền. Làm mất mấy điểm của nguoeif khác đm
d6a9b4d8-d893-41ee-8638-8e00b77c400e,5,2024-04-04,1,loan_spam,0,0,promo,0,"Vô ₫iachỉ VAY5 . C0M có thưởng 5 triệu, mình nhận đc rồi"
f9d0e837-efd7-4912-938c-7be0aa8e2b24,1,2024-04-04,0,,0,0,,1,App như quần què. Dẹp cha đi
efe3002b-9cc4-4846-9f9e-33fbd9f8e16e,5,2024-04-04,0,,0,1,,1,Okokok
8ce1750a-6761-4fc7-acfb-8e259f67a03d,1,2024-04-03,1,,0,1,,1,Tệ
b98f5506-9a72-4e67-bd2c-ec66064445a3,1,2024-04-03,6,,0,0,onboarding,1,Cái đm mày cái app lol . Tụi mày bú lol não bị úng nước sao mà làm cái xác thực khuôn mặt nó cứ không nhận . Dcm tụi mày làm cái app ra bực hết cả mình
1e3a47a7-44d5-40da-bc00-249bd345ffbd,1,2024-04-02,6,,0,0,onboarding,1,không cho chọn tùy chọn cách lấy mã otp mà bắt buộc phải có app. lỡ đăng xuất khỏi app thì xong. ngu vậy còn lấy trên smart :))
20041036-cee1-4483-b8cd-096313fa2557,1,2024-04-01,6,,0,0,onboarding,1,Xác thực khuôn mặt rất nhiều lần không thành công
80cc535a-26fb-4a8b-a485-63fc4a5126f3,1,2024-03-30,0,,0,0,,1,"App thường xuyên bị Delay dẫn đến đặt lệnh mua bán bị sai lệch,xảy ra thường xuyên trên máy tính.Tôi phải sử dụng thêm sàn khác để tránh bị delay cập nhật trễ các lệnh mua bán.Cần cải thiện tránh delay trên máy tính."
f6e60d7e-2712-4cd7-8c7c-b310f2d662c9,1,2024-03-29,5,,0,0,onboarding,1,Không xác thực được khuôn mặt ☺️
38a23061-7072-4274-ac50-2ebbd236824c,5,2024-03-29,0,,0,0,,1,rất dễ sủ dụng
90f12f90-6ffd-4990-884f-d5d28542a8c8,1,2024-03-27,1,,0,0,,1,App như lol
cf17cadf-9757-4e68-bd39-e9f045b7c378,5,2024-03-27,1,,0,1,,1,Tốt
bdcc2aa6-dde5-40e5-b37e-0178a12dd60c,4,2024-03-26,0,,0,0,,1,Rất hài lòng
6a695d65-e457-4623-8497-07d2200c2151,4,2024-03-26,0,,0,1,,1,Tốt
d358830d-9dad-43da-a4ac-e5dad3e9ae70,1,2024-03-26,12,,0,0,onboarding,1,"Đòi OTP từ thiết bị cũ, thiết bị cũ đã đổi???? Lấy đâu OTP ???"
26f90b11-9415-4561-b6d3-6a4b0fcbc470,1,2024-03-25,7,,0,0,stability,1,"Có cái kích hoạt tài khoản, nhận được thư xác nhận thành công rồi mà không vào được. Gọi tổng đài hỗ trợ cũng không vào được. Tải 1 lần và không bao giờ tải lại ."
6fb1dd29-c9a5-471a-8922-dc4306cf851c,1,2024-03-25,7,,0,0,,1,Viết họ tên đúng mà nói Sai.....lạy luôn
59863283-0ef8-481c-b425-637740d692ba,1,2024-03-25,3,,0,0,fraud,1,Bịp + bán data người dùng. Ae report app này
f1fec3c4-13b1-4f02-800b-21956d51c134,1,2024-03-23,1,,0,0,onboarding,1,"app cùi, xác minh đủ thứ. nạp dễ rút này nọ..."
8fd243cb-ecd3-4989-b992-201cde3395e0,2,2024-03-23,1,,0,0,stability,1,"Bảo trì gì mà lâu vậy tr, vào ko đc mấy tiếng r"
81253461-324a-4cb1-b7dc-86e2b6317e93,5,2024-03-22,0,,0,1,,1,Tốt
b25c059a-8058-4771-80f4-a209d15a3e05,1,2024-03-22,1,,0,0,stability,1,"Thay vì việc cố gắng nhồi nhét những tính năng chả bao giờ dùng, thì nên cải thiện hiệu năng ứng dụng. Việc lag đơ thường xuyên xảy ra ảnh hưởng rất lớn đến người sử dụng. 1 sao vẫn là quá hào phóng cho ứng dụng này."
b9b4ba03-5f69-4502-adb9-9c910fcf8027,1,2024-03-22,1,,0,0,stability,1,Quá nặng. Đơ lác. Chán
b1ec8ec9-0a94-436c-a8a6-bc1f06d582ee,1,2024-03-22,8,,0,0,stability,1,"app như đầu buôi, suốt ngày cập nhật mà vẫn lỗi, đăng nhập toàn bị out ra, thế chúng mày ko muốn khách giao dịch à"
a279566e-f99d-4f7e-9f27-679cb7e2d1e1,1,2024-03-21,4,,0,0,stability,1,Cập nhập song không đăng nhập được luôn . Gây ảnh hưởng rất lớn đến công việc của khách hàng . Mọi người nên xem xét kỹ
6df2107d-be82-4571-aa24-fd00bb9d1ee5,1,2024-03-21,0,,0,0,onboarding,1,"Ứng dụng tệ nhất mình từng gặp, xác thực khuôn mặt 180lần mà chưa xong.chán"
8ba93fd0-cefc-4918-b20f-fbc2fa412d92,1,2024-03-20,2,,0,0,,1,Quá rờm rà những thứ ko cần thiết.
27a12492-3356-47ca-95ce-a9e8098f146e,1,2024-03-20,2,,0,0,onboarding|fraud,1,Chuyển 1tr vào xong giờ ko xác thực khuôn mặt được để chuyển ra lừa à
4d631914-5899-482c-9e2d-ba2a2cd424c8,2,2024-03-20,2,,0,0,stability,1,"không vào được, văng ra hoài"
1b006a20-b4f0-4a4d-933f-f0e34bd317f8,2,2024-03-19,13,,0,0,onboarding,1,"Xác thực khuôn mặt mà chụp 20 lần chưa xác thực được, mệt mõi quá. Chưa giao dịch chứng khoán, chớ giao dịch mà như xác thực khuôn mặt chắc xỉu ngang"
eb798b83-5579-4d57-9e7c-a7a0bba758c7,5,2024-03-19,0,,0,0,,1,Ok rất tốt nhé moi người
f9de4194-b74b-4f36-a640-bcc0b2d337cc,1,2024-03-19,2,,0,0,stability,1,App bị lỗi liên tục.vào app k được là sao
03b440d9-391d-433d-993b-c69127c4f3af,5,2024-03-19,0,,0,1,,1,Oke
6012c0f6-ab2b-42a1-baac-83027ec4767b,1,2024-03-19,8,,0,0,stability,1,"Update xong cứ đăng nhập là out ra. Thông báo ứng dụng tiếp tục dừng. Ủa, chê điện thoại cùi rồi hay sao à?"
4625c93f-a20a-4307-8eb3-c9019629b57b,5,2024-03-19,0,,0,0,,1,Very good
7c2580e6-75f0-4af2-a8cd-b01fa946428a,1,2024-03-19,0,,0,0,onboarding,1,"Update xong k vào dc, vẫn mã otp cũ mà báo otp bị sai. Công tu lớn mà cái app như hạch"
28275428-a025-443c-8f69-cf0c32e2fe7b,1,2024-03-19,3,,0,0,ui,1,"Giao diện xấu, rất bất tiện. Chuẩn bị đổi app khác"
21324544-e076-4e52-b92d-984adf1ea183,5,2024-03-19,0,,0,1,,1,Tốt
294e53a3-36e3-4c23-b930-74edcd88839e,5,2024-03-19,0,,0,0,,1,Rất ok
b129f3f0-c563-41a3-9013-d8e12e93715b,5,2024-03-19,0,,0,0,,1,Tuyệt vời
8661b06d-ce4f-442e-8b37-e023c5be4f5c,2,2024-03-19,4,,0,0,stability,1,Không vào được app
f65f574a-0fb7-4209-9e7d-8973077ec5ce,1,2024-03-18,2,,0,0,,1,App không nhận diện được khuôn mặt. Mặc dù điều kiện ánh sáng tốt
a4257216-b010-42bb-b3e8-abbcb19c58af,1,2024-03-18,19,,0,0,stability,1,Liên tục bảo trì hoặc ko giao dịch được. Nghi ngờ có hành động thao túng nhà đầu tư. Chuyển tiền cũng ko nhận đc do lỗi hoài. Mất nhiều thời gian. Nên chọn hệ thống khác
487674a7-4d3f-4ae6-be76-c56c17987536,2,2024-03-15,2,,0,0,,1,"App gì chán hết sức, muốn phân tích mã thì ko có công cụ để phân tích,"
052e691b-65a8-4233-b3d6-3a1d56a7fb30,1,2024-03-15,9,,0,0,,1,"Có cái lưu ký thôi mà gửi ship đến 4 lần -L1 thì hẹn 8h làm vc. Ship đến 35 Thi Sách lúc gần 8h30 vẫn chưa có ai nên k giao được. -L2 thì giao đến bảo vệ k cho vào. Hỏi giao cho ai. Bảo giao vào quầy vs lễ tân cũng k cho giao. Gọi thì gọi sđt tổng đài, tổng đài bận. -L3 thì gọi đc tổng đài rồi, anh ship bảo Cường giao cho chị Hương tại quầy mà giao đến bảo vệ vẫn k nhận. Lại phải gọi tổng đài lần nữa và tổng đài vẫn bận. Lát sau gọi lại thì bảo gửi cho cskh. -L4 còn chưa dám gọi ship"
091257dc-628f-4b57-9a46-26539b3c0dbe,5,2024-03-14,0,,0,1,,1,tốt
2bc653a2-e058-4ab9-9eb8-47c2f909dad4,1,2024-03-14,14,,0,0,onboarding|money,1,"Không xác thực được, không cho rút tiền ra, nạp vào thì không yêu cầu xác thực chuyển ra thì xác thực hoài đêo được"
8c92017a-b989-4411-b49f-c608acd551dc,1,2024-03-14,3,,0,0,,1,Thái độ nhân viên với khách hàng rất tệ
c3f84eb3-0594-4d85-ae9f-a6e5ef681815,1,2024-03-14,24,,0,0,,1,Update xong không bật dc thông báo ứng dụng trên redmi note 12 l. Vl. Khớp lệnh 1 tiếng sau mới báo. Đm làm cái app cho từ tế vào.
269e9488-7137-42b5-8e5c-97ccd3d2a881,5,2024-03-12,0,,0,0,,1,Ok e ơi
b948faa2-d8c0-45c5-8cd1-480007716ef9,1,2024-03-12,7,,0,0,,1,Tại sao không khắc phục tình trạng nhận diện khuôn mặt??
4b7af0fe-9018-48e9-bd59-3a0d22d588db,1,2024-03-11,10,,0,0,onboarding,1,"App đểu, xác thực mặt mãi không đươc"
54e25077-0ace-4485-b995-47f02b193f02,1,2024-03-10,6,,0,0,,1,App không chụp được khuôn mặt mặc dù điều kiện độ sáng rất tốt
3eba066e-a060-4b71-90ff-5421b1539bcf,1,2024-03-09,6,,0,0,onboarding,1,Không xác thực đc khuôn mặt
6382e61d-5760-4f11-8758-06f7f9596adb,1,2024-03-07,0,,0,0,onboarding|stability,1,"Cập nhật cccd, quét mặt hàng chục lần vẫn báo lỗi, ánh sâng không đủ. Làn giữa ban ngày nắng, làm ở vỏ bật đủ điện các kieue vẫn kêu lỗi. Đau đầu app Smartone. Cùng điều kiện không gian thời gian tôi làm ở TCBS đã thành công. Thực sư nản vì VPS. Muốn đầu tư tí mà mệt mỏi"
4715e07c-5378-4bf8-923d-b3f02fdb2e14,1,2024-03-06,1,,0,0,stability,1,"Ứng dụng lắc lắc đơ đơ mỗi ngày như cơm bữa, vào xem khung giá 10 giá bên mua bán thì hay đứng luôn, nhất là phái sinh. Đã vậy cứ bắt cập nhật thường xuyên mà không thấy khắc phục đâu"
432b4e77-7205-46e5-85ae-8998fedc0e82,5,2024-03-03,0,,0,0,,1,Vps luôn uy tín.
f0d92e49-57b9-4c56-896b-a485218a0a20,1,2024-03-02,0,,0,0,,1,"Nản kèo với cái app, chuyển qua SSI dùng"
5e66bd7f-62ca-4df0-9159-67d2037ecac5,1,2024-02-29,3,,0,0,stability,1,"Ứng dụng kém. PTKT rất tệ, không nhìn được gì. Load thì chậm, hay đơ. Báo cáo kết quả kinh doanh thì ko update từ 2021. Nay là 2024 rồi."
b4308f19-4d33-4c94-8604-cf6b1f73af8b,1,2024-02-28,3,,0,0,,1,Cái ứng dụng như qq. Dùng bực hết cả mk
51b5b7ae-218c-48cb-9a0c-0134654b7ad1,1,2024-02-27,2,loan_spam,0,0,,0,Vô mạng á gõ VAY333 . C0M để nhận 3 triệu và vay 0%
d48003bd-be60-4d99-8d28-8c8590a5d86a,5,2024-02-27,0,,0,1,,1,Ok
75198d8d-88b6-45f6-ac7c-7aa6526a8fd6,1,2024-02-26,0,,0,0,,1,"Đm làm ăn kiểu gì mà đưa sđt khách hàng cho nhân viên gọi làm phiền cả ngày, ngày nào cũng gọi, liên tục mấy tháng trời. Thằng nào quản lý cái công ty này mà ngu vl, làm ăn kiểu đó khách hàng nào mà muốn dùng sản phẩm."
187cf48c-a75a-444e-951f-d2ca273c1ee1,1,2024-02-26,0,loan_spam,0,0,,0,Alo. Vô web: KTIEN . VN để kiếm 5tr đồng và vay 0 lãi
76ae759a-f6b7-4dba-ad7e-4b2104912ab6,5,2024-02-25,0,,0,1,,1,Ok
d78057e4-6c19-443d-9073-8809d8596aa8,5,2024-02-24,1,,0,0,,1,App hay... Chúc Cty ngày càng phát triển
91fb4547-69f4-4835-86db-a8dc9c3bc1d5,1,2024-02-22,0,,0,0,,1,"Ứng dụng tệ quá. Tạo tài khoản mà app toàn bị crash, liên tục bị ứng dụng dừng."
5ead3687-9e81-41e5-b57f-5eebf8bdacc5,3,2024-02-20,5,,0,0,onboarding,1,Khó ekyc và sử dụng
1fec4050-e362-415e-9dc0-7a933eb70cf7,1,2024-02-20,6,,0,0,ui,1,Cái phần mềm thiết kế ngu đ chịu đc
75127425-83ad-41f6-9a18-728bd7771279,1,2024-02-19,0,,0,0,onboarding|stability,1,"Nghỉ 1 thời gian, tính quay lại mà app như cái quần què, smart otp đăng ký rồi mà đăng nhập không được, yêu cầu quét vân tay trong khi đăng nhập bằng mật khẩu và chưa hề đăng ký đăng nhập bằng vân tay! T quét 10 ngón tay bonus thêm 10 ngón chân cũng không đăng nhập được. Sẵn chê luôn nhân viên VPS ăn nói bố láo, lúc mời chào kh ngọt ngào như mía lùi. Lúc kh chỉ nói đùa 1 câu liền kick kh ra khỏi group và có giọng điệu bố láo. Giã từ VPS từ đây!!!."
53fc45e0-e728-4b8e-83eb-ac84df936fb1,1,2024-02-18,49,,0,0,stability|fraud|ui,1,"Càng cập nhật càng NGU! Bây giờ không đăng nhập được, app báo lỗi java script. Bọn chó chết VPS lừa đảo hút máu khách hàng vô tội vạ!!! PHÍ CÁC LOẠI RẤT KHỐN NẠN!!!!Sao kê KHÔNG BAO GIỜ KHỚP với số tiền thực tế. Giao diện rất khó sử dụng. Khốn nạn!"
4598cfad-b9ef-4efb-849e-a7f158740f3a,1,2024-02-18,0,,0,0,stability,1,Mật khẩu đăng nhập chước tết vẫn đăng nhập được giờ lại không đăng nhập được hiển thị đã thay đổi mật khẩu vân tay 😡
cede8373-f5c5-43c9-9e0f-a8b4c6382e7d,1,2024-02-17,4,,0,0,,1,Nhận tiền thì nhanh lắm đố rút ra được .
7a3d476c-f81a-4628-85da-0c97a40c732d,4,2024-02-17,0,,0,1,,1,Ok
c54c931b-6a71-445b-9243-c0a7ea2286f1,1,2024-02-16,6,,0,0,promo,1,Má nó k giao dịch cũng trừ tiền. Mà có giao dịch cũng trừ tiền tốm lại làm cái l gì cũng tiền. Vậy mà quảng cáo ít tốn phí
3dae6a86-5264-4222-97f6-3c279a0d9a01,1,2024-02-07,0,,0,0,,1,bán chẳng được bao nhiêu tiền thu phí thuế hết nữa phần tiền của lợi nhận bỏ aap là vừa
061c23d2-eb2b-4c86-baa3-c13f89e53e67,1,2024-02-05,5,,0,0,stability|ui,1,"Bảo trì cho lắm rồi lỗi đủ thứ, ko hiện đc biểu đồ giá lên luôn"
9228747c-2a41-4e0b-90e9-3409af1c73fd,1,2024-01-30,7,,0,0,,1,càng ngày càng tệ. chuyển
f7cc61c0-4015-4bfd-8a82-8ebc6c52d3da,1,2024-01-30,2,,0,0,,1,Dịch vụ hỗ trợ KH quá kém
54f459bb-7352-4450-b701-2996fd7faa2d,1,2024-01-30,0,,0,0,onboarding,1,má nó mở mãi có đăng ký được đâu
276fa136-d433-449f-9b54-a6e93a8abd0d,5,2024-01-29,1,,0,0,,1,Okay sir ^^
02e03ee1-c05b-43c7-89f2-9239e5728dd8,1,2024-01-29,27,,0,0,money|fraud,1,"Thái độ nhân viên mất lịch sự khi trả lời khách hàng. Khi cổ phiếu được khớp lệnh, thì giá bị đội lên so với giá đặt lệnh. Không hiểu nổi. Mọi người tránh xa quân lừa đảo này ra, nạp tiền vào không mua bán gì vẫn bị trừ tiền."
8d4cd498-b845-4b06-9c93-e4a6aeaa2af0,5,2024-01-29,1,,0,1,,1,Oki
3828988e-58e7-4caf-aed8-90f104aa2883,5,2024-01-29,1,,0,0,,1,Good ❗❗❗
8ba233b4-fc59-4cae-885d-aa509a895cbb,2,2024-01-29,1,,0,0,,1,Bắt cập nhật lắm thế
91b0a5ce-3169-4032-9b12-394a09ea01c0,1,2024-01-29,10,,0,0,,1,App tạo r hut mau nđt. Phí quá nhiu mà k biết phí trừ gì
e8d6ac0e-8cdd-44db-b82e-ac3e1974ade2,5,2024-01-29,1,,0,0,money,1,"App chất lượng, phục vụ tốt, giao dịch chuyển khoản nhanh"
95d774d6-39b7-4f86-92b3-432723427e0d,1,2024-01-29,0,,0,0,,1,Như ship
8bbde7de-efcd-4017-a874-44d3360b833b,5,2024-01-29,2,,0,0,,1,Dùng khá ok
4b30ebaf-a2fd-4518-ab17-3199367b4b78,4,2024-01-29,1,,0,1,,1,Tốt
471f304b-b1d7-4398-85bb-af1e281e9747,1,2024-01-24,7,,0,0,,1,Áp từ tiền quá nhiều mà ko biết từ mục gì mọi người không nên sài áp này
21542033-74ef-4115-8366-cd4a252f2c61,5,2024-01-23,2,,0,0,ui,1,"Cải tiến Danh Mục xem cổ phiếu theo dạng list nhiều nhất coa thể giống vnd thuận lợi cho việc quan sát để mua bán, còn muốn xem chi tiết thì click vào ( xem bước giá, chart,..)"
88d3ae43-accf-4331-b932-edb5827dff8e,1,2024-01-22,0,,0,0,ui,1,Nâng cấp xong vừa rờm rà. Vừa khó dùng. Lắm tác vụ làm rối cả mắt. Tôi không thích giao diện nâng cấp này 1 chút nào cả.
1e21da98-003d-41db-b440-5b58289fcc37,5,2024-01-18,0,,0,0,,1,Very good
acbf7b38-fba8-4569-8598-72b12a36f18a,1,2024-01-16,4,,0,0,stability,1,Lỗi đăng nhập vân tay
f59dc501-f2c4-486b-b74c-2a29e4630a1f,1,2024-01-16,1,,0,0,,1,Vào mua nó tự van ra ngoài
3a9a1d2f-e3dc-48d8-9f2a-c55c4dbeec7a,1,2024-01-10,12,,0,0,onboarding,1,"Otp lu bu, làm khó người dùng khi đổi điện thoại"
433bc746-07cb-475e-8ccf-c8ca274cb063,1,2024-01-09,23,,0,0,money,1,"Ứng dụng quá tệ. Nạp tiền không vào tài khoản. Nên học hỏi vndirect khoản nạp, chuyển tiền. Fanpage FB nhắn tin admin ko trả lời."
38b5b12a-54a7-4fcc-be8f-a08bd57ba8d9,5,2024-01-06,4,,0,1,,1,🤓👍
03d5cfef-c8e9-49dd-b1b9-19a96efcc100,1,2024-01-04,7,,0,0,onboarding|closure,1,Ko hủy được dịch vụ chăm sóc khách hàng (trừ khi đến xóa tài khoản đăng kí lại) thế nên phí quá cao. Đặt có lệnh chưa đến 80 triệu mà phí 110k thì chịu.
17a1cc3c-6491-49c0-a7ef-56a47f97a91f,3,2024-01-04,1,,0,0,onboarding,1,Chờ gửi mã OTP về xác nhận mà sao không thấy vậy
10f38b08-dd68-43f6-85b6-488b3bdf697b,1,2023-12-29,4,,0,0,stability,1,Đã tịt ngóm không vào được màn hình đăng nhập từ mấy hôm nay.
18231bc4-8c58-476a-86b9-03ccc61885fc,1,2023-12-29,3,,0,0,,1,Lác vãi
8095ebf2-65c9-43cc-951a-aa76f15adb71,1,2023-12-28,1,,0,0,,1,Quá tệ
0e40660e-bd95-47c1-9f1d-0135230d4b24,1,2023-12-28,3,,0,0,onboarding|stability,1,Đăng nhập mà không gửi mã OTP
e944a248-e337-4ca6-a1f2-1f408b8fffb2,2,2023-12-28,2,,0,0,,1,Tải về mà k mở dc ra là sao mọi ng nhỉ
6453cc68-419f-4efb-b22c-cab484e6e2ba,1,2023-12-27,6,,0,0,onboarding|stability,1,Đăng xuất ra. Không đăng nhập lại được lý do không có otp yêu cầu mở từ ứng dụng?! . Ngáo thật sự
272b202a-2448-4da8-b732-799a8a43b1ab,2,2023-12-26,3,,0,0,stability,1,Càng nâng cấp càng chán. Cập nhật mới mất luôn đăng nhập bằng khuôn mặt.
cdc25fd7-63ad-445c-8c4e-92286dff9242,1,2023-12-26,0,,0,0,,1,Phiên bản mới không biết đặt lệnh ATC. Chán vl cập nhật suốt
45f4d919-808b-41b5-a45b-0ba142fa1365,1,2023-12-26,3,,0,0,,1,Sáng giờ mờ app k được.
81ed742a-2f27-4d88-80a1-d889d0d012cb,1,2023-12-26,8,,0,0,ui,1,Để giao diện cũ đi Cần đặt lệnh nhanh chứ không phải ngồi mò
5fd796af-f9cc-4fb2-a3ba-e8a788d6ef27,1,2023-12-26,10,,0,0,stability|ui,1,Giao diện mới thật sự khó sử dụng. Nên đưa về giao diện cũ. Cách thức đăng nhập thay đổi liên tục nếu không nhớ mật khẩu thì ko thể đăng nhập được
3c606691-d5e4-4411-83ae-2c9cae6f72b6,1,2023-12-25,13,,0,0,onboarding|money,1,Chức năng xác thực khuôn mặt ko xác thực được dù đã thử rất nhiều lần. Nạp tiền vào thì dễ rút ra rất khó khăn.
05d480aa-655d-406d-958d-761e1cb8a5db,1,2023-12-25,12,,0,0,stability|ui,1,"Ứng dụng quá kém, bắt update liên tục chục ngày update 1 lần, không update không đăng nhập được. Mỗi lần cập nhật mới là tốn rất nhiều dung lượng, hệ thống gíao diện xấu, chạy sai dữ liệu rồi còn vẽ vời muôn vàng thứ phí nào là phí hệ thống, phí SMS. Mình sẽ bỏ VPS qua Tech"
b1e7c347-e602-4937-b124-dd26917f595e,1,2023-12-20,7,,0,0,,1,Lộ thông tin điện thoại làm phiền khách hàng
9698cc61-5184-4e2a-a040-372c7bf4be4d,1,2023-12-19,7,,0,0,ui,1,"Càng cập nhật càng khó dùng, nên cho đám IT nghỉ việc hết là vừa."
facbd81c-90bf-47c9-a81f-2d9fa3926980,5,2023-12-18,1,,0,0,,1,Tốt nhanh
6f16bb73-bed5-4da6-a190-701987351849,1,2023-12-15,10,,0,0,,1,Bị lộ thông tin cá nhân Ngày nào cũng có người gọi tư vẫn làm phiền Rất rày
76c32965-353d-41f1-91c7-31e3aef56f1f,1,2023-12-14,6,referral_spam,0,0,promo|fees,0,"Mã giới thiệu BBQK Nhập mã nhận ưu đãi 6tháng free phí giao dịch, và nhận khuyến nghị mua bán tốt nhất."
cb7ae439-651b-448d-b341-ab2e245ba671,1,2023-12-13,4,,0,0,ui,1,"Giao diện không ổn, rất dễ đặt mua bán nhầm cổ phiếu, nên thay đổi"
0e016777-acde-4911-8d7d-4398ac978a4b,1,2023-12-12,16,,0,0,ui,1,Tệ hơn chử tệ mà không biết dùng từ nào hơn chử tệ. Giao diện như cái giẻ rách. Cty tăng phí vô tội vạ xem khách hàng ko ra gì. Tẩy chai.......
bd2adf14-da3f-4035-96c7-7ac59cf22e66,5,2023-12-11,0,,0,0,,1,"Đổi mật khẩu thành công , đến khi mở lại bằng vân tay hay khuân mặt thì vẫn hiển mật khẩu cũ."
3c121e3b-008c-4fc7-a3d8-ed73bc619965,1,2023-12-11,4,,0,0,,1,Thích phiên bản cũ hơn
e3933350-af8e-4cb6-9fb0-74c18c9fd2d8,5,2023-12-09,0,,0,1,,1,Ok
563bb3b3-f124-4a35-bdb6-73d091ad09f5,4,2023-12-08,2,,0,0,stability,1,Còn hay đơ khi tìm cổ phiếu...
3014aecc-10cf-48fa-9efd-b7e3d2f6d36b,4,2023-12-08,1,,0,0,,1,Khá ổn.
16694114-0907-48a7-9c17-3e5574ca083e,1,2023-12-06,6,,0,0,onboarding,1,"Sau khi đăng ký tài khoản với công ty chứng khoán VPS, một ngày bạn sẽ nhận được 3-5 cuộc gọi làm phiền."
15c43c33-464e-4b31-97b8-547fe556fad6,5,2023-12-03,0,,0,0,,1,Ứng dụng tuyệt vời cải thiện tính năng hay..
94e65948-a556-45d5-9264-8d08c33d6e07,5,2023-12-02,0,,0,0,,1,Quá tuyệt vời
6cdfdcff-a263-4621-b9e1-53befdacab23,1,2023-11-29,2,,0,0,ui,1,App cập nhật phiên bản mới quá khó dùng
e538dbe1-828d-4c85-9284-8077fb636875,1,2023-11-28,3,,0,0,,1,Chờ cả tháng chưa thấy kích hoạt tài khoản
bc413cb1-0886-443c-b371-2c5a189d0731,1,2023-11-28,2,,0,0,stability,1,Không đăng nhập vào được
4da37480-8df8-49ce-b422-fd95b7e50030,1,2023-11-27,8,,0,0,stability,1,"Sao dạo này cập nhât lên mà lag quá,giao dịch suốt ngày quay quay là sao vậy? Cần phải nâng cấp và khắc phục gấp."
a0881595-9a0a-43dd-90cc-73a0ba742778,1,2023-11-23,2,,0,0,,1,Mấy anh chị em hỏi. Sao em vào app được mà không giao dịch được
b5b70c2d-0033-4904-8335-1d3bccf372af,1,2023-11-22,1,,0,0,,1,app quá tệ
4524c2b5-4789-454e-82f4-3d139af2b894,1,2023-11-22,13,,0,0,stability,1,Ứng dụng mới cập nhật lên phiên bản mới cứ bị lỗi liên tục. VPS xem sao chứ kiểu này chán quá.
d63615c5-e1c9-4232-8de4-1470b642334d,1,2023-11-21,3,,0,0,,1,Bảo mật 2 lớp củ chuối
ca061065-3119-40b0-a57b-165180ed740f,1,2023-11-20,1,,0,0,money,1,Ko cập nhật để rút tiền đc
0b5261e2-d601-401f-8c9c-2188bc2cef73,1,2023-11-20,5,,0,0,,1,"app quá tệ, quyết định bán hết để qua app khác"
94bcc089-e991-45ef-8e9d-ee43fb3d03dd,1,2023-11-20,0,,0,0,onboarding,1,"Mọi người đừng tải về, đăng ký xong nó gọi cả ngày, gọi cả năm, đang trong giờ nghỉ ngơi cũng gọi, phiền vcl luôn, biết thế chọn sàn khác cho lành"
df6801ab-0ebd-4d5f-96a4-a19038be5df0,3,2023-11-19,5,,0,0,fraud,1,VPS làm lộ số điện thoại người dùng để suốt ngày các hội nhóm gọi điện làm phiền. Tôi có hỏi thì bảo cty vps cho số điện thoại. Tôi đã bị lừa mất tiền bởi 1 hội nhóm.
d45f5e36-4c94-42fb-a213-d2271e15b2d4,1,2023-11-17,7,,0,0,,1,Cực kỳ phiền phức! Nhân viên gọi điện mời chào liên tục 24/24/7 báo cty cực nhiều lần nhưng k giải quyết đc! Tôi sẽ dùng sử dụng vps. Mọi ng cũng đừng dùng vps
3171d5d3-2e1b-40e5-a476-0a2cc9305b61,1,2023-11-17,4,,0,0,,1,IT VPS như cái đầu b... Để bước giá đánh đố nhà đầu tư à?
ea5a3914-aee5-4d46-9401-b87412c77760,1,2023-11-17,3,,0,0,ui,1,App tệ. Tự dưng đổi giao diện toàn tiếng Anh
795468b0-020b-4710-90b5-aeaafe5e78c1,2,2023-11-15,4,,0,0,onboarding|money,1,"Sao mở tài khoản,nạp tiền vào ok rồi mà còn đòi xác thực tài khoản, chụp ảnh căn cước làm quái gì nữa?? Trong khi camera Smartphone tôi chụp mờ lắm.chưa cho chuyển tiền cũng như không thấy mục rút tiền nữa chứ..."
8bdf8b09-0cb6-434a-9a58-e1144eec3fa8,5,2023-11-14,0,,0,0,,1,Ứng dụng ok nhé
44f8e2e3-f395-407c-b19c-0d6f100440aa,1,2023-11-14,0,,0,0,fraud,1,"Stop loss mà để giá limit, đừng đi lừa khách hàng của mình bất nhân lắm"
85c73ee8-b6ad-4d83-bf91-6e2990d8d1d1,1,2023-11-13,0,,0,0,promo,1,"Quá phiền, cứ gọi điện quảng cáo liên tục bất kể sáng tối, hay thứ 7 CN."
887c0f9c-4f0c-4d0f-82a4-bd15d854d48e,5,2023-11-12,1,,0,0,,1,"Ứng dụng khá OK , VPS không ngừng nâng cấp phần mềm ứng dụng , bảo mật cao, giao dịch nạp, rút rất nhanh."
eddcdb14-ce51-41c0-b8f1-82147a17a9c1,1,2023-11-12,5,,0,0,onboarding,1,"Mới mở tài khoản qua bên này , nhưng cái app củ chuối vào đúng mk nhưng toàn báo sai , xác thực ko đc . Chào luôn"
8ba39b5f-c28d-4766-8ae7-7aaff0eca576,1,2023-11-10,9,,0,0,stability|ui,1,"Đợt update vừa rồi thay đổi giao diện thấy app lag vl , lag ngay cả khi ko phải giờ cao điểm. Nếu ko cải thiện ngay tôi sẽ chuyển sang dùng tài khoản cty ck khác"
f7e44b4e-cccb-4eff-9263-19d433307d34,3,2023-11-10,0,,0,0,,1,Khó xem
698773d9-4ac4-4132-b84c-28b5d10ad725,5,2023-11-09,0,,0,1,,1,Tot
0fab633b-373a-4802-b251-0dd9828bfc95,1,2023-11-09,2,,0,0,fraud,1,App rác lừa
7259e259-fbf9-4d74-9e8a-227d4443333f,1,2023-11-08,10,,0,0,onboarding|stability,1,"App cập nhật liên tục, mỗi lần cập nhật là lại phải xóa và cài lại để đăng ký lại smart OTP; lần cập nhật này thì cài lại bao nhiêu lần cũng không đăng ký được smart otp, nhập mã pin bấm xác nhận cứ quay quay ko hoàn thành được, điên hết cả người. Không thể đăng nhập trì duyệt web chỉ vì cái này, thao tác giao dịch trên mobile rất bất tiện."
2f532862-fcf1-488b-979d-c3c4fe493f75,3,2023-11-07,0,,0,0,onboarding,1,"App tích hợp cho lắm các ""tiện ích"" vào (ko biết với đa số nđt là ""có ích"" thật ko chứ tôi ko dùng bao giờ) trong khi cái rất thiết thực với nđt như đăng ký quyền, thực hiện quyền thì lại ko có."
86d4b830-1f33-4137-830e-d68f2a8542e8,1,2023-11-07,1,,0,0,onboarding,1,Mã OTP không gửi ???
d3946b89-7505-44de-a5b8-4e58a6c74611,3,2023-11-07,5,,0,0,,1,"Sau khi bán CP, app không hiển thị tiền bán T0, T1 chờ về TK. Đề xuất bổ sung nội dung này như phiên bản trước. Thanks"
26589014-9189-46cd-9ed3-65301821f327,1,2023-11-07,1,,0,0,,1,càng làm cảng dở
0f4abcd4-32b4-48bd-bcf2-56a0939a61ec,1,2023-11-07,0,,0,0,,1,"Vấn đề bảo mật thông tin khách hàng ko tốt, tôi đã có tư vấn viên rồi mà hàng ngày vẫn nghe gần chục cuộc gọi mời tư vấn, tham gia nhóm này nhóm kia"
2ed5d528-a43b-4f85-a4b6-be6e3eb3e568,1,2023-11-07,10,,0,0,ui,1,"Suốt ngày thay đổi giao diện, chỉ ăn và đi thay đổi giao diện bắt update phần mềm, không hiểu làm vậy để làm gì ? Giao diện mới bất tiện khó dùng, phí margin trừ quá cao. Đánh giá VPS ngày càng tệ, người dùng sẽ dần chuyển hết sang các công ty chứng khoán khác là xu hướng chung"
cd048d7d-100c-433d-bd0d-3c9ae0970482,5,2023-11-06,0,,0,0,,1,Ứng dụng tuyệt vời tôi rất hài lòng
276ff59f-3111-4547-a65b-0e1ebdff3e7c,1,2023-11-06,1,,0,0,stability|ui,1,Giao diện mới vừa khó dùng và vừa lag. Đề nghị về giao diện cũ hoặc có tùy chọn chế độ chỉnh về giao diện cũ
b00a2132-d9b6-479e-ba15-10b015fb5f60,1,2023-11-02,3,,0,0,ui,1,Quay lại bản cũ dễ dùng mé cập nhật đell dùng đc khó vl càng cập nhật càng tệ lên bán dell bao h dùng vps nữa cập nhật như lolll
d9a73f4c-da7b-4b75-98c0-a1bf3119f847,2,2023-11-01,6,,0,0,onboarding|stability,1,"Yêu cầu cải thiện việc xác thực tài khoản, xác thực bao nhiêu lần cũng ko được, xác thực hoàn tất rồi đăng nhập vào vẫn báo ko được"
9f129c1d-63e2-4828-b05d-3b03e9cc62f4,3,2023-10-31,2,,0,0,ui,1,Vps ngày càng đi lùi. Giao diện mới này khó coi quá. Giao diện cũ nhìn vào thể hiện hết. Còn giao diện mới phải vô từng phần. Chắc qua fts phí rẻ hơn quá
7047ea1e-96aa-46e7-a57c-af2ef1806dda,2,2023-10-31,1,,0,0,,1,Update khá tệ
b12c4be3-6471-49a4-bb17-43b65b0988ac,5,2023-10-31,0,,0,1,,1,Ok
3b30a603-fbc6-4efa-b7ff-5cca40358d9e,1,2023-10-30,1,,0,0,ui,1,"Đổi giao diện suốt, rối cả mắt"
5ed639a1-cd75-4130-9489-1621040da44d,1,2023-10-30,10,,0,0,,1,App càng nâng cấp thì càng tệ hơn...nếu ko có sự thay đổi e rằng khách hàng sẽ quay lưng...nói chung đợt nâng cấp này quá tồi tệ😡
7df29041-7c37-494b-9983-b709ef4cd4b3,1,2023-10-28,1,,0,0,,1,Bản cập nhật mới ko ra hồn.còn ko xem được cả bảng điện. Chửi cả lò công ty.
44c9423d-5d39-4248-a318-a747e5014a40,1,2023-10-27,6,,0,0,stability,1,Thay đổi phiên bản mới tồi tệ hơn vào tìm danh mục khó và muốn mua bán khó quá làm ơn để phiên bản cũ dùm cái tôi chỉ kêu nó vào hay bị đơ thôi nhưng giờ phiên bản mới còn tồi tệ hơn vào xem mà rối hết cả mắt tưởng bị mất tiền và mất các mã cp luôn....muốn mua hay bán thì lâu muốn điên nên mất tìm mãi mới dc... cái phiên bản cũ còn nhanh hơn mỗi cái tội hay bị đơ ko vào dc
c11e9e73-3fed-4881-a1e6-a772f59d3023,1,2023-10-26,2,,0,0,ui,1,Giao diện mới rối quá
f2cdd994-0f9e-4734-946c-24778c0c557b,1,2023-10-26,21,,0,0,,1,"2 thất bại của VPS. 1 ""chuyên gia"" khuyến nghị. 2. Phần mềm thay đổi tưng tưng không kế thừa."
de4c61a7-0c14-4a49-bcc6-8c68d0124bb2,1,2023-10-26,43,,0,0,,1,Liên tục update mà càng ngày càng như lol. Thu phí các kiểu mà vẫn chẳng ra gì. Cái thằng này góp ý mãi vẫn không thay đổi.
5e86e699-a4a0-4427-a2de-7d3779dae3ad,4,2023-10-26,0,,0,0,,1,OK good.
8103f7be-5a1c-47be-ac23-2b49b4f13f1a,1,2023-10-26,1,,0,0,ui,1,Đổi sang giao diện mới nhưng là cải lùi. Tồi
b190dec5-5bd5-4f44-9f21-a45fdade9cbc,1,2023-10-26,7,,0,0,ui,1,"Giao diện cứ 1 tuần đổi 1 lần mà không thông báo hay training cho người dùng. Bản cập nhật mới nhất nhìn rối mắt, phải thao tác nhiều bước mới đặt lệnh đc. Quá chán 👎👎👎"
68d7c773-fa61-4c8f-ad86-d60a53c99a75,5,2023-10-25,0,,0,0,,1,Bạn nhập ID giới thiệu BGLN để được hổ trợ tốt nhất nhé.
5451a401-fc5c-48a2-9d88-4035fe16c965,5,2023-10-25,0,referral_spam,0,0,,0,Bạn nhập mã giới thiệu BGLN để được hỗ trợ nhé.
b3997186-ef5d-43b4-9207-dcc57fdd35b0,1,2023-10-25,0,,0,0,ui,1,Giao diện mới cực kỳ tệ.. không biết vps có não ko
84d73f4e-499e-4a46-a063-aa2814ce4b88,1,2023-10-25,1,,0,0,stability,1,từ ngày nâng cấp báo lỗi liên tục
5e06e4c8-f5a9-4594-9309-954580f9691f,5,2023-10-25,0,,0,0,,1,Phần mềm thông minh.
2b2ce4a3-12b6-4826-86b9-3e5b435b876e,1,2023-10-24,1,,0,0,,1,Trong TK có 1 mã chứng khoán mà trong danh mục nó k hiện. Cứ tưởng làm sao. Vào phần bán gõ mã ra thì vẫn có cổ phiếu của mình
e1e88acc-622c-4730-9585-44d9467ea826,1,2023-10-23,4,,0,0,stability,1,"ko đăng nhập đc, ko nhận đc smartOTP"
43815387-b735-4697-aee0-3fac238ba154,1,2023-10-21,2,,0,0,ui,1,"giao diện khó dùng, không thân thiên"
2a1a9495-dadd-4d47-80bb-dd70d7ed7fe9,1,2023-10-20,6,,0,0,stability,1,"Đăng nhập không đc, SmartOTP không thấy gửi"
ae695090-8816-4562-8a83-912e75a80158,1,2023-10-19,5,,0,0,closure,1,"Tạo tk xong book broker thì bảo tk dính DVKH ko cho đổi, muốn đổi phải xoá tk tạo lại hoặc dùng tk người thân. Quá sợ hãi. Chia tay."
ce9896f3-3e6b-4223-a9be-d60670c5f6f4,1,2023-10-19,5,,0,0,onboarding|stability|money,1,"Khuyên mọi người không nên dùng, tư vấn quá tệ, app quá phức tạp. Lỗi rút tiền IT không xử lý được. Xác thực eKYC thì từ sáng tới chiều quét khuôn mặt cũng không xác nhận. Gọi điện tư vấn phán câu xanh rờn "" khuôn mặt không giống trên cmnd, cccd "" . Dịch vụ hãm không chịu được. Bắt lên trung tâm ký giấy tờ xong bảo xác thực onl, xong bảo đợi 30p mới có kết quả, xong hỏi ngồi đợi 30p được không thì đuổi mình về. Ra tận trung tâm rút tiền offline không luôn, nên khuyên mọi người đừng dùng VPS."
6d6558fc-c068-439b-8006-d79c26d78dfc,5,2023-10-18,0,,0,1,,1,Ổn
27ca1c99-dd6a-498c-bea1-7cae561fa87d,1,2023-10-18,0,,0,0,onboarding|money,1,Không nhận được mã OTP rút tiền
4ecc1209-d3c3-4946-b28c-ae4a7189c4f5,2,2023-10-18,1,,0,0,stability,1,App gì lag ... thị trường xuống app đơ ... Chơi bẫn
2613d84b-e506-43a1-84fd-0b6e32ca6114,1,2023-10-16,0,,0,1,,1,Tệ
728d4320-2106-4c4a-867c-04158c9668c3,1,2023-10-12,4,,0,0,onboarding,1,Khi xác thực tài khoản chỗ chữ ký có phần hướng dẫn tắt không được sao mà tải chữ ký lên hoặc chụp hình được
4d2cb4e8-39cb-4db3-8a54-0d585b94ea5b,1,2023-10-12,6,,0,0,onboarding|stability|ui,1,"Trải nghiệm cực kì tệ, điện thoại reboot, nhập smart otp thì báo sai, muốn đổi thì có 2 cách 1 là web 2 là theo số đường dây nóng. Cách thứ nhất k khả thi vì hỗ trợ chán, chậm, cộng với hướng dẫn 1 đằng app 1 nẻo. Cách 2 thì đánh đố người dùng nhập 6 số cuối tên tk trong khi tên tk có chữ cái trong đó. Nhập chữ cái bằng bàn phím số kiểu j hả trời"
89cee8bc-fea1-44fe-9b57-ae279a633a54,5,2023-10-10,0,,0,1,,1,Ok
ec0ee918-e893-4651-b69f-139dbc3fae15,5,2023-10-10,0,,0,1,,1,Tot
606bd582-cc7d-4233-bfbe-43a5cc6dd19c,1,2023-10-10,8,,0,0,stability,1,Qua nay có ai bị lỗi chuyển tiền ko
6310653e-06df-47f7-bfd3-619f7d1827c2,1,2023-10-07,2,,0,0,stability,1,Aap đơ
fe1ad819-6dad-4f48-8af3-b3e12f8d26bc,4,2023-10-05,2,,0,0,,1,"Ủa , chuyển tiền vào mà k thấy tiền đâu luôn"
7accf6ee-7aff-478e-90e0-6aeaebbc6f05,1,2023-10-04,2,,0,0,,1,App như rùa bò.
2d8cd778-e559-4834-8586-75872630bc6e,2,2023-09-29,2,,0,0,,1,"nâng cấp ứng dụng, mất phần ""Cảnh báo lãi lỗ của Phái Sinh"""
b0f9dd91-7d93-4bf8-9872-1bbe7accc48c,4,2023-09-28,2,,0,0,stability,1,"App chán lắm. Sao mà đang vội, nó cứ lỗi đăng nhập bắt thử lại mãi jdkmjsiskjdbdjsks"
61b5a302-192c-414d-ad01-0afe2ba724f9,1,2023-09-28,3,,0,0,money,1,Nạp tiền phiền vcc
d95dd77b-96db-4fe7-bbae-292f34908fdd,1,2023-09-28,1,,0,0,onboarding,1,Má pm chụp hình như ccc tao
3804fdd0-4c6e-4c29-b736-b4c19a4def0e,1,2023-09-26,0,,0,0,,1,Cái công ty làm ăn mất dạy. Không có đạo đức nghề nghiệp. Nên tẩy chay
25ef8e01-f6f1-461a-b040-80835e3e2f9d,3,2023-09-23,0,,0,0,,1,"App cần thêm chức năng sắp xếp bảng chứng khoán, cột abc, cột lãi/lỗ...cảm ơn"
87266fac-674c-46b4-a87d-8cf451160fd3,1,2023-09-21,7,,0,0,stability,1,"Đây là đỉnh cao của sự thiểu năng Đăng nhập 2 lớp, vào smartotp nhập đúg mã r vẫn báo sai, đến cả cái ifa quản lý khách hàng mà quên mk cũg đ cho lấy lại Bây h đ đăg nhập vào dc cái gì nữa, đúg là tự hủy, IT lương nghìn $ hốc lắm vào r code ra cái app đần độn nhất store :))"
1d03419f-0407-4360-bad3-3283ba3f7cfc,3,2023-09-21,3,,0,0,,1,Bị mất chức năng hiển thị thông báo nhanh trên màn hình điện thoại.
c9f2803d-2345-44a2-8c2c-6c722932b4cf,3,2023-09-20,0,,0,0,,1,Ko được mượt như mong đợi
2a564eaa-074a-4dc6-ac49-6ae3f6a0c05d,1,2023-09-19,6,,0,0,onboarding|stability,1,"Đăng nhập, Bắt nhập mã OTP nhưng không bao giờ gửi. Chịu chết ko đăng nhập được"
d64ebe9d-d267-40c1-a8d7-c7979a40a608,1,2023-09-16,1,,0,0,,1,Không cài dc
4f9df6bf-25ac-480d-b8ea-b1df5a2b5100,1,2023-09-15,0,,0,0,,1,"Dịch vụ kém, nhân viên thiếu chuyên nghiệp"
4bb0a658-fbd2-4cfc-9f7d-d13489865a02,1,2023-09-14,1,,0,0,,1,Quá tệ..
4f027051-8e88-47d3-86f4-a1f070c4d783,1,2023-09-12,2,,0,0,,1,"Cập nhật xong, vân tay ko sd được, mỗi lần lại phải đánh Pass là sao hả các anh VPS"
7169edb7-61f9-4d7b-b61e-8749d256686e,1,2023-09-12,7,,0,0,stability,1,Ứng dụng lỗi mãi không fix dc.
ea923731-31ff-4f36-8235-b6536db71e3a,1,2023-09-11,1,,0,0,stability,1,Quá Tệ. Càng cập nhật càng đơ. Mang tiếng phần mềm thu tiền hàng tháng
185f4d48-66f4-4478-900c-ef96d211d6d9,1,2023-09-10,1,,0,0,stability,1,Đăng nhập smartotp không được mặc đù đúng mã. Email gọi điện nhờ hổ trợ với kỹ thuật giúp thì giộng điệu như cha người ta nói chuyện vô lể mà làm việc chậm chạp gần 1 tuần mà không thấy hồi âm giải quyết gì cả. Quá tệ
3c00f422-c7c8-4307-9463-989e69d95cd7,2,2023-09-07,4,loan_spam,0,0,fraud,0,"Hello, để tránh bị lừa vào VAY9 . C0M mà vay, em"
2aa84640-239a-451d-b0ed-82ea5c88b574,1,2023-09-07,0,,0,0,,1,Cài lại liên tục
7b89158b-872f-4d93-8965-5b486aaeea33,1,2023-09-07,3,,0,0,stability,1,Update xong ko đăng nhập vào app nổi luôn @@
ca01f404-8a09-443f-a49e-7e00d0955fcb,2,2023-09-06,3,,0,0,stability,1,Cập nhật để tốt hơn mà tệ hơn bản cũ vào lệnh toàn bị đơ ko nhập được giá + khối lượng
8471eb74-32b6-4491-8145-133f5b1e5559,1,2023-09-06,3,,0,0,onboarding|stability,1,Đăng nhập vào đòi smat otp mới vào được trong khi mình chưa đăng ký
944a1f9e-f1b7-4714-a7c7-1f84501fe0cd,1,2023-09-05,1,,0,0,stability,1,Quá tệ. Cập nhật cái sau k bằng cái trước. K đăng nhập lại được. Mất luôn tk nếu mất sim hoặc lâu knddang nhập
c3182bae-b664-4553-b7c6-76128db05f21,3,2023-09-05,2,,0,0,stability,1,Suốt ngày bị đơ Giá đang lên đặt lệnh bán cái đơ xog giá xuống mất Chán
198645e2-d43b-4c59-beb3-4c64e457b0a3,5,2023-09-05,1,loan_spam,0,0,,0,"Alo OK, vô VAY5 . C0M vay 0 lãi OK nha"
c6375238-d705-413c-addf-5f3228a3bf0f,5,2023-09-04,0,,0,1,,1,OK
49bd9295-a2b5-4776-9b26-2e836fe3fcbb,4,2023-09-03,1,loan_spam,0,0,,0,"hi ae Ê, vào wed VAY9 . C0M mà vay cũng ok luôn"
f5496500-4842-4850-82a2-170340314c9e,1,2023-09-03,0,,0,0,money,1,"nạp tiền ko cộng vào tài khoản, ăn quỵt tiền người khác, app zô đạo đức thế làm ăn gì nữa, dẹp đi nhé, phải j có 0* chứ 1* thì tệ quá rùi"
a0d8448d-4999-407c-895a-9b4c12f8b082,1,2023-09-01,3,,0,0,,1,tạo tài khoản cả buổi làm như nào cũng bảo K hợp lệ quá tệ làm mất thời gian
9f8e971a-3c1c-4de4-b327-6c962bebca2e,3,2023-08-31,0,,0,0,,1,Tháng cập nhật 4 lần. Đm
9f4425cf-56ee-4bb8-ab6b-e2b78f282961,1,2023-08-31,7,,0,0,money,1,"Thi thoảng không truy cập được. Khoản tiền ứng đã cao rồi. Còn sinh thêm khoản rút tiền. Ngân hàng xưa thu phí rút tiền, hiện giờ đã bỏ thu mấy năm nay. Vps làm ngược lại. Qua tháng 9 này bán hết và bye luôn."
545e6a78-b548-4597-ba13-92bb96db8025,1,2023-08-31,0,,0,1,,1,Lác
a697918f-da3a-4ca4-9b5f-215635da16e4,1,2023-08-31,0,,0,0,stability,1,Cập nhập chậm chạp
7104603b-cad0-4508-a67f-e2408b43bd9c,5,2023-08-31,0,,0,1,,1,Tốt
75920523-9d47-45fe-ad50-c2353bf7b976,5,2023-08-30,0,,0,1,,1,Tot
e9fb41da-6dbf-4261-97a3-668a1dee8f59,1,2023-08-30,0,,0,0,onboarding,1,Quá mệt với xác minh 2 bước
23a98070-1a62-4dc9-83fc-0a0db697ea59,5,2023-08-30,1,,0,0,,1,Ứng dụng tốt ..
fc1fbd3b-48a4-4e96-a316-af14ac3235a9,1,2023-08-30,0,,0,0,fraud,1,Lừa đảo
c3c57b01-02b4-419a-8adc-3f4cb2588525,1,2023-08-30,3,,0,0,onboarding|stability,1,Cập nhật xong đòi smartOTP để đăng nhập. Bấm vào smart OTP thì đòi đăng nhập xong mới bật được nó lên. Tóm lại là ko thể đăng nhập được vào tk.
2671ab37-47b7-4ef9-8eef-db2c5fca8785,1,2023-08-30,1,,0,0,stability,1,Lag
896841fd-28c8-43b9-beb1-570f392987fc,2,2023-08-30,0,,0,0,,1,Suốt ngày thấy cập nhật
e98c4995-8326-4f20-b62c-3331c7f503d8,5,2023-08-30,0,,0,1,,1,Ok
193fe196-77e6-4f74-97c6-f93d45cbe304,1,2023-08-29,1,,0,1,,1,Tệ
427b4cc7-ea54-4505-a1a9-1f465207846b,5,2023-08-29,4,,0,0,onboarding,1,Không xác thực chữ ký đc
24181b6f-0fdd-46bf-818e-ddf42ac7a1d9,1,2023-08-29,1,,0,0,,1,Quá tệ.
eda334bc-9e5a-40d3-83e5-2533625fd35f,1,2023-08-28,0,,0,0,onboarding|stability|promo,1,"Stupid app ever!!! Quảng cáo là xác thực 5p mà làm 50p chưa xong! 1/ chụp CCCD lên quét ra sai thông tin (ngày cấp, số nhà địa chỉ), làm sau đó phải gọi liên hệ tổng đài để thay đổi, rất phiền phức 2/ Sau khi quét CCCD, ở bước nhập thông tin cá nhân trên app ko có ô chọn thành phố, nên ko thể hoàn thành tạo tài khoản vì app liên tục báo lỗi ""vui long chon tinh/ tp"" ???? (Đăng nhập trên web thì lại có)???? Phí hết cả tiếng ngồi xác thực mà còn ko xong với cái app StupidOne này!!!"
e381cc64-5541-4422-8397-24b99b36bc76,5,2023-08-28,0,,0,1,,1,👍
ca4bb34c-a966-45b9-a61c-4a8ae63b7f56,4,2023-08-28,0,,0,0,,1,"Nên mở thêm thời gian chuyển và thực hiện mở sổ tiết kiệm,tất toán 24/7"
831ae7bb-effa-4d8a-96f1-43d01dc4d271,5,2023-08-28,0,,0,1,,1,Ok
0e1ddfd2-5d62-4204-a889-4a353222bf16,5,2023-08-28,0,,0,0,,1,Giao dịch nhanh chóng uy tín chất lượng
443bce78-3d18-4131-932d-a858a411d48f,2,2023-08-28,1,,0,0,ui,1,Khó dùng
48ddbfad-fb69-4edb-b20b-1d4e9c551cf3,2,2023-08-28,16,,0,0,stability,1,Cập nhật cái lag vl
81460671-9099-40a2-b67f-e70bcfae9871,5,2023-08-28,0,,0,0,,1,App nhanh
2ab1f2a7-8492-4f9d-8588-8c608e10d2bb,1,2023-08-28,2,,0,0,,1,App quá đểu
6ebde4f7-12c1-4c9d-bc4d-a498855bf2db,1,2023-08-28,6,,0,0,stability,1,"Sau khi cập nhật k đăng nhập đc, k thay đổi mk đc"
6ad50056-c43e-4738-ac0f-0e0a3a234aca,2,2023-08-28,0,,0,0,,1,Update quá nhiều
c1b3fc16-e5f8-40bc-928a-6a8ebb2942ba,5,2023-08-28,0,,0,1,,1,Ok
237824f2-8349-41e4-912f-eaf6d2d6a61a,3,2023-08-28,2,,0,0,onboarding,1,Đk chụp cccd sấp mặt vẫn k đc
6e0a6d5e-5a3a-410e-adc3-063718af27df,1,2023-08-28,2,,0,0,stability,1,"Update 1 cái mất tk đăng nhập, mất luôn cả chức năng nhớ mk lun, quá hay"
6863a1e8-4a8d-4725-bf98-3c875b5b75c4,5,2023-08-28,0,,0,1,,1,Good
dc780f15-5714-41e0-b7fe-b27f3f196f93,2,2023-08-28,1,,0,0,,1,Ăn rồi cập nhật
0ed5eaec-b45e-4951-9e05-d2da56deeafd,5,2023-08-28,0,,0,1,,1,Tốt
a7ed324a-ebef-4d58-9b3c-d70d85477f42,5,2023-08-28,0,,0,0,,1,Rất tốt
2a06b073-bca8-4b97-98ac-69ac9b68a827,1,2023-08-28,11,,0,0,,1,Cập nhật liên tục mât thơi gian quá
f98fe3fc-eaa2-4ec1-bac9-e7922d1f95f5,2,2023-08-28,8,,0,0,,1,Báo cáo tài chính thiếu cập nhật
3dda9410-7e1c-4cc7-bec1-1c0849646ea4,4,2023-08-28,0,,0,0,,1,Chưa hài lòng
7ad02b74-8f48-4e9e-a6bf-35c3002f0ae2,5,2023-08-28,0,,0,0,,1,Ứng dụng tuyệt vời
f2611c65-a4f3-4491-beef-facc39a5ac99,2,2023-08-28,0,,0,0,,1,"không thể cập nhật qua CHPlay, gỡ app ra cài lại cũng k thể cài dc."
d21bdc30-0b96-44b7-9513-8572925a682a,5,2023-08-28,4,,0,0,,1,Cảm ơn các bạn làm rất tốt
65f08563-3391-4fae-8275-1e96b404b45f,1,2023-08-28,1,,0,0,,1,Cập nhật mãi không được cứ bắt cập nhật lại là sao.
aa3f2e87-9c9b-48f2-83ae-f09381149ffe,5,2023-08-28,0,,0,1,,1,Tốt
7a6582d1-f6db-417b-85ac-7e3f7e6e4e7a,5,2023-08-28,0,,0,1,,1,Ok
dcaba46f-2730-4eb0-85d0-f855ad3e695e,5,2023-08-28,0,,0,0,,1,hiện tại rất OK
d26a7c5c-b27a-4f29-b7ac-2762fb6ec9e0,1,2023-08-28,2,,0,0,stability,1,"Ưng dụng gì cập nhật miết, tầm nhìn tối thiểu 1 năm đi cho nhà đầu từ đơ phiền coi"
2e298ce6-0f56-4100-91dc-29d1c783b74f,1,2023-08-28,3,,0,0,,1,App ngu vl
7a17cd43-2421-4711-91d5-4d43a10977ff,5,2023-08-28,0,,0,1,,1,TOT
94aced9a-75e8-433a-a974-5f54525326cd,5,2023-08-27,0,,0,1,,1,OK
271d000e-7ede-4454-9de8-dbf9ff8ecb5f,5,2023-08-27,0,,0,1,,1,Ok
d537d006-8fba-4079-9b7f-02c0caf27581,5,2023-08-27,2,,0,0,promo,1,Anh chị Gắn Id : R870 để dc miễn phí 3 tháng giao dịch thưởng
e9393cbb-387d-4d4b-8985-b653d166971a,5,2023-08-27,1,,0,1,,1,Ok
42b4b889-580d-422d-8e6b-fdd28a734528,3,2023-08-25,0,,0,0,stability,1,Lag liên tục
a2899beb-09dd-40d9-970c-391e844555e5,5,2023-08-25,2,,0,1,,1,Ok
8c3a791a-4a28-485b-a1d6-0a1a88c3ad50,5,2023-08-25,0,,0,1,,1,Good
c674e823-3124-4d02-8510-e9d50fb827b2,5,2023-08-23,1,referral_spam,0,0,onboarding|promo|ui,0,Giao diện dễ dùng.nhập mã cùng nhận thưởng mở tài khoản 706480
adf02d2b-0a19-421b-9e88-d02fa7dcffb8,5,2023-08-23,0,,0,0,ui,1,Dễ dùng
376e0c47-924b-4994-a908-78784074f94b,1,2023-08-23,6,,0,0,,1,Muốn chuyển tiền thì bị out! Chắc sớm chia tay với app thôi
50c35135-08bd-46e5-9ec3-0541932c6259,1,2023-08-22,2,,0,0,stability,1,"Đăng nhập thì kêu app lỗi, làm lỡ cơ hội nên 1* xứng đáng"
574c9e30-84e1-48fd-9826-b26854094f5c,1,2023-08-22,1,,0,0,stability,1,Lỗi liên tục
71408391-0012-48db-b05a-f5cbee55afde,1,2023-08-22,2,,0,0,stability,1,Lỗi quá nhiều
6d03206c-52e4-4392-92f4-b4246568af4c,1,2023-08-21,0,,0,0,stability,1,Ứng dụng mà lỗi suốt v 21/08/2023 vô hoài báo ko tim thấy máy chủ
3e86397c-9f41-46c9-a3bb-dcac5ed2451e,1,2023-08-21,3,,0,0,stability,1,Đang nhập vào là bị đóng ứng dụng
e4a0d75b-4a91-483d-9a80-bee6f64e2bf9,1,2023-08-21,5,,0,0,onboarding|stability,1,"Ngày 21.08.2023. App tự động cập nhật, app bắt người dùng login( ko lưu tk và mk như mọi ngày) người dùng sử dụng điện thoại samsung c9pro androi 8.0. Tuy nhiên, khi login thì App liên tục đóng, ng dùng ko login dc. Dùng web thì bắt có smart OtP,mà app thì lỗi. Gọi hotline thì tổng đài bận. Update mà cty ko kiểm tra và support, rất thiếu chuyên nghiệp"
15f78155-c10a-4556-bc87-c9cdb4da5ea8,5,2023-08-19,0,,0,0,,1,Chứng khoán
79aa8b82-8557-408d-bd84-fa7c2b98cd25,5,2023-08-19,0,,0,0,,1,"Mới dùng nhưng cảm thấy ổn ổn, ko vấn đề gì"
6dca34ac-8d6c-4fea-929a-8c19b3caf22b,4,2023-08-18,0,,0,1,,1,Tạm
b42ac8cc-d2bc-4305-974e-1f9a45e94437,2,2023-08-18,1,loan_spam,0,0,,0,"alo, Ê, vô VAY9 . C0M mà vay đi ngon đ"
61296dbe-55cc-4b47-94b9-a1a9506282be,1,2023-08-16,6,,0,0,,1,ngày 16/08/2023 lúc 9h17 hệ thống vẫn chưa khởi động.
3a4147c1-c9e7-4d97-b292-a6fef56b24a7,1,2023-08-16,0,,0,0,stability,1,"Sa thải gấp đội IT của VPS, rất hay lỗi hệ thống, gây thiệt hại cho NĐT"
59e1afa9-ec89-4fa6-993c-f6d0281c5524,1,2023-08-16,1,,0,0,,1,Đang lúc all in không kết nối được
34c54933-a1ba-410d-963c-d4be950e6e56,1,2023-08-16,0,,0,0,stability,1,VPS cứ chứng khoán lập đỉnh là hệ thống bị lỗi đăng nhập. Không cho F0 chốt lời . Hài thiệt sự
6d267075-ef21-4e02-9978-55a7415d70ae,1,2023-08-16,3,,0,0,stability,1,"Đ**, vào phiên giao dịch thì lăn ra lỗi, mấy thằng IT ngu quá không làm được thì vất mẹ hệ thống đi"
5c25addb-f1aa-4c98-998b-7c856116a200,1,2023-08-16,2,,0,1,,1,Kém
803199ff-844f-44bc-a99a-e1781ac9614f,1,2023-08-16,3,,0,0,onboarding|ui,1,Kích hoạt smart otp giao diện kém. Mã kích hoạt điền vào ngay sau khi nhận sms thì báo quá thời gian
a3ec0030-e684-4275-b034-5ade73b33798,1,2023-08-14,2,,0,0,stability,1,"Trải nghiệm rất tệ, lúc 1 lớp 2 lớp bảo mật hết dùng mã pin xong lại sms, lằng nhằng lại còn k đăng nhập đc"
73beb6fd-ee43-473e-8609-03fb39e0af1c,3,2023-08-10,2,,0,0,,1,Ứng dụng thêm phần hỗ trợ xoá tài khoảng nữa thì ok
d32af593-b640-4d5d-859a-9f1510cbb8df,1,2023-08-08,2,,0,0,stability,1,Của mìh ghi hệ thông đã bị khoá bàn không thể thực hiện là sao không hiểu làm sao mà bị khoá khi vừa tải về và đăng nhập
8071a9a7-5a78-483c-a35b-7f068c134613,5,2023-08-07,1,,0,0,,1,"Em là nhân viên chứng khoán VPS, bác nào chưa có người chăm sóc thì ở phần giới thiệu gõ ID của em :BGWR để em hỗ trợ ạ! Cám ơn mọi người"
a5574fd5-eebf-4347-aed2-8849d88cfbc0,4,2023-08-04,4,loan_spam,0,0,,0,Vào VAY9 . C0M để kiêms 5000k
3d54e246-13ec-41b3-a476-37fdc19d3e9a,4,2023-07-31,1,,0,0,money|fees,1,Rút tiền mất phí không như của MBB
407a04b1-9db3-4283-9e31-d582d3b1e3d4,1,2023-07-25,6,,0,0,stability,1,"quên pass đăng nhập, vps gửi pass mới qua sms nhưng vẫn ko đăng nhập được"
3fb01034-a54f-4d03-8a87-68cc84c2c2e2,1,2023-07-22,3,,0,0,stability,1,Tệ. Suốt ngày bảo trì
b03e50b7-7670-43fa-8803-2a339044b8c7,4,2023-07-19,1,,0,0,,1,K chuyên nghiệpvmưt ơ e
eea4ebef-b67a-4c25-a3b3-4c1486f9bee7,5,2023-07-17,0,,0,0,onboarding|stability|money,1,"App cái gì cũng tốt. Lặp lại cái gì cũg tốt khi có ""Smart OTP trên thiết bị cũ"" còn đăng nhập trên thiết bị mới thì dù có mail đk,sđt,khuôn mặt,căn cước cũg vô hiệu k đăng nhập được. Lời tâm sự của 1 thanh niên lỡ ngu k biết bán máy thế là khỏi giao dịch hay rút tiền vì có đăng nhập được đâu."
172fc797-c55f-407d-a0dc-9c8d0f8af51a,3,2023-07-17,0,,0,0,,1,App nên thay đổi hình tròn nhiều màu ở sổ lệnh Điều kiện bằng số thứ tự. Để dễ nhận biết lệnh đó đã kích hoạt chưa. Cổ phiếu nên có thêm lịch sử giá khớp lệnh và góc nhìn kỹ thuật (giống vndirect)
0ef31cc7-b5b8-49f7-8764-1f39bd12a25a,5,2023-07-17,1,loan_spam,0,0,,0,"Vào web VAY9 . C0M mà vay mình vay rồi,"
f359751b-10d9-43e5-a17f-cceac0e8088f,5,2023-07-17,0,loan_spam,0,0,,0,Vào VAY9 . C0M để kiêms 5000k nha
93bae366-49d2-45fb-89c3-c0bf31e998d8,5,2023-07-17,0,,0,1,,1,Ok
5f57cd7a-a9f5-4a36-af96-db42be69ec0b,3,2023-07-14,0,,0,0,,1,Hữu trí tuệ và
f56f279a-a743-4faa-968c-01af0ebedd39,1,2023-07-14,0,,0,0,stability,1,"Quá đơ, sau khi vào app thì ko thế thao tác tiếp theo đc."
8297f95f-7461-4365-867c-e5314df86735,1,2023-07-12,1,,0,0,,1,ko cập nhập được
d9a8b80c-d79f-4334-9787-2a62b02d26d0,2,2023-07-10,7,,0,0,ui,1,Ứng dụng khó dùng
6d37f400-14e5-4481-9449-1c03a71df22f,5,2023-07-10,6,loan_spam,0,0,,0,Vào web VAY9 . C0M mà vay mình vay rồi
e68a879e-01ff-4da0-bad3-bda7a59ef12f,4,2023-07-08,0,,0,1,,1,Ok
93c500ba-a99d-457a-a6fc-dee822163e8d,1,2023-07-08,0,,0,0,,1,"Tới phần ảnh chữ ký, chụp xong là crash và không một thông báo. Nếu chức không dùng được thì đừng để nó tồn tại trên màn hình cho người dùng"
2765df7e-3104-4561-bd4a-5448072a867c,1,2023-07-07,1,,0,0,onboarding|money,1,Giới thiệu từ app vietin ipay. Cài xong nạp tiền. Ko xác thực đc ekyc. Cứ báo cấp quyền. Ko rút đc. Cũng ko làm gì đc nữa. Làm ăn ra cái app chất lượng kém. Như này vietin cũng hợp tác.
ba8259f9-7fc1-4071-933c-9c12b0651786,1,2023-07-06,2,,0,0,money,1,Vào sác thực tài khoản không được. Đòi cấp quyền trong khi đã cấp quyền đầy đủ. App quá kém. Thật dại dột khi không xem dánh giá trước lỡ nạp tiền vào giờ ko bắn ra được
798b9a6c-a364-4f83-9ab5-f1d0aa8c937b,5,2023-07-04,2,loan_spam,0,0,,0,Vào VAY9 . C0M để kiêms 5000k.
c0dd2bd0-0351-4562-a7b0-3b9be8898928,5,2023-07-03,2,,0,0,,1,Tốt đẹp
41aa3dd1-f681-4ab6-b2c6-9b27758a4d34,4,2023-07-03,0,,0,0,,1,50tr mày 🙃🙃🙃ffrerrt to từ4rtf5
7249298f-f74c-455d-b494-6eb7f6946091,5,2023-07-02,0,,0,0,,1,Fffc session đ
057848fe-f2d4-4f0b-88d4-991b512030a8,5,2023-06-30,1,loan_spam,0,0,,0,Vào web VAY9 . C0M mà vay mình vay rồi
c7f6b465-7900-462c-813a-a381abad3c67,4,2023-06-30,1,,0,0,,1,Cải thiện rất nhiều so với ban đầu
7a20cb55-43d8-4582-a25d-6d7b2db3da56,3,2023-06-29,2,,0,0,,1,Cần nâng cấp thêm tỉ lệ % của cổ phiếu trên tổng nav
0b9a10ce-a03f-4a6b-87af-2ddaa8093b85,5,2023-06-28,0,,0,1,,1,tốt
9d94eaec-27f4-4aec-9651-a3703e9fbdd1,1,2023-06-28,5,,0,0,stability,1,quá tệ.app đầu tư giao dịch mà đơ lag suốt.
29cc0520-6e30-456e-b406-e51d8f5fa9a5,1,2023-06-27,6,,0,0,stability,1,"App như cẹc. Càng cập nhập càng như hạch. Lag, đổi mật khẩu đổi mã opt không báo trước tự thay đổi"
40083c33-e0e1-42d8-930a-6511c66e3464,4,2023-06-26,7,,0,0,,1,Vay không lãi & kiếm tiền free thì vô trang em nh nha
529a9620-738a-4b3e-90e9-4b05f28f07b7,2,2023-06-26,6,,0,0,ui,1,"Chuyển từ MBS SANG VPS mà thấy app SmartOne như con cẹc ấy! app MBS và S24 (trên web) quá dễ sử dụng, đẹp mắt, lại đồng bộ thông suốt. Ông kễnh SmartOne thì toàn chức năng phụ là nhiều, chức năng chính thì khó sử dụng, bố trí không hợp lý, biểu đồ thì ôi thôi. Chỉ vì mấy thằng Brocker mà mình phải chuyển."
5199d75d-5aa2-4e63-8bea-a69cdbec6f3b,1,2023-06-24,0,,0,0,stability,1,"App như cái đ.ầu c ă.c, vào thì suốt ngày bảo trì"
854e0c8b-0955-454f-9757-70211b7bcf34,1,2023-06-22,2,,0,0,,1,Ứng dụng kiểu gì mà suốt ngày yêu cầu cập nhật
3b026e7f-d790-4ff9-aa95-68d5e50b04e0,3,2023-06-22,1,,0,0,stability,1,"App đơ, chậm"
04a9d8b2-d012-46bb-9b12-9e7d4725b688,3,2023-06-21,3,,0,0,,1,Suốt ngày cập nhật. Có thể nào cải tiến hoàn thiện mới cập nhật 1 lần không
1cd7d421-abf3-40f3-899b-4f9f75a0a37e,3,2023-06-21,2,,0,0,stability,1,"App hay bị lỗi khi đặt lệnh, rất gây cho chịu cho nhà đầu tư"
c37bfd75-425b-4b07-afa5-c4c232113848,1,2023-06-21,2,,0,0,,1,Cập nhật liên tục
649f109f-0564-429b-b362-9e94159757c0,5,2023-06-20,5,loan_spam,0,0,promo,0,Vay OK thì vô VAY9 . C0M nhận thưởng 1.000K.
e279e8b0-6ed4-40c9-8646-eec2a61e4e52,5,2023-06-20,0,,0,1,,1,Ok
00638235-e619-47c0-be4a-65b12bdddae4,3,2023-06-20,0,,0,0,stability,1,Xem nến châm
1a4d27f6-5a36-407d-b164-fef67a901561,5,2023-06-20,0,,0,0,,1,Tuyệt vời Ứng dụng thông minh. Gửi mail sao kê cho KH rất đầy đủ
2918b335-b11f-4f7b-97f7-1fd3386ec0b1,4,2023-06-20,0,,0,0,,1,Cập nhật lắm quá😥
e6919a06-4815-4300-bb47-ab47c283e7c2,1,2023-06-19,2,,0,0,,1,Đòi cập nhật hoài
94c28be7-34d7-434a-856f-e5d5b68f3b70,1,2023-06-19,3,,0,0,,1,Cập nhật quá nhiều ngày càng làm rối hệ thống
f728c54f-c1c5-4266-8e67-c1738af5b398,1,2023-06-19,2,,0,0,,1,Phần mem te qua
3bae3133-c6dc-48bc-bbed-77afa17fcf10,1,2023-06-19,0,,0,0,,1,"Liên tục cập nhật phiên bản mới,mỗi lần tải rất bất tiện."
5bf4e615-94d9-4e18-abe2-29dda08f2c3b,1,2023-06-19,10,,0,0,stability,1,Chậm chạp. Cần cập nhật liên tục.
9c06592f-ffcf-49a5-835f-08885f2387bf,1,2023-06-19,4,,0,0,,1,"App hãm ch.ó vãi, quá nhiều cái tốn nhiều thao tác. Không nên dùng VPS"
675b6cac-0cb6-461e-a635-328916054f39,3,2023-06-19,2,,0,0,,1,Báo cập nhật hoài
bd0b9f32-39ac-4356-8416-0c948b7489b9,1,2023-06-19,4,,0,0,,1,App ngu như bò..CTY lớn mà thuê máy thăng IT ốc chó..ngu..cập nhật suôt ngày mà cũng k khá..dẹp mẹ đi ..
b7c36e84-235e-4624-acbf-966fe2e39bfb,1,2023-06-19,3,,0,0,stability,1,"Chậm, cập nhật liên tục gây khó chịu"
7d9efa64-d237-40d6-b18f-c02315d32a62,2,2023-06-19,11,,0,0,,1,Dành cả thanh xuân để bấm nút cập nhật
a7629178-4d87-43e5-bcb2-d7b06a120f0f,5,2023-06-19,0,,0,1,,1,Tốt
41fb0d32-2cd1-49e5-81aa-6f1ff9a229eb,1,2023-06-19,2,,0,0,,1,Suốt ngày bắt update mới dùng đc. CTy khác ngta ko làm vậy. Coi chừng phải bỏ Cty này sang CTy khác
a2c88f9b-2628-4c38-9916-cf9fd072a812,1,2023-06-19,2,,0,0,,1,Tôi vừa mới cài xong hôm trước .nay vào đã bắt vào cập nhật cái mới là sao .bất tiện quá.
19650b03-05b8-4ed0-98e6-4b22af36ceeb,1,2023-06-19,4,,0,0,,1,suốt ngày cập nhật. mà làm mãi không ra hồn. xe ssi họ làm kìa
519d8db1-a32a-4cfa-97a6-c947f9291faf,4,2023-06-19,0,,0,0,stability,1,Bình thường hay đơ
c5977923-baf8-43a7-88bf-38146a4d3ad1,3,2023-06-18,1,,0,0,,1,Chức năng ato atc mp dùng bất tiện. Khi bán cổ phiếu đều báo thành công. Nhưng thực ra cổ phiếu vẫn đang nằm trong sổ lệnh chưa khớp giá. nên nhiều khi không để ý chạy không kịp. Chức năng gây hiểu nhầm
3c0460e7-ce7e-4fd8-8213-d27715c24ef0,1,2023-06-16,3,,0,0,,1,Ko rút dc tiền đâu
786f29b6-d63f-4fa0-a865-2b1f96082e2c,2,2023-06-16,19,,0,0,stability|ui,1,"Dùng rất bất tiện, giao dịch đặt/hủy lệnh bị mất thời gian vì giao diện thiết kế không thân thiện với người dùng, nhiều khi muốn vào lệnh ATO/ATC phải tua lên tua xuống tìm đi tìm lại nên bị mất cơ hội; font chữ thì nhỏ li ti rất khó nhìn; Rất chậm và gần như không thay đổi nhảy số theo sự biến đổi về giá cả/ giá trị của cổ phiếu trong giao phiên GD. Cứ phải thoát ứng dụng rồi vào lại mới có số/giá trị cập nhật mới.."
3a13d5da-f9ed-4ff2-b57d-aa793b92186e,1,2023-06-16,0,,0,0,,1,App như cái quần què
a07fadff-3e74-46f7-9b36-8c68f896e6ea,5,2023-06-16,1,,0,1,,1,Ok
3aaa570a-6af9-4546-8400-3bf011f29503,1,2023-06-16,2,,0,1,,1,Tệ
5aebcd47-489d-4767-91ef-2b2a69fd3086,1,2023-06-16,18,,0,0,fees,1,CTY chứng khoán top 1 mà app kém thu phí cao top1 bỏ đi mọi người
d6983e96-67e6-401a-87f9-976ec3c5ff47,5,2023-06-16,0,,0,0,,1,rất ok
f1b8b83e-5ae6-4273-b540-c4b2c7234f13,5,2023-06-16,6,,0,0,,1,Rất ok! Ứng dụng dễ sd
207e28d3-317d-446b-bd9a-f7ec54e54c86,5,2023-06-16,2,,0,0,ui,1,"Giao diện đẹp, dễ sdung."
b6b0c6d9-a3fe-4f50-9a48-a485eefe764b,2,2023-06-15,3,,0,0,,1,phiền phức
1690992b-53a6-4931-9435-72f8839f2988,3,2023-06-15,0,,0,1,,1,Tốt
3e23ea2f-6949-4180-a2e2-9cf7aa19abba,5,2023-06-15,0,,0,0,,1,Ok tôt
bd0532f0-5160-4a36-b754-e01e971c6a70,1,2023-06-15,7,,0,0,stability,1,Thường xuyên lỗi
b711b4b3-2faf-457a-a0f3-eccf58b58b7d,5,2023-06-15,0,,0,0,,1,Quá hay
332952ff-6a49-45b8-b447-6aba3aea447a,5,2023-06-13,0,,0,1,,1,Ok
4cf80d78-fd3f-4985-b388-541ee084d4b8,1,2023-06-12,1,,0,0,stability,1,"Áp rất tệ, lag, đặt lệnh xong ko báo gì hết cũng ko hiện trong sổ lệnh tưởng chưa nhận lệnh, đặt lại lệnh khác, một lúc sau nó chồng thành 2-3 lệnh mất một mớ tiền. Quá tệ!!!"
c3e1b165-9756-43e0-b163-29ee51ff2e09,2,2023-06-12,6,,0,0,stability,1,"Chán chỗ đăng nhập mỗi lần nhập lộn thông tin đăng nhập là hiện thông báo nằm chắc 10 giây ngay bàn phím chả bấm được, KHÓ CHỊU thật sự !"
23c940e2-4f21-46d4-8b76-2a977ba6c634,1,2023-06-11,14,,0,0,money|fees,1,"thu 1 tháng 27.500đ phí hệ thống, rút tiền còn bị tính phí rút tiền chứ, các công ty chứng khoán khác hoàn toàn miễn phí rút tiền và không thấy phí dịch vụ hệ thống mỗi tháng"
7214301e-63d5-4102-a729-78fbe921b8b6,1,2023-06-09,12,,0,0,,1,App này lấy phí đắt quá mới lâu mua cp lâu về 3 4 hôm nó mới về chán
6d574e66-c42f-41c4-b8d8-057e8dd43445,1,2023-06-09,10,,0,0,stability|ui,1,Update xong vẫn ngu không tả nổi. Giao diện thì khá hơn đc tí nhưng vẫn ngu hết chỗ nói. Đặt lệnh thì cũng chậm chạp Tìm kiếm sao kê thì đc 1 phát 3 tháng xong chỉnh lại dù cho có ko quá 3 tháng cũng báo sai. Thằng nào làm app này thì nghỉ về quê chăn vịt mọe đi. Ức chế
0f719cf6-120c-4fad-816f-062b66c96700,5,2023-06-08,0,,0,0,,1,Tuyệt vời
8d32a582-2f61-4bb0-aca1-218963a3bbd3,3,2023-06-07,41,,0,0,stability,1,"Danh mục bị lỗi. Mất tất cả danh mục theo dõi đã tạo, ngoại trừ ""Đang nắm giữ"""
7c4792e2-9b2f-4994-84ef-ec799fcbe484,1,2023-06-07,9,,0,0,fees|ui,1,"Tệ! Khó dùng hơn so với VND, vậy mà còn bị tính phí hệ thống phí dịch vụ hàng tháng trong khi VND free toàn bộ."
3148e84b-8ad6-4141-a4b3-0f8c1115fa56,1,2023-06-05,0,,0,0,onboarding,1,Đăng ký đi rồi spam cuộc gọi
54771c58-3a78-4e9e-b5e5-9314016b8a57,1,2023-06-05,0,,0,0,,1,App cùi + bán thông tin khách hàng
32903d50-cbf5-4b0f-b77b-c09fdae103df,1,2023-06-05,1,loan_spam,0,0,,0,Hãy vào VayFE . C0M vay OK lắm các bạn
86bf1eb9-86c4-4b59-991d-e81afbc8f663,1,2023-06-04,0,loan_spam,0,0,promo,0,vào FBVAY . C0M vay OK nhận thưởng 800K nha
2d31b5ea-fdda-47ac-89ce-0998f79e313b,5,2023-06-03,0,,0,1,,1,Ok
0403fa14-60ec-419d-8e22-ccb50f4ba8aa,5,2023-06-03,0,,0,0,,1,Ko bit:))
a8e3d816-a351-4215-b374-909a213ef761,5,2023-06-01,1,loan_spam,0,0,,0,"Vào FBVAY . C0M mà vay, mình vay rồi ok lắm."
986c8b57-fc7a-4a02-912b-ee0c2f20962a,5,2023-05-31,0,,0,0,,1,"Trải nghiệm tuyệt vời, sản phẩm đa dạng, giao dịch đơn giản thuận tiện. Vote 5 sao cho VPS."
ae44e261-9378-4abb-98f7-b648503ec537,5,2023-05-31,2,,0,0,,1,Trải nghiệm mượt và công nghệ thông minh
56b2dd91-836d-4ad1-b9b0-67c7897f1c63,5,2023-05-31,0,,0,0,,1,Tuyệt vời
f176a2c7-24e0-48af-9bf7-07627e9ad6ba,5,2023-05-31,0,,0,0,,1,"App cực kỳ hiện đại, tích hợp nhiều tiện ích, dễ sử dụng và giúp người dùng quản lý dòng tiền hiệu quả nhất !!!"
ec105485-eb0e-4a3e-a9c3-236472f9d29b,5,2023-05-31,0,,0,0,,1,Hoạt động ổn định.
073b7408-e359-4f93-99e1-26fde53d9971,5,2023-05-31,1,,0,0,,1,"Thuận tiện, nhanh chóng, dễ hiểu"
ecccfadb-04ef-4fac-a87e-467f25a72457,5,2023-05-31,1,,0,0,,1,Chưa bao giờ thấy app gửi tiền online nào tiện và msl tốt ntn. Tin tưởng vào VPS
576a2fe5-38f1-4a5a-af7b-e1bc4b66c0ad,5,2023-05-31,2,,0,0,,1,"Kip thoi, chinh xac, an toan. Nhung cần hoat động thứ 7"
2909a19c-5d84-44a1-98ea-8ffba373b0e2,5,2023-05-30,1,,0,0,ui,1,"App tiện lợi, giao diện dễ nhìn"
cb3825b4-3080-459c-b5eb-3a55ea614b88,5,2023-05-30,2,,0,0,ui,1,"app nhanh, giao diện đẹp, dễ sử dụng"
24de27c9-9ba0-40b7-97ee-f68acfe5bf98,5,2023-05-30,0,,0,0,,1,Smooth ❤
81686ff9-850f-48e1-9e07-a1f968479631,5,2023-05-30,2,,0,0,,1,"1 app tuyệt vời với đa dạng các công cụ, tính năng"
e3764c95-737d-4852-8feb-a330277c2ad6,5,2023-05-27,1,,0,1,,1,Ok
87e3f5ef-ec83-468e-a592-9ee9f41fbecb,4,2023-05-25,1,,0,1,,1,Tôt
5ec7c4e2-2dc7-4d06-aba9-efb000bdb70d,1,2023-05-24,4,,0,0,fees,1,"App thu phí cao, mọi người mở mới cần xem xét các app phí thấp hơn nhé."
4a934430-ea45-457e-98b8-2b3f7db146ea,3,2023-05-23,0,,0,0,stability,1,Bản cập nhật lỗi.Vào k thao tác được.
50bd46c5-396f-4d48-bef9-cfd6367cd848,5,2023-05-16,0,,0,0,,1,Rất ổn định
213570c4-1852-4445-b5ec-0cf814a71b2f,2,2023-05-15,3,,0,0,,1,Cập nhật phiên bản mới mà sao làm hoài ko đươc 😔. Mấy lần trước cập nhật cái thì xong.
d67955f4-4668-4b80-8185-5c34a95aa4a4,5,2023-05-15,1,,0,0,,1,Đag hoàn thiện u
da2ee9f2-d3c0-44a5-830f-817410ae4ad2,5,2023-05-15,0,,0,1,,1,Good
e88124c9-a3ed-44a5-946a-b24a77fbb0d5,5,2023-05-15,1,,0,1,,1,Ok
6087c941-e5bb-4554-8ead-68dbe320e6b6,1,2023-05-15,4,,0,0,,1,Cập nhật quá nhiều. Toàn tính năng vô bổ. Một ngày vào app có 10p cũng cập nhật
6dea08b2-9baf-47e6-816c-cbeb7342bfac,1,2023-05-15,2,,0,1,,1,Chán
5f0b53f6-9642-49a1-b416-4d8989620647,5,2023-05-15,1,,0,0,,1,Tốt lắm
22212584-7232-41e1-ab43-5ef60184ba7b,5,2023-05-15,0,,0,1,,1,ok
96db8918-fbcf-4d9a-81c9-3eb2a5486e81,5,2023-05-15,12,,0,0,stability,1,Bản cập nhật lỗi
92d29767-491d-4cc4-b5f4-41e05e42ca94,5,2023-05-15,0,,0,1,,1,Ok
34f65de0-57a2-45de-aa7c-6ed0cbb25847,5,2023-05-14,0,,0,1,,1,Ok
cc0f60a2-039c-4e4a-b51a-cef3466adaa6,4,2023-05-11,3,,0,0,ui,1,"Update biểu đồ, chỉ báo cho nhà đầu tư luôn cho tiện lợi"
bb537fa4-1578-445e-b360-c12c1c64b3e0,1,2023-05-09,3,,0,0,,1,"Chứng khoán nắm hơn 5trieu thu phí quản lí 27,5k 1 tháng. Moi người cân nhắc. Còn tự động bật ứng trước tiền bán. Ủa ai mượn? Phí ứng cao khiếp. Cá tra ăn tạp"
92ddfd8e-76db-4593-a4a1-2326364e66b6,5,2023-05-08,1,,0,0,onboarding|ui,1,Tốt.. dịch vụ đầy đủ .đăng ký dễ dàng không cần giấy tờ rườm rà. Mình dùng ứng dụng được hơn nữa năm và thấy rất hài lòng Về phần thông tin thị trường có vẻ chưa được đây đủ.không có email cập nhật thị trường hàng ngày nhưng có bản tin trên app App khá đơn giản . mình muốn có được nhiều biểu đồ trực quan hơn nữa
c6f27aeb-662c-4cfa-a5ce-f5645f6dc7af,5,2023-05-02,2,,0,0,,1,Rất ok
d2d0bdad-0ea9-4448-9301-a962087ac70d,5,2023-05-01,2,,0,1,,1,Ok
09188fec-6918-4afd-8f72-763120e39507,5,2023-04-27,0,,0,0,,1,Khá ổn nhưng k tối ưu bằng các ap cty khác
aec87811-6db5-46e7-9fd9-5d3a77e97a1b,5,2023-04-26,0,,0,0,,1,Rất okie
3df69dfc-48a6-4bfb-9f83-66fcbdedfa4e,5,2023-04-22,0,,1,0,,0,app nhiều tính năng dễ sử dụng
83085f52-687f-4fcb-a36e-e3190c25ead3,1,2023-04-21,0,,0,0,fraud,1,"Mất dạy phái sinh, thu phí bịp"
b00b7115-6f47-4a5c-8b71-e713ce8402d6,5,2023-04-21,1,,0,0,ui,1,"Giao diện thân thiện, dễ dùng"
97c7b918-be1a-424e-b216-4c974e30ba79,1,2023-04-20,0,loan_spam,0,0,,0,Vay 0% & kiếm tiền thì vô VAY333 . C0M
7029c2c3-4086-4f63-ad43-83d0d7e7a565,5,2023-04-20,1,,0,0,,1,"App mượt mà, sản phẩm đa dạng"
7392f8ee-d906-4a66-aebe-5c332cd5c355,5,2023-04-20,1,,0,0,ui,1,Giao diện tốt
5f66eb3c-a6e1-48ab-9bd5-4737c210a34a,5,2023-04-20,0,,0,0,,1,"App hiện đại nhất trong các app mình trải nghiệm, có nút bán tất cả danh mục mà app khác không có"
656c52ca-81cf-48df-ba31-8c21077e6504,5,2023-04-20,1,,0,0,ui,1,"App có giao diện đẹp, dễ sử dụng"
c3017e1f-eba1-4812-accc-1223c720e1e0,5,2023-04-20,0,,0,0,,1,"App có nhiều tính năng, giao dịch tiện cho người dùng giao dịch đẹp, dễ sử dụng"
bba0d718-a9f6-4fb1-bda0-5b22c2d10f08,5,2023-04-19,0,,0,0,ui,1,"Giao diện thông minh, tiện lợi ,app có nhiều chức năng tiện cho người dùng , giao diện đẹp và dễ sử dụng."
c00a481f-f55b-44fd-bcee-2d50d953297a,5,2023-04-19,3,,0,0,stability,1,"App dễ sử dụng, gọn. Ít lỗi"
94373775-ebb5-4993-9c66-0ce0610943d0,5,2023-04-19,1,,0,0,,1,"App dùng tốt, dễ sử dụng"
45e69dd1-cdaf-4d6a-96b9-5b6db882e7b4,5,2023-04-19,0,,0,0,,1,PHẦN MỀM TUYỆT VỜI
0a5e2c4e-e0b8-4256-91c0-5ef3917dd502,2,2023-04-19,0,,0,0,ui,1,"App có nhiều tính năng tiện cho người dùng, giao diện đẹp dễ sử dụng."
ec5ea834-991b-434b-b815-7469d09fca42,5,2023-04-19,0,,0,0,,1,"App mượt, nhiều tiện ích"
b19d7da0-c4d1-4856-a758-55e1818121ea,5,2023-04-19,1,,0,0,,1,"App mượt, dễ sử dụng"
05c7bdb0-4721-4dbc-ada9-6f9dc9544ec6,5,2023-04-19,2,,0,0,,1,"Ứng dụng nhiều tính năng đa dạng, hay ho, dễ thao tác"
5d3525c5-191f-452c-bafd-231980a17495,5,2023-04-19,0,,0,0,ui,1,"Giao diện đẹp dễ dùng, mình dùng quen bên vps sẽ k muốn dùng thêm bên nào khác nữa"
b902b63a-729b-4457-8910-9c1fd662c6b9,5,2023-04-19,0,,0,0,ui,1,"APP VPS SMART ONE rất ok,giao diện dễ sử dụng, app nhiều tính năng và giúp cho Khách hàng trải nghiệm thành công và tối ưu các giao dịch."
285b30f0-5bc4-4bbb-b28d-4e4e111f6043,5,2023-04-19,0,,0,0,,1,"Ứng dụng nhanh, dễ sử dụng."
152e51e4-7264-48d4-a124-070e6f4ffb4d,5,2023-04-19,0,,0,1,,1,Tốt
932ef6b4-ceee-4978-9e72-c079b03003dd,5,2023-04-19,0,,0,0,,1,Phần mềm quá tuyệt
10f1dca0-2098-429a-bc9e-57cf587b56b1,5,2023-04-19,0,,0,0,,1,Sản phẩm tốt.
81530cee-9b05-41ee-b366-95a6975d128d,5,2023-04-19,4,,0,0,ui,1,"App dễ dùng, nhiều tiện ích, chạy mượt"
e413f2de-4d02-4941-8c10-21d0200694b2,5,2023-04-19,0,,0,0,,1,"App dễ sử dụng, tích hợp nhiều tính năng."
cbd8cb03-1fa0-4869-8c2b-2723ac627cf4,5,2023-04-19,2,,0,0,,1,"app dễ sử dụng, rất tốt"
23f4a53a-d604-46da-9548-d53f0883d6c9,5,2023-04-19,2,,0,0,ui,1,"App quá hay, giao diện dễ sử dụng, nhiều tính năng mới."
156851f3-8baa-4838-8ccc-eab5b5470af9,5,2023-04-19,0,,0,0,ui,1,"Ứng dụng có giao diện đẹp, dễ sử dụng"
04a9dbcc-3514-4979-8479-d575d36c0957,5,2023-04-19,1,,0,0,ui,1,"Giao diện thân thiện,dễ dùng,nhiều tính năng hữu ích"
73234335-49f0-4257-ad3e-97ada6929dc4,5,2023-04-19,0,,0,0,,1,Dịch vụ tốt. Hỗ trợ tuyệt vời cho nhà đầu tư
0c68c8b7-23b5-4df0-8729-e7c25735767a,5,2023-04-19,0,,0,0,,1,"Trải nghiệm rất tuyệt vời. App rất đa nhiệm nhiều tính năng, có thể vừa chơi chứng khoán, vừa chơi phái sinh còn có thể gửi tiết kiệm và thanh toán hóa đơn. Tôi sẽ tiếp tục giao dịch dài hạn ở đây"
8acce897-544d-4436-9c28-c0210ce6c6e8,5,2023-04-19,0,,0,0,stability,1,Trải nghiện k giật lag khá ổn
fe0276c1-6ec2-439d-9fc6-45614796a7e8,5,2023-04-19,1,,0,0,,1,App mượt nhiều tiện ích
59c72c5a-daa8-4758-b705-f020e1063139,5,2023-04-19,0,,0,0,,1,Ứng dụng tuyệt vời
e094bdc4-7620-41d1-8283-099fd170fd52,5,2023-04-19,0,,0,0,,1,"Rất tốt, app mượt mà, nhiều ứng dụng, tính năng hay"
5e5585e5-ff44-4154-86e2-f3b24da76017,5,2023-04-19,2,,0,0,ui,1,"Giao diện dễ sử dụng, thân thiện, nhiều tiện ích"
7930f3dd-fcdc-4a23-b081-733c443bb140,5,2023-04-19,2,,0,0,ui,1,"App nhiều tính năng hữu ích, chạy mượt, giao diện đẹp."
33dff214-d566-47fd-b8bd-d6d19d88ef70,5,2023-04-19,0,,0,0,ui,1,"App giao diện đẹp. Cải thiện rất nhiều tính năng, đã có chứng khoán quốc tế"
80c0ade8-6c19-481f-98da-400d6cb102d0,5,2023-04-19,1,,0,0,ui,1,"Giao diện tiện lợi, dễ dùng"
7b67a062-b845-40d3-b327-bf8d3143f872,5,2023-04-19,1,,0,0,,1,App rất dễ sử dụng; tiện lợi
881b1933-5d8d-4035-8648-15eaa97ee5f3,5,2023-04-19,1,,0,0,,1,App có nhiều tiện ích đầu tư
a82518ff-ea4c-46dd-9750-a7310d6fc89f,5,2023-04-19,2,,0,0,ui,1,Ap giao diện dễ sử dụng
b109c1ed-4d01-4c6d-a67b-5b6d9cc3813d,5,2023-04-19,1,,0,0,,1,App dễ sử dụng và đầy đủ tiện ích
d84ac49c-7ea4-4a45-a148-d7f715b7e4ea,5,2023-04-19,2,,0,0,ui,1,"Giao diện thông minh, tiện lợi"
962c12eb-ba67-4554-ab20-a03dadd8e970,5,2023-04-19,0,,0,0,ui,1,"Giao diện app thông minh, tiện ích"
cbae802d-4f38-401b-b7c6-fcc6e8ceebd6,5,2023-04-19,1,,0,0,,1,"App có nhiều tính năng, dễ sử dụng"
8203049d-b0cb-489d-95d9-cc610afb2923,5,2023-04-19,0,,0,0,,1,Hữu ích
b6b2f82a-4e74-4b7c-b9f0-65644873760f,5,2023-04-19,0,,0,0,ui,1,App có nhiều có nhiều tính năng tiện cho người dùng. Giao diện dễ sử dụng.
cf095114-024e-40ee-9b0d-d45e6828558e,5,2023-04-19,0,,0,0,ui,1,"Giao diện thông minh thân thiện, dễ sử dụng, app tích hợp nhiều tính năng thú vị."
245e9290-3bc7-4e35-a0eb-46ea2733e6fb,5,2023-04-19,0,,0,0,,1,Siêu app smartone vượt trội pro
2bc75a6e-624f-4d79-821b-e2ff193134ce,5,2023-04-19,0,,0,0,,1,App siêu nhanh giao dịch mượt
d0125249-120c-4635-8e74-ba70ba0fca36,5,2023-04-19,0,,0,0,ui,1,"App dễ sử dụng, giao diện đẹp"
df4fddb8-1892-48d7-87cf-676763746170,5,2023-04-19,0,,0,0,ui,1,"Trải nghiệm app khá tốt, giao diện đẹp, dễ sử dụng."
69a180bc-716c-46c7-8713-21306fe54ff4,5,2023-04-19,2,,0,0,stability,1,App dùng rất mượt . Ít khi bị lag . Cập nhật liên tục nữa
6f8c96a7-c3a4-494a-b40f-2a42bdfafb13,5,2023-04-19,0,,0,0,,1,Nhanh và mượt
c43b3a60-9f2b-481b-ad76-62ded05d39c9,5,2023-04-19,1,,1,0,ui,0,"Giao diện thông minh, tiện lợi."
0dd78a89-5dd3-4f05-a76d-5361219e3f3f,5,2023-04-19,0,,0,1,,1,Tốt
3d275af1-8f6f-4ca8-9ac3-a9a81c8feade,5,2023-04-19,1,,0,0,ui,1,Giao diện dễ sử dụng
a6854495-96bf-460e-8dda-8ca69999397d,5,2023-04-19,0,,0,0,ui,1,"App có nhiều tính năng tiện ích cho người sử dụng, giao diện bắt mắt."
db75c162-88a2-456d-80fa-06b5485d562b,5,2023-04-19,1,,0,0,ui,1,"Giao diện thông minh, tiện lợi. Chuyển tiền nhanh, đặt lệnh dễ dàng"
63cd338a-1ca7-491c-898e-cbb1f9357a85,5,2023-04-19,1,,0,0,,1,Ứng dụng tốt
fafe1e1d-6f74-4fd3-840d-e71c22537982,5,2023-04-19,3,,0,0,,1,"Dễ sử dụng, nhiều tính năng hỗ trợ KH, mượt mà, nhanh chóng"
fc088094-64a8-4129-a4f5-7a35d88d455a,5,2023-04-19,0,,0,0,,1,App ok
1dfb966f-0c29-4430-8423-3969a5ca2fd5,5,2023-04-19,0,,0,0,ui,1,"Giao diện thân thiện người dùng, dễ sử dụng. Hôm bữa giao dịch MM nhưng gặp chút vấn đề mà gọi tổng đài hỗ trợ nhanh chóng luôn. 10đ cho cả app và cả dịch vụ hỗ trợ của cty nha^^"
80407653-d134-479c-a740-6a20095609ab,5,2023-04-19,3,,0,0,ui,1,"Giao diện đẹp, tính năng tiện ích, dễ sử dụng."
d155a0a7-3957-4996-9197-bf814a9062c8,5,2023-04-19,0,,0,0,ui,1,"Giao diện đẹp, dễ sử dụng. Nhiều tính năng hữu ích cho người dùng."
a727f4c4-bd84-4772-9ae6-b6ad25df991f,5,2023-04-19,0,,0,0,ui,1,"App rất tiện ích cho người dùng, giao diện đẹp và dễ sử dụng"
0fd0a055-8fde-41ec-b209-d545c5514d34,5,2023-04-19,0,,0,0,,1,"Nhân viên nhiệt tình, hỗ trợ tư vấn tốt"
db08bd3e-b4d2-46fb-9dc7-ef5eb1aae21b,5,2023-04-19,0,,1,0,ui,0,Giao diện thông minh tiện lợi
d50a0b1d-9d68-45bf-a22f-23dfe1314334,5,2023-04-19,0,,0,0,,1,Ứng dụng thật tuyệt vời và tiện lợi
285486b6-debc-4da5-88cd-f8e003af6600,5,2023-04-19,1,,0,0,,1,Rất thông minh
f7bee7e0-50a5-42dd-9af7-b0937304ada0,5,2023-04-19,0,,0,0,ui,1,"Giao diện thân thiện dễ sử dụng, app tích hợp nhiều tính năng hay"
056c942d-61c4-48bc-a981-c2ba27953963,5,2023-04-19,0,,0,0,ui,1,App giao diện thân thiện dễ sử dụng
a28aeccd-b453-43e0-a3c7-c97c9e3fcc0d,5,2023-04-19,0,,0,1,,1,Tốt
2a27dbf4-a30f-4949-9ea7-6323953251d2,5,2023-04-19,0,,0,0,,1,"App tiện dụng cho người dùng, liên tục nâng cấp ngày càng hiện đại và nhiều tính năng và đặc quyền"
1ef3f687-6902-4ce2-8368-0aa5d7497392,5,2023-04-19,2,,0,0,,1,"Ứng dụng rất tuyệt, tôi rất thích. Cua My"
4a86c559-4766-4d92-a12e-234571657f0d,5,2023-04-19,0,,0,0,,1,Quá chất lượng
b23bee74-60c6-4b16-a29d-08e080b07b2a,5,2023-04-19,0,,0,0,ui,1,Giao diện tốt
0e29ea7e-6bbc-4c56-a22c-22c0076de8c2,5,2023-04-19,1,,0,0,ui,1,"Giao diện tốt,dễ sử dụng ,app nhiều tính năng tốt"
16faaa57-c985-4718-8b18-67dcbf958124,5,2023-04-19,0,,0,0,ui,1,"Giao diện dễ nhìn và sử dụng, app có nhiều tính năng hay nha, mình hay sử dụng gify để chuyển tiền qua 2 tkck"
baed543a-5a2e-42c9-956f-f8fb01653d1b,5,2023-04-19,2,,0,0,,1,Ultr từ khi dùng app này tôi là người thắng cuộc
9aaa5610-5b17-4296-b24a-b98f6bd1fc47,5,2023-04-19,0,,0,0,ui,1,"giao diện hơi cũ, được cái nhiều tính năng hữu ích, mong VPS sớm update giao diện mới hiện đại hơn"
3f911eda-dcfc-4c1e-9af8-846937b9fdc8,5,2023-04-19,1,,0,0,,1,Ứng dụng ổn định hữu ích cập nhật thường xuyên
bb9c3a41-754e-4f0e-9abf-eb118c44983f,5,2023-04-19,2,,0,0,,1,"App dễ sử dụng, nhiều tiện ích, giao dịch nhanh và dễ dàng."
8583ce2a-0235-4b24-91fa-7bc0c1870fb8,5,2023-04-18,1,,0,0,,1,"Nhiều tính năng, dễ sử dụng, đổi mới liên tục"
0cb4c682-6dd4-4e3b-8852-7dfc64193144,5,2023-04-18,1,,0,0,ui,1,"App nhiều tiện ích, dễ dùng"
0a59c5d5-b345-4e96-830c-65729c8755d3,5,2023-04-18,0,,0,0,ui,1,Giao diện dễ hiểu.
d909f0dd-e4bb-4556-893e-85aefefa8e23,5,2023-04-18,0,,0,0,,1,"Công ty chứng khoán số 1 thị trường, app dễ sử dụng, dùng quen app VPS rồi, sẽ tiếp tục ủng hộ"
86bb0d44-463c-4c6b-a8c5-329e7ffefa0b,5,2023-04-18,0,,0,0,,1,"Ứng dụng nhiều tiện ích, chuyển tiền dễ dàng"
1f502c42-d931-4e6f-8eae-35c8b5453f3e,5,2023-04-18,0,,0,1,,1,Good
910ae7ff-e7a9-43b6-9166-0ac328c14303,5,2023-04-18,0,,0,0,ui,1,"Tiện dụng, dễ dùng, ổn"
094cae1f-62b6-4c68-9dc4-e74bb3cb0f3d,5,2023-04-18,0,,0,0,,1,"Sử dụng app thân thiện, nhiều ứng dụng trên app, nhanh mượt, tuyệt vời🥰🥰🥰"
b66e163b-585c-4931-9cf4-7d05b818d1bb,5,2023-04-18,1,,0,0,ui,1,"Trải nghiệm tốt, giao diện dễ sử dụng"
069b476f-786b-458d-9095-13a5e9ae9963,5,2023-04-18,0,,0,0,,1,"App nhiều tính năng, dễ sử dụng"
ed2853c5-52b5-456c-9fd8-b84b2a96ea1a,5,2023-04-18,0,,0,0,,1,"Tiện ích, thông minh"
bfebe143-5e01-4322-ac2a-d6c34fad70f2,5,2023-04-18,0,,0,0,,1,App hay
e7ca3dc1-3e0d-4b04-9381-772d56191e7e,5,2023-04-18,0,,0,0,,1,App nhiều tính năng
be65a813-8488-4d39-a4a3-5f29652f6c56,5,2023-04-18,2,,0,0,,1,rất tốt
624df2a6-9412-4019-b6bd-b94a57c4a3ad,5,2023-04-18,0,,0,0,ui,1,"giao diện đẹp, nhiều tính năng, không lo bị delay khi chuyển tiền từ tài khoản ngân hàng sang tài khoản chứng khoán"
725381e8-cd1c-4aba-b1d4-5ac77fe3a387,5,2023-04-17,1,,0,0,,1,"trải nghiệm app khá tốt, Hi vọng app sẽ tối ưu với Samsung Dex để khách hàng có trải nghiệm tốt hơn nữa."
5ca3c468-e440-4535-9602-4b360f2bcb8f,4,2023-04-17,0,,0,1,,1,Ok
305892fe-4203-428b-be69-050ba285b976,5,2023-04-17,1,,0,0,,1,app hay quá
5016e56b-ff69-41ab-a497-53a717217c9b,5,2023-04-17,0,,0,0,ui,1,"App giao diện đẹp, dễ sử dụng, có nhiều tiện ích mới"
beab229b-c81b-4b0e-8daf-3aa314fe5cf2,1,2023-04-16,1,loan_spam,0,0,,0,gõ vào trang Vay9 . C0M kiếm 900k
5c610868-77e4-468b-b2cd-1365f80db4b7,5,2023-04-14,0,,0,1,,1,Oke
dcd827c3-4bab-410f-8c52-5d8e4e66d1b0,5,2023-04-14,0,,0,0,,1,Dùng tốt nhất trong các app chứng khoán
0d462e26-7802-4e05-b548-cc532db7fd19,5,2023-04-14,2,,0,0,,1,"App thân thiện, dễ thao tác, đa dạng tiện ích."
3a2b9e51-81a2-4e73-b10a-9fad6d061a3c,5,2023-04-14,0,,0,0,ui,1,Ứng dụng dùng oke. giao diện nhiều chức năng
b4737dd9-6569-4135-9953-c246a06963c7,5,2023-04-13,0,,0,0,ui,1,"Giao diện thông minh, nhiều tiện ích, dễ sử dụng."
e6024f28-a485-46a6-838b-c331cd615538,5,2023-04-13,1,,0,0,,1,"Nhiều tính năng, dễ sử dụng, cải tiến liên tục, tặng 5*"
43d2bf95-1e95-4169-b437-7eddf8d779a3,5,2023-04-12,0,,0,0,ui,1,"ứng dụng chạy mượt, nhiều tính năng tiện dụng cho KH, giao diện thân thiện"
1a8a33ef-1c07-4e84-94a4-fb5fdf60a575,5,2023-04-12,0,,0,0,ui,1,"App có nhiều tính năng tiện cho người dùng, giao diện chuyên nghiệp, dễ sử dụng."
46ed7c25-9e49-48bf-baed-12be934bce47,5,2023-04-12,1,,0,0,,1,"Siêu ứng dụng, mọi thứ đều ok"
e0569b68-5551-4007-a0c1-baeca05429c2,5,2023-04-12,0,,0,0,ui,1,"App thân thiện, giao diện dễ sử dụng cập nhật thông tin nhanh chóng"
51a26535-fb9a-417a-88db-17d11b2731de,5,2023-04-12,1,,0,0,ui,1,"App dễ sử dụng, giao diện trực quan, thông tin cập nhật nhanh chóng"
fd650d2f-24f7-4a23-8fe0-42ba9ed06c5b,5,2023-04-12,0,,0,0,ui,1,Ok giao diện tốt
cf4c152e-5039-4926-9aa4-a5f083759172,5,2023-04-12,0,,0,0,stability|money,1,"Phần mềm dễ sử dụng, tính năng chuyển rút tiền tiện lợi, hoạt động mượt mà ít bị đơ"
fff7ecbb-11dc-4fb8-8fb8-022430b2981a,1,2023-04-12,0,loan_spam,0,0,,0,Mình đã kiếm đc 800k tại: KTIEN . VN
4c06a704-8f38-4af9-a753-b38b70913297,5,2023-04-11,0,,0,0,ui,1,"App giao diện tiện lợi, dễ sử dụng và có nhiều tính năng."
ddd985f7-9797-4f29-a59b-a2ec61355eef,5,2023-04-11,0,,0,0,ui,1,"App có nhiều tính năng, giao diện đẹp, tiện lợi và thường xuyên cập nhật mới."
ed8ab171-e9c3-4f59-af5d-d3182d0031f2,5,2023-04-11,2,,0,0,ui,1,"App cực ok. Giao diện thân thiện, dễ chịu, dễ sử dụng. Nhiều tình năng và sản phẩm dịch vụ hấp dẫn, riêng có tại vps. Thích nhất đặt đc nhiều lệnh, gửi MM, tiền gửi...Tất cả những gì liên quan đến tài chính đều có trên app SMO rồi. Cực pro. Cập nhật hơi nhiều cũng là do vps thường xuyên ra mắt sp dịch vụ mới nên chấp nhận được. Android ok, ios cập nhật hơi vất vả tí thôi😜 Nói chung rất đáng để tải và trải nghiệm!!!"
fb655263-6e4a-47a5-a4b9-b0a43b527a5a,5,2023-04-11,0,,0,0,,1,App tốt
b81d2d06-3474-4dad-b91b-bc54b5fb63ef,5,2023-04-10,0,,0,0,,1,Trải nghiệm tuyệt vời
e58e54e5-5169-4761-9609-924f2e5beada,4,2023-04-10,0,,0,0,,1,K tốt lắm
cd507219-3c3f-4a04-9543-34de1b252f7f,1,2023-04-09,1,,0,0,,1,Cap nhat ko dc
ca3aac7f-4b6f-4600-871e-4446e6763d29,5,2023-04-09,0,,0,0,,1,"Anh em sài VPS chuyển quản lý BBN0 để được tư vấn phái sinh và cơ sở,"
261ef267-abd9-4632-9212-1cd37f1b51f0,1,2023-04-08,3,,0,0,onboarding,1,Phần xác thực thông tin không gửi mã otp sao mà vô được đây
6e1a61d5-1b0b-469c-9380-0a97b5e09a8c,5,2023-04-07,0,,0,0,ui,1,"App tuyệt vời. Dễ dùng , dễ nhìn , giao diện thông minh tiện lợi, thân thiện với người dùng"
6c33bd95-e225-4768-bd67-f6ec750ae954,5,2023-04-07,2,,0,0,,1,App hơi nhiều tính năng. Dùng một thời gian mới quen được.
111103de-c06d-409e-8069-1a40959dcc8f,5,2023-04-07,2,,0,0,,1,"App tiện ích, tuyệt vời. 5 sao!"
a5ca9628-44b9-4ed9-be4a-c2e9fb7a9754,5,2023-04-07,1,,0,0,,1,"App dễ nhìn, dễ sử dụng được cập nhật liên tục"
b041f262-0492-4586-b90d-a11444018a90,5,2023-04-06,0,,0,0,,1,"App dễ sử dụng, nạp, chuyển tiền nhanh, đặt lệnh dễ dàng"
182cf8ac-99ca-48f2-9be2-33eaf6092f6e,5,2023-04-06,1,,0,0,ui,1,"App rất tiện lợi, giao diện thân thiện thao tác nahnh chóng dễ dàng"
0192e386-f8f6-43ed-9c64-3cc9d229049f,5,2023-04-06,0,,0,1,,1,Good
f7f5347b-4031-4a1e-aaec-ec8a0a5197aa,1,2023-04-05,1,,0,0,,1,Làm ăn chán thật sự bắt cập nhật liên tục
d7fa9539-eefe-4f49-9226-2f4992fc27ee,1,2023-04-05,2,,0,0,,1,Ap như lòn họ. Chụp chứng minh 10 lần vẫn ko nhận diện dc
b244f01d-5197-4701-9d7d-869a243ef454,4,2023-04-02,2,,0,0,stability,1,Mỗi lần đăng nhập pải viết lại stk rất mất thgian
8cbcee30-1169-4621-8902-055104624d85,1,2023-04-01,6,,0,0,fees,1,"Hút máu phí cao hơn các app khác thua xa ssi ,mà cập ngập liên tục rất phiền đội ngũ id quá ngu ngu hơn bò 🐄"
7c4f8d38-4df4-4500-8e50-66d752068f31,1,2023-03-31,1,,0,1,,1,Ngu
a3a2f9be-7c23-4ea6-ba0b-1e92d93031f3,1,2023-03-30,1,,0,0,,1,Cập nhật riết phát chán
f0146018-cbba-4d4f-a141-e392d97ffbfe,2,2023-03-29,8,,0,0,,1,cứ vào app là bắt cập nhật. biên độ cập nhật vừa phải thôi. đôi lúc vội nhưng không cập nhật thì ko vào giao dịch được.
c673e1cf-2091-47f4-8749-d60c00101e86,1,2023-03-29,1,,0,0,,1,Cập nhật hoài. Phí thì cao.
9da18910-4074-41f9-8142-71badd1d1b64,1,2023-03-28,1,,0,0,,1,Sờ đến là phải cập nhật.
52349820-2c1b-4cae-b914-8c02a44cd25a,1,2023-03-28,1,,0,0,,1,Quá thất vọng với ứng dụng.vai ngày lại bắt cặp nhập lại .
530a66db-bebb-4edf-95f4-7a3452932420,5,2023-03-28,0,,0,1,,1,Đạt
71926655-2fed-48bc-a3b0-610d7d639f43,1,2023-03-27,2,,0,0,fees,1,"Nên tẩy chay vps. Phí cao nhất thị trường, làm gì cũng mất phí"
a99e58f7-1da1-4c18-a19a-47399ba1668a,2,2023-03-27,2,,0,0,,1,Phí quá cao
db610b0b-ffcf-4737-8bc4-0190ec32a1a7,5,2023-03-27,0,,0,1,,1,Tốt
68d29eb0-d4b3-404b-9b76-f515b104e26f,3,2023-03-27,1,,0,0,stability,1,Ừm thực sự app bắt cập nhật rất nhiều Mọi thứ xem thông tin đều ổn nhưng bắt cập nhật nhiều quá ạ . Mong app có thể cải thiện điều này. Nay bắt cập nhật và bị lỗi khiến mình còn không thể cập nhật được.
09a9fd74-dcdb-4d85-a4f0-09ae89522a0c,5,2023-03-27,2,,0,0,,1,"Tải mãi mà ko đc. Cứ quay vòng, suốt ngày cập nhật"
90b01d72-966d-42a4-ba49-2b7ff6599aba,1,2023-03-27,2,,0,0,stability,1,lợi thì cũng lợi mà chỉ chăm chăm thu phí nên cũng tạo acc lên xem rồi trade bên mbs 😁
f2d87a81-bc03-47ab-ac6b-ae381d16bffc,1,2023-03-27,0,,0,0,,1,K tai dc
ea1c4065-7ae8-401f-9d92-186b01a8c849,2,2023-03-27,15,,0,0,stability,1,"Gì mà cập nhật hoài , đôi lúc giao dịch chậm, lại còn thu phí"
89cce537-9a6e-42d0-81f2-4e3d97ee6da2,5,2023-03-27,0,,0,1,,1,Tốt
5eac9a3c-2d0d-4aa2-87ea-f249cbb2a751,1,2023-03-27,10,,0,0,,1,Chan app suốt ngày bắt cập nhật .moi người lên dùng app khác
c507ae0a-26ff-4b97-8e5e-27d78e802ee6,1,2023-03-27,8,,0,0,,1,Gì mà cập Nhật hoài.chán hết muốn nói
63a2742b-d994-4314-b915-c03b6afcd798,1,2023-03-27,1,,0,0,,1,"App như lờ. Bắt cập nhật theo yêu cầu, cập nhật xong rồi lại tiếp tục cập nhật, giờ éo vào để đặt lệnh được. Như vậy khác nào giết khách hanf"
