section,field,level,parent,item_vi,item_en,unit,2018Q1,2018Q2,2018Q3,2018Q4,2019Q1,2019Q2,2019Q3,2019Q4,2020Q1,2020Q2,2020Q3,2020Q4,2021Q1,2021Q2,2021Q3,2021Q4,2022Q1,2022Q2,2022Q3,2022Q4,2023Q1,2023Q2,2023Q3,2023Q4,2024Q1,2024Q2,2024Q3,2024Q4,2025Q1,2025Q2,2025Q3,2025Q4,2026Q1,2026Q2
INCOME_STATEMENT,isa1,1,,DOANH THU HOẠT ĐỘNG,OPERATING SALES,VND bn,8.2082,5.1473,4.6829,9.4551,5.3191,4.3696,4.2646,4.475,4.5039,5.1168,2.7378,8.7556,24.6745,45.0856,42.4539,68.4769,82.2242,125.1492,97.5021,147.212,150.4962,176.4905,173.6456,213.8812,181.5016,198.2423,193.7291,233.9389,243.3988,290.2315,489.458,434.824,395.1427,453.0858
INCOME_STATEMENT,iss115,2,ISA1,Lãi từ các tài sản tài chính ghi nhận thông qua lãi/lỗ ( FVTPL),Income from financial assets recognized through profit/loss (FVTPL),VND bn,0.3819,0.115,0.6215,5.1085,0.956,0.2405,0.014,0.0,0.0115,-0.0115,0.0,3.3629,8.6193,6.8439,-1.527,6.507,3.3687,0.5794,2.8629,11.9071,12.6366,50.0991,17.0316,78.0918,15.9541,9.7495,9.9453,12.2188,17.5442,29.7727,71.1156,52.9573,23.4637,53.7595
INCOME_STATEMENT,iss116,3,ISS115,Lãi bán các tài sản tài chính FVTPL,Income from selling financial assets FVTPL,VND bn,0.0,0.0,0.0,5.1085,0.872,0.0,0.0,0.0,0.0,0.0,0.0,0.0,7.9712,9.0814,0.0011,0.1713,3.1435,1.5952,2.8014,8.2516,2.749,54.9623,3.5385,73.9188,14.4754,18.3868,8.2146,7.5232,2.8541,18.7998,57.2299,56.0517,14.2186,13.4577
INCOME_STATEMENT,iss117,3,ISS115,Chênh lệch tăng đánh giá lại các TSTC thông qua lãi/lỗ,FVTPL revaluation gain,VND bn,0.3819,0.0,0.6215,0.0,0.084,0.1255,0.014,0.0,0.0115,-0.0115,0.0,3.3629,0.6481,-2.3376,-1.5283,6.3354,0.2249,-6.6986,-0.0067,0.0009,9.8869,-9.4171,0.9232,-1.0875,3.4189,-3.4508,0.0842,-0.0604,8.2259,10.7868,10.2348,-28.8946,-0.001,1.6654
INCOME_STATEMENT,iss118,3,ISS115,"Cổ tức, tiền lãi phát sinh từ tài sản tài chính FVTPL","Dividend, interest from FVTPL financial assets",VND bn,0.0,0.115,0.0,0.0,0.0,0.115,0.0,0.0,0.0,0.0,0.0,0.0,0.0,0.1,0.0002,0.0002,0.0003,5.6828,0.0682,3.6546,0.0006,4.5539,12.5699,5.2605,-1.9403,-5.1865,1.6465,4.756,6.4642,0.1861,3.651,25.8002,9.246,38.6363
INCOME_STATEMENT,iss119,2,ISA1,Lãi từ các khoản đầu tư nắm giữ đến ngày đáo hạn,Income from held to maturity investment (HTM),VND bn,1.5738,1.6346,1.6711,2.1114,1.8052,1.8544,1.9399,2.3995,1.9574,1.839,1.2469,0.9557,1.0033,1.0424,7.4197,10.6382,13.7391,33.2161,16.8192,49.1108,52.3542,37.928,52.6582,53.0355,57.0633,58.7927,55.0898,74.0859,70.4172,57.6732,85.6077,90.2119,98.3959,95.0426
INCOME_STATEMENT,iss120,2,ISA1,Lãi từ các khoản cho vay và phải thu,Income from loans and receivables,VND bn,0.9798,0.5863,0.5503,0.5051,0.5438,0.9493,0.9555,0.5744,0.8249,1.1434,0.2422,0.5307,1.4252,4.6248,9.2349,27.4086,36.2102,50.3393,64.3166,72.2088,71.1228,73.953,78.4953,62.6527,74.2024,87.578,93.4178,105.3503,103.7103,125.0635,171.1713,155.8514,147.4746,188.6022
INCOME_STATEMENT,iss42,2,ISA1,Doanh thu nghiệp vụ môi giới chứng khoán,Revenue in Brokerage services,VND bn,4.8906,2.4176,1.4811,1.3739,1.6922,0.9504,1.0104,1.431,1.4872,1.9208,0.7028,2.6986,13.2208,31.0811,24.7919,20.9401,26.0942,36.3823,10.7448,11.6268,12.4681,12.7827,23.814,18.5805,32.1118,40.2249,33.0443,39.4576,48.9966,73.8502,156.1686,125.0046,119.5236,102.5346
INCOME_STATEMENT,iss44,2,ISA1,Doanh thu nghiệp vụ bảo lãnh phát hành chứng khoán,Revenue in Underwriting services,VND bn,0.0,0.0,0.0,0.0,0.0,0.0,0.0,0.0,0.0,0.0,0.0,0.3456,0.0,0.0,0.0,0.0,0.0,0.2,0.05,0.0,0.0,0.0,0.0,0.1,0.0,0.0,0.0,0.0,0.0,0.0,0.0,2.918,0.738,0.0
INCOME_STATEMENT,iss46,2,ISA1,Doanh thu nghiệp vụ tư vấn đầu tư chứng khoán,Revenue in Stock Investment Advisory services,VND bn,0.0,0.0545,0.0,0.0,0.0,0.0545,0.0273,0.0,0.0,0.0,0.3455,0.5808,0.08,0.9001,2.0986,2.2181,1.621,3.2941,1.3324,0.4067,0.5487,0.0,0.0102,0.0,0.0,0.0,0.0,0.6828,0.0,0.1871,0.2948,0.4443,0.3187,0.3137
INCOME_STATEMENT,iss47,2,ISA1,Doanh thu lưu ký chứng khoán,Revenue in Securities custody services,VND bn,0.3434,0.3106,0.3012,0.3083,0.2978,0.294,0.2982,0.0535,0.2072,0.197,0.1149,0.1632,0.2523,0.3745,0.362,0.5543,0.5663,0.676,0.7464,0.8463,0.9247,1.0082,1.1331,1.1414,1.3164,1.4919,1.4465,1.3924,1.6092,1.8582,2.2462,2.2184,2.1959,2.3158
INCOME_STATEMENT,iss123,2,ISA1,Doanh thu hoạt động tư vấn tài chính,Revenue in Financial Advisory services,VND bn,0.0,0.0,0.0,0.0,0.0,0.0,0.0,0.0,0.0,0.0,0.0,0.0,0.05,0.0,0.0,0.0,0.0,0.0,0.0,0.09,0.0,0.2,0.0,0.0,0.0,0.0,0.0,0.0,0.0,0.0,0.0,2.0446,0.1309,6.8154
INCOME_STATEMENT,iss50,2,ISA1,Doanh thu khác,Others revenue,VND bn,0.0388,0.0286,0.0577,0.0479,0.0242,0.0264,0.0193,0.0166,0.0157,0.0281,0.0855,0.1181,0.0237,0.2189,0.0739,0.2107,0.6248,0.4621,0.63,1.0155,0.4412,0.5196,0.5031,0.2793,0.8537,0.4052,0.7855,0.7511,1.1213,1.8266,2.8536,3.1734,2.9014,3.7022
INCOME_STATEMENT,isa3,1,,Doanh thu thuần về hoạt động kinh doanh,Net sales,VND bn,8.2082,5.1473,4.6829,9.4551,5.3191,4.3696,4.2646,4.475,4.5039,5.1168,2.7378,8.7556,24.6745,45.0856,42.4539,68.4769,82.2242,125.1492,97.5021,147.212,150.4962,176.4905,173.6456,213.8812,181.5016,198.2423,193.7291,233.9389,243.3988,290.2315,489.458,434.824,395.1427,453.0858
INCOME_STATEMENT,isa4,1,,CHI PHÍ HOẠT ĐỘNG,OPERATING EXPENSE,VND bn,-4.9348,-3.7821,-3.0615,-4.0107,-3.1406,-2.887,-3.3717,-2.9639,-2.4868,-2.919,-1.7287,-4.8863,-12.1069,-18.1619,-29.8415,-40.4931,-41.9711,-121.9088,-68.2752,-72.3553,-77.469,-92.7056,-103.7422,-60.0875,-49.6628,-117.2213,-107.5628,-145.0307,-135.9127,-141.1825,-266.8672,-333.267,-299.0409,-270.4642
INCOME_STATEMENT,iss124,2,ISA4,Lỗ các tài sản tài chính ghi nhận thông qua lãi lỗ (FVTPL),Loss from financial assets recognized through profit/loss (FVTPL),VND bn,0.0,-0.5193,-0.0503,-0.4916,-0.0611,-0.0,-0.4025,-0.152,-0.0245,0.0185,0.0,-0.0053,-5.2454,-5.2226,-9.5015,-4.8447,-0.0937,-78.4738,-28.8113,27.3654,-7.3813,4.4702,-11.0344,14.1197,4.0901,-24.1385,-8.6602,-12.3693,3.5293,24.272,1.0272,-54.038,-33.0746,-10.2844
INCOME_STATEMENT,iss125,3,ISS124,Lỗ bán các tài sản tài chính,Loss from selling financial assets FVTPL,VND bn,0.0,0.0,0.0,0.0,0.0,0.0,0.0,0.0,0.0,-0.006,0.0,0.0,-5.2316,-5.2,-0.263,-14.0533,-0.0905,-0.2456,-0.1735,-1.2521,-1.4838,-0.2196,-4.4297,-65.0042,-0.2721,-7.6889,-0.5498,-1.7396,-1.8142,-0.334,-0.4415,-28.7362,-15.4114,-9.9713
INCOME_STATEMENT,iss126,3,ISS124,Chênh lệch giảm đánh giá lại các TSTC thông qua lãi/lỗ,FVTPL financial assets revaluation loss,VND bn,0.0,-0.5193,0.0,-0.3405,0.0,-0.0,-0.4025,-0.152,-0.0245,0.0245,0.0,0.0,-0.0,0.0,-9.2134,9.2095,-0.0022,-78.1691,-28.6344,28.6291,-5.8788,4.7633,-6.4825,79.3393,4.8516,-15.1151,-7.4398,-10.5544,5.5795,25.6013,2.4535,-24.353,-17.0148,0.4799
INCOME_STATEMENT,iss127,3,ISS124,Chi phí giao dịch mua các tài sản tài chính FVTPL,FVTPL financial assets purchase transaction costs,VND bn,0.0,0.0,-0.0503,-0.1511,-0.0611,0.0,0.0,0.0,0.0,0.0,0.0,-0.0053,-0.0138,-0.0226,-0.0251,-0.0008,-0.001,-0.0591,-0.0035,-0.0117,-0.0187,-0.0735,-0.1222,-0.2154,-0.4895,-1.3344,-0.6706,-0.0754,-0.236,-0.9953,-0.9848,-0.9488,-0.6484,-0.793
INCOME_STATEMENT,iss168,2,ISA4,"CP dự phòng TSTC, xử lý tổn thất các khoản phải thu khó đòi là lỗ suy giảm TSTC và CP đi vay","Provision for losses from mortgage assets, uncollectible receivables, and loan expenses",VND bn,-0.1911,-0.0549,-0.2021,-0.436,-0.2071,-0.3974,-0.4338,-0.1733,-0.3445,-0.4988,-0.0278,-0.4332,-0.5466,-1.9357,-6.3694,-12.3828,-22.3268,-19.9154,-20.658,-79.5155,-48.149,-72.6384,-54.41,-36.2985,-10.5257,-43.3512,-52.6464,-76.0375,-72.1389,-75.8736,-92.708,-122.2678,-122.8195,-126.1064
INCOME_STATEMENT,iss132,2,ISA4,Chi phí hoạt động tự doanh,Proprietary trading services expenses,VND bn,-0.0137,-0.0137,-0.1161,-0.0447,-0.0137,-0.0137,-0.0137,-0.0137,-0.0137,-0.0071,0.0,0.0,0.0,0.0,0.0,-0.007,-0.0238,-0.046,-0.042,-0.0335,-0.0203,-0.0281,-0.0383,-0.0356,-0.015,-0.0153,-0.015,-0.0152,0.0,-0.2377,-0.1335,-0.1315,-0.1295,-0.1315
INCOME_STATEMENT,iss133,2,ISA4,Chi phí nghiệp vụ môi giới chứng khoán,Brokerage expenses,VND bn,-4.1617,-2.6397,-2.1369,-2.3718,-2.3212,-1.9777,-2.0247,-2.1353,-1.6927,-2.0224,-1.4732,-4.1172,-5.897,-10.5018,-13.1138,-21.9791,-18.5355,-22.0224,-16.3986,-17.4481,-20.2847,-22.0946,-34.9703,-33.766,-38.6596,-44.6589,-41.1455,-50.3639,-61.2612,-83.8168,-169.8585,-149.9195,-137.8162,-128.7015
INCOME_STATEMENT,iss134,2,ISA4,"Chi phí nghiệp vụ bảo lãnh, đại lý phát hành chứng khoán","Underwriting, securities issuance expenses",VND bn,0.0,0.0,0.0,0.0,0.0,0.0,0.0,0.0,0.0,0.0,0.0,0.0,0.0,0.0,0.0,0.0,-0.052,-0.0355,-0.0718,-0.0455,-0.0618,-0.034,-0.0243,-0.0202,-0.0216,-0.0235,-0.0276,-0.0206,-0.0187,-0.0074,0.0,0.0,0.0,0.0
INCOME_STATEMENT,iss135,2,ISA4,Chi phí nghiệp vụ tư vấn đầu tư chứng khoán,Expenses for securities advisory,VND bn,-0.1106,-0.1216,-0.1153,-0.208,-0.1568,-0.1323,-0.1302,-0.1463,-0.0993,-0.1029,-0.0171,-0.0206,0.0,0.0,0.0,0.0,0.0,0.0,0.0,-0.0186,-0.2963,-0.7298,-0.5767,-0.9129,-0.7564,-0.6641,-0.5387,-0.5188,-0.352,-0.5536,-0.7019,-1.3869,-1.0675,-1.1002
INCOME_STATEMENT,iss137,2,ISA4,Chi phí nghiệp vụ lưu ký chứng khoán,Investors' securities depository expenses,VND bn,-0.3551,-0.3283,-0.3319,-0.3416,-0.2963,-0.2475,-0.254,-0.2455,-0.2367,-0.2253,-0.1216,-0.1627,-0.2513,-0.25,-0.4503,-0.5171,-0.5472,-0.6323,-0.7423,-0.815,-0.8967,-1.056,-1.2547,-1.6974,-2.261,-2.6439,-2.7167,-3.2556,-3.6467,-2.9667,-2.5674,-2.3897,-2.3221,-2.4021
INCOME_STATEMENT,iss139,2,ISA4,Chi phí các dịch vụ khác,Other expenses,VND bn,-0.1026,-0.1046,-0.1089,-0.117,-0.0842,-0.1185,-0.1128,-0.0977,-0.0753,-0.0811,-0.0889,-0.1472,-0.1666,-0.2517,-0.4065,-0.7624,-0.3919,-0.7834,-1.5511,-1.8444,-0.3789,-0.5948,-1.4336,-1.4766,-1.5137,-1.7259,-1.8127,-2.4496,-2.0245,-1.9987,-1.9251,-3.1336,-1.8117,-1.738
INCOME_STATEMENT,isa5,1,,LỢI NHUẬN GỘP,GROSS PROFIT,VND bn,3.2735,1.3652,1.6213,5.4445,2.1786,1.4826,0.8929,1.5112,2.0171,2.1978,1.0092,3.8692,12.5676,26.9238,12.6124,27.9839,40.2531,3.2404,29.227,74.8567,73.0273,83.785,69.9034,153.7937,131.8388,81.021,86.1663,88.9083,107.4861,149.049,222.5908,101.557,96.1018,182.6216
INCOME_STATEMENT,iss141,1,,DOANH THU HOẠT ĐỘNG TÀI CHÍNH,REVENUE FROM FINANCIAL ACTIVITIES,VND bn,0.0669,0.0403,0.0179,0.015,0.0136,0.0143,0.0151,0.0299,0.0442,0.0358,0.021,0.0458,0.0895,0.1515,0.2526,0.2798,0.2664,0.5237,0.2704,3.7207,1.0521,0.5849,0.8414,3.9619,1.4307,1.8395,1.0813,1.2141,1.3289,1.6946,2.2403,2.2685,2.2727,2.0041
INCOME_STATEMENT,iss142,2,ISS141,Chênh lệch lãi tỷ giá hối đoái đã và chưa thực hiện,Realized and unrealized foreign exchange gain,VND bn,0.0,0.0,0.0,0.0,0.0,0.0,0.0,0.0,0.0,0.0,0.0,0.0,0.0,0.0041,0.0,0.0009,0.0025,0.0019,0.0098,0.0065,0.0004,0.0003,0.0002,0.0,0.0,0.6,0.0,0.0,0.0,0.0,0.0,0.0,0.0,0.0
INCOME_STATEMENT,iss143,2,ISS141,"Doanh thu, dự thu cổ tức, lãi tiền gửi không cố định phát sinh trong kỳ",Income from non fixed accrued dividend and interest,VND bn,0.0669,0.0403,0.0179,0.015,0.0136,0.0143,0.0151,0.0299,0.0442,0.0358,0.021,0.0458,0.0895,0.1474,0.2526,0.2789,0.2639,0.5218,0.2606,0.8079,1.0516,0.5846,0.8412,0.98,1.409,1.2395,1.0813,1.2141,1.3289,1.6946,2.2403,2.2685,2.2727,2.0041
INCOME_STATEMENT,iss145,2,ISS141,Doanh thu khác về đầu tư,Other revenue from investments,VND bn,0.0,0.0,0.0,0.0,0.0,0.0,0.0,0.0,0.0,0.0,0.0,0.0,0.0,0.0,0.0,0.0,0.0,0.0,0.0,2.9063,0.0,0.0,0.0,2.9819,0.0217,0.0,0.0,0.0,0.0,0.0,0.0,0.0,0.0,0.0
INCOME_STATEMENT,iss146,1,,CHI PHÍ TÀI CHÍNH,EXPENSE FROM FINANCIAL ACTIVITIES,VND bn,0.0,0.0,0.0,0.0,-0.0492,0.0492,0.0,0.0,0.0,0.0,-0.0476,-0.0238,0.0,0.0,0.0,-2.8295,-4.7071,-7.4846,-9.1048,-8.9838,-7.2033,-3.4696,-4.8141,-6.6158,-9.9173,-6.5573,-6.2166,-5.36,-10.2699,-14.2982,-13.9755,-29.016,-38.1131,-37.8233
INCOME_STATEMENT,iss147,2,ISS146,Chênh lệch lỗ tỷ giá hối đoái đã và chưa thực hiện,Realized and unrealized foreign exchange loss,VND bn,0.0,0.0,0.0,0.0,0.0,0.0,0.0,0.0,0.0,0.0,0.0,0.0,0.0,0.0,0.0,0.0,0.0,0.0,0.0,-0.0002,-0.0006,0.0,-0.0,-0.0,-0.0,0.0,0.0,0.0,0.0,0.0,0.0,0.0,0.0,0.0
INCOME_STATEMENT,iss148,2,ISS146,Chi phí lãi vay,Interests expenses,VND bn,0.0,0.0,0.0,0.0,0.0,0.0,0.0,0.0,0.0,0.0,-0.0476,-0.0238,0.0,0.0,0.0,-2.7233,-4.5821,-7.3096,-8.9798,-8.9648,-7.2028,-3.4696,-4.8141,-6.6158,-9.906,-6.5573,-6.2166,-5.36,-10.1568,-14.103,-13.8428,-28.7245,-37.7472,-37.4641
INCOME_STATEMENT,iss151,2,ISS146,Chi phí đầu tư khác,Other investment expenses,VND bn,0.0,0.0,0.0,0.0,-0.0492,0.0492,0.0,0.0,0.0,0.0,0.0,0.0,0.0,0.0,0.0,-0.1062,-0.125,-0.175,-0.125,-0.0188,0.0,0.0,0.0,0.0,-0.0113,0.0,0.0,0.0,-0.1131,-0.1952,-0.1327,-0.2915,-0.3659,-0.3593
INCOME_STATEMENT,isa10,1,,CHI PHÍ QUẢN LÝ CÔNG TY CHỨNG KHOÁN,GENERAL AND ADMINISTRATIVE EXPENSES,VND bn,-1.4483,-1.5953,-1.3899,-1.7415,-1.4584,-1.4997,-1.3389,-1.5062,-1.4076,-1.6017,-1.7207,-2.1025,-2.5825,-2.9167,-3.211,-6.115,-4.298,-9.607,-8.317,-14.85,-18.7358,-22.0855,-18.005,-35.4867,-36.2205,-35.6696,-31.7117,-48.3077,-33.3626,-45.3434,-39.5872,-63.111,-46.0858,-49.3456
INCOME_STATEMENT,isa11,1,,KẾT QUẢ HOẠT ĐỘNG,OPERATING PROFIT/(LOSS),VND bn,1.8921,-0.1898,0.2493,3.718,0.6846,0.0464,-0.4309,0.0349,0.6538,0.6319,-0.738,1.7888,10.0746,24.1585,9.654,19.3192,31.5145,-13.3275,12.0755,54.7435,48.1402,58.8147,47.9256,115.6531,87.1318,40.6336,49.3194,36.4546,65.1825,91.102,171.2684,11.6986,14.1756,97.4567
INCOME_STATEMENT,isa16,1,,TỔNG LỢI NHUẬN KẾ TOÁN TRƯỚC THUẾ,NET ACCOUNTING PROFIT/(LOSS) BEFORE TAX,VND bn,1.8489,-0.2375,0.2001,3.6688,0.6846,-0.052,-0.4801,-0.0772,0.6046,0.5827,-0.738,1.8588,10.1924,24.3418,10.8488,22.7794,31.6565,-10.1364,14.8274,58.6283,49.6983,62.8187,50.66,122.4591,87.7258,42.7416,55.4894,41.5447,66.467,91.022,171.0692,11.6669,14.1711,97.4363
INCOME_STATEMENT,iss153,2,ISA16,Lợi nhuận đã thực hiện,Realized profit,VND bn,1.4669,0.2818,0.0236,4.0093,0.6006,-0.1775,-0.0916,0.0748,0.6176,0.5697,-0.738,-1.5041,9.5443,26.6794,21.5905,7.2345,31.4337,74.7312,43.4685,29.9983,-45.6901,158.8527,56.2192,44.2073,79.4552,61.3076,62.845,52.1595,52.6616,54.6339,158.3809,64.9144,31.1868,95.2911
INCOME_STATEMENT,iss154,2,ISA16,Lợi nhuận chưa thực hiện,Unrealized profit,VND bn,0.3819,-0.5193,0.1765,-0.3405,0.084,0.1255,-0.3885,-0.152,-0.013,0.013,0.0,3.3629,0.6481,-2.3376,-10.7417,15.5449,0.2227,-84.8677,-28.6411,28.63,95.3884,-96.034,-5.5593,78.2518,8.2706,-18.566,-7.3557,-10.6148,13.8054,36.3881,12.6883,-53.2476,-17.0158,2.1452
INCOME_STATEMENT,isa17,2,ISA16,Chi phí thuế thu nhập hiện hành,Business income tax - current,VND bn,-0.302,0.0,-0.0499,-0.7436,-0.1468,0.0236,0.0862,-0.1506,-0.1308,-0.1264,0.1476,0.1095,-1.9397,-5.316,-4.3272,-1.4581,-6.2993,1.8162,-2.9682,-11.0152,0.0,-22.0009,-9.9788,-24.611,-16.8942,-9.2699,-11.0988,-8.4695,-11.7256,-15.5107,-32.2151,-8.1735,-2.8446,-15.3024
INCOME_STATEMENT,isa18,2,ISA16,Chi phí thuế thu nhập hoãn lại,Business income tax - deferred,VND bn,0.0,0.0,0.0,0.0,0.0,0.0,0.0,0.0,0.0,0.0,0.0,-0.6726,-0.1296,0.4675,0.3347,-1.2953,-0.0445,1.3385,0.0013,-0.0002,-1.9774,1.8834,-0.1846,0.2175,-0.6838,0.6902,-0.0168,0.0121,-1.6452,-2.1574,-2.047,5.7789,0.0002,-0.3331
INCOME_STATEMENT,isa20,1,,LỢI NHUẬN KẾ TOÁN SAU THUẾ,NET PROFIT/(LOSS) AFTER TAX,VND bn,1.5468,-0.2375,0.1502,2.9252,0.5379,-0.0284,-0.3939,-0.2278,0.4738,0.4563,-0.5904,1.2957,8.1231,19.4934,6.8562,20.0259,25.3126,-6.9817,11.8606,47.6129,47.7209,42.7012,40.4965,98.0656,70.1477,34.1619,44.3737,33.0873,53.0963,73.3539,136.8072,9.2723,11.3267,81.8008
INCOME_STATEMENT,isa22,2,ISA20,Lợi nhuận sau thuế phân bổ cho chủ sở hữu,Attributable to parent company,VND bn,1.5468,-0.2375,0.1502,2.9252,0.5379,-0.0284,-0.3939,-0.2278,0.4738,0.4563,-0.5904,1.2957,8.1231,19.4934,6.8562,20.0259,25.3126,-6.9817,11.8606,47.6129,47.7209,42.7012,40.4965,98.0656,70.1477,34.1619,44.3737,33.0873,53.0963,73.3539,136.8072,9.2723,11.3267,81.8008
INCOME_STATEMENT,iss164,1,,Tổng thu nhập toàn diện,Total comprehensive income,VND bn,1.5468,-0.2375,0.1502,2.9252,0.5379,-0.0284,-0.3939,-0.2278,0.4738,0.4563,-0.5904,1.2957,8.1231,19.4934,6.8562,20.0259,25.3126,-6.9817,11.8606,47.6129,47.7209,42.7012,40.4965,98.0656,70.1477,34.1619,44.3737,33.0873,53.0963,73.3539,136.8072,9.2723,11.3267,81.8008
INCOME_STATEMENT,iss165,2,ISS164,Thu nhập toàn diện phân bổ cho chủ sở hữu,Comprehensive income distributed to shareholders,VND bn,1.5468,-0.2375,0.1502,2.9252,0.5379,-0.0284,-0.3939,-0.2278,0.4738,0.4563,-0.5904,1.2957,8.1231,19.4934,6.8562,20.0259,25.3126,-6.9817,11.8606,47.6129,47.7209,42.7012,40.4965,98.0656,70.1477,34.1619,44.3737,33.0873,53.0963,73.3539,136.8072,9.2723,11.3267,81.8008
BALANCE_SHEET,bsa1,1,,TÀI SẢN NGẮN HẠN,CURRENT ASSETS,VND bn,129.6087,133.1301,126.2934,129.47,144.4037,157.2573,149.4649,142.7416,147.431,162.6414,157.9075,169.3073,216.4192,338.2589,1752.8909,2284.3694,2832.9585,4493.4035,5307.0425,5429.8413,5382.0359,6572.1893,6187.112,6597.7644,7854.3333,6527.3892,7786.2413,8172.0434,9137.291,10019.356,11280.4335,13285.8364,13212.8144,13953.3382
BALANCE_SHEET,bss214,1,,Tài sản tài chính ngắn hạn,Short term financial assets,VND bn,128.9962,132.5169,126.0083,128.9454,143.7152,156.5416,149.0233,142.4483,146.8811,161.7284,157.3672,167.8697,215.4912,337.238,1731.9163,2282.1211,2812.8453,4476.0649,5273.9888,5401.7218,5355.6663,6545.2348,6157.4341,6568.7,7846.2241,6521.7879,7777.5408,8165.5353,9128.4167,10011.8048,11270.9375,13275.5823,13201.8434,13666.0864
BALANCE_SHEET,bsa2,2,BSS214,Tiền và tương đương tiền,Cash and cash equivalents,VND bn,18.2457,17.3432,10.3097,12.6156,10.7074,8.448,9.657,5.1063,0.3947,26.1998,2.121,1.0963,1.0828,14.8104,280.4101,21.0219,22.0042,35.7098,288.9171,431.9361,90.1316,412.035,730.2823,505.2759,632.9613,936.4554,156.7297,1093.1621,535.0186,66.6355,742.1658,510.5788,795.2598,841.924
BALANCE_SHEET,bsa3,3,BSA2,Tiền,Cash,VND bn,0.2457,0.1432,0.5097,0.3156,0.1574,0.148,0.157,0.1063,0.3947,0.0998,1.121,0.0963,0.0828,0.8104,200.274,0.6844,1.4653,14.9632,288.9171,431.9361,90.1316,412.035,730.2823,505.2759,545.5473,886.4554,156.7297,943.1621,535.0186,66.6355,742.1658,510.5788,795.2598,841.924
BALANCE_SHEET,bsa4,3,BSA2,Các khoản tương đương tiền,Cash equivalents,VND bn,18.0,17.2,9.8,12.3,10.55,8.3,9.5,5.0,0.0,26.1,1.0,1.0,1.0,14.0,80.1361,20.3376,20.5388,20.7466,0.0,0.0,0.0,0.0,0.0,0.0,87.414,50.0,0.0,150.0,0.0,0.0,0.0,0.0,0.0,0.0
BALANCE_SHEET,bsa6,2,BSS214,Các tài sản tài chính ghi nhận thông qua lãi lỗ (FVTPL),Financial assets at fair value through profit or loss (FVTPL),VND bn,21.6811,21.1618,21.3383,20.9978,21.0818,21.2073,20.8188,20.6668,20.6538,0.0,0.0,23.0,18.3709,24.4777,223.1498,84.0931,76.0272,544.8242,534.2467,575.6007,564.5752,1035.8734,770.0958,298.5847,621.2282,109.1022,746.0066,167.0846,554.5927,743.5171,1009.1309,2085.4708,1503.9151,1539.9393
BALANCE_SHEET,bsb108,2,BSS214,Các khoản đầu tư nắm giữ đến ngày đáo hạn (HTM),Held-to-maturity investment,VND bn,62.1,68.5,73.5,78.5,80.5,82.75,82.45,85.9,91.3332,85.3332,57.0332,82.4332,82.5,92.5,602.5,882.871,1278.7633,1748.7633,1712.2477,1902.8767,2026.05,2306.05,2173.5,2765.5,2915.5,1627.5,2571.5,2774.75,3242.25,3936.25,3496.75,4561.75,4661.79,4659.25
BALANCE_SHEET,bss215,2,BSS214,Các khoản cho vay,Loans,VND bn,29.3652,26.5744,22.3861,18.7363,31.9864,42.9762,35.5904,31.0106,33.6096,53.1205,13.2093,23.0967,67.1578,157.7002,547.021,1192.4954,1310.5164,1916.8116,2463.893,2280.3767,2450.8962,2566.6391,2236.6263,2483.0686,3408.822,3597.671,4102.4592,3881.5855,4275.7031,5052.6167,5750.067,5832.1911,5909.5481,6303.0648
BALANCE_SHEET,bsa7,2,BSS214,Dự phòng suy giảm giá trị tài sản tài chính và tài sản thế chấp,Provision for diminution,VND bn,-7.7727,-7.7727,-7.7727,-7.7727,-7.7727,-7.7727,-7.7727,-7.7727,-7.7727,-7.7727,-7.7727,0.0,0.0,0.0,0.0,0.0,0.0,0.0,0.0,-39.5342,-39.5861,-47.542,-47.542,-44.5567,-16.7464,-23.5008,-33.8718,-42.1622,-46.9946,-53.1838,-47.3203,-54.1188,-57.3502,-63.0832
BALANCE_SHEET,bsa8,2,BSS214,Tổng các khoản phải thu,Accounts receivable,VND bn,5.3769,6.7102,6.2468,5.8684,7.2123,8.9328,8.2797,7.5373,8.6624,4.8477,92.7764,38.2436,46.3798,47.7497,78.8353,101.6397,125.5342,229.9559,274.6843,250.4657,263.5994,272.1793,294.4717,560.8275,284.459,274.5601,234.717,291.1153,567.8469,265.9693,320.1442,339.7103,388.6806,384.9916
BALANCE_SHEET,bss217,3,BSA8,Các khoản phải thu (từ 2016),Receivables (from 2016),VND bn,4.4278,5.9682,5.4332,5.2782,6.5676,8.1601,7.4614,6.7646,7.9716,4.376,2.829,1.2091,1.9533,2.2263,10.2527,27.2673,37.4371,75.1152,98.9826,125.9626,152.2293,163.4417,161.8781,550.3349,269.4312,162.4945,216.4485,279.409,557.8561,243.8759,307.0954,310.0478,340.8951,377.0605
BALANCE_SHEET,bss218,3,BSA8,Phải thu bán các tài sản tài chính,Account receivables,VND bn,0.0,0.0,0.0,0.0,0.0,0.0,0.0,0.0,0.0,0.0,0.0,0.0,0.0,0.0,0.0,0.0,0.0,0.0,0.0,0.0,0.0101,0.0,0.0228,345.1501,25.1051,0.0102,0.23,0.5434,318.4632,3.4948,57.2681,0.01,0.8616,50.2316
BALANCE_SHEET,bss219,3,BSA8,"Phải thu và dự thu cổ tức, tiền lãi các tài sản tài chính",Receivables and accrued dividend/interest of financial assets,VND bn,4.4278,5.9682,5.4332,5.2782,6.5676,8.1601,7.4614,6.7646,7.9716,4.376,2.829,1.2091,1.9533,2.2263,10.2527,27.2673,37.4371,75.1152,98.9826,125.9626,152.2193,163.4417,161.8552,205.1848,244.3261,162.4843,216.2185,278.8656,239.3929,240.3811,249.8273,310.0378,340.0335,326.8289
BALANCE_SHEET,bss220,3,BSA8,"Phải thu cổ tức, tiền lãi đến ngày nhận",Due or overdue receivables on dividend/interest,VND bn,0.0,0.0,0.0,0.0,6.5676,0.0,0.0,0.0,7.9716,4.376,0.0,0.0,0.0,0.0,0.0,0.0001,0.0,0.0007,0.0,0.0,0.0,0.0,0.0,0.0,0.0,0.0,0.0,0.0,0.0,0.0,0.0,0.0,0.0,0.0
BALANCE_SHEET,bss222,3,BSA8,"Dự thu cổ tức , tiền lãi chưa đến ngày nhận",Undue accrued dividend/interest,VND bn,4.4278,5.9682,5.4332,5.2782,0.0,8.1601,7.4614,6.7646,0.0,0.0,2.829,1.2091,1.9533,2.2263,10.2527,27.2672,37.4371,75.1145,98.9826,125.9626,152.2193,163.4417,161.8552,205.1848,244.3261,162.4843,216.2185,278.8656,239.3929,240.3811,249.8273,310.0378,340.0335,326.8289
BALANCE_SHEET,bsa10,3,BSA8,Trả trước người bán,Prepayments to suppliers,VND bn,0.0,0.0,0.0,0.0063,0.0,0.0,0.0,0.0,0.0,0.0,89.7138,36.7131,43.6382,44.4432,67.0026,72.9586,86.6918,149.9624,174.6531,123.4244,110.4524,107.5137,131.2237,2.5125,1.3769,101.3684,11.0276,5.398,0.7521,10.9364,1.3631,17.1486,23.2567,3.2201
BALANCE_SHEET,bss224,3,BSA8,Phải thu các dịch vụ CTCK cung cấp,Receivables form services provided by the stock company,VND bn,0.7364,0.7078,0.7674,0.5719,0.5899,0.7598,0.8027,0.7291,0.6774,0.3678,0.2257,0.2851,0.3855,0.7756,1.477,1.2637,1.1586,2.8229,0.9219,0.9993,0.7684,0.9426,0.9357,1.1143,1.37,1.3723,1.5205,1.7769,1.9626,2.0556,3.5413,7.4151,3.3963,3.5346
BALANCE_SHEET,bsa13,3,BSA8,Phải thu khác,Other receivables,VND bn,0.2127,0.0342,0.0462,0.012,0.0548,0.0129,0.0156,0.0436,0.0135,0.1039,0.008,0.0363,0.4028,0.3046,0.103,0.15,0.2466,2.0555,0.1267,0.0794,0.1492,0.3189,0.4719,6.9286,12.3436,9.3876,5.7832,4.6193,7.364,9.1893,8.2323,5.2243,21.258,1.302
BALANCE_SHEET,bss226,3,BSA8,Dự phòng suy giảm giá trị các khoản phải thu,Provision for short term receivables,VND bn,0.0,0.0,0.0,0.0,0.0,0.0,0.0,0.0,0.0,0.0,0.0,0.0,0.0,0.0,0.0,0.0,0.0,0.0,0.0,0.0,0.0,-0.0377,-0.0377,-0.0628,-0.0628,-0.0628,-0.0628,-0.0879,-0.0879,-0.0879,-0.0879,-0.1256,-0.1256,-0.1256
BALANCE_SHEET,bsa18,1,,Tài sản ngắn hạn khác,Other current assets,VND bn,0.6124,0.6132,0.2851,0.5246,0.6884,0.7157,0.4417,0.2933,0.5499,0.913,0.5403,1.4376,0.928,1.0209,20.9746,2.2483,20.1132,17.3386,33.0537,28.1196,26.3696,26.9546,29.6779,29.0644,8.1093,5.6013,8.7005,6.5081,8.8742,7.5512,9.4959,10.2541,10.971,287.2518
BALANCE_SHEET,bss227,2,BSA18,Tạm ứng,Advance,VND bn,0.216,0.1573,0.139,0.0253,0.1248,0.1207,0.1294,0.0234,0.1236,0.1196,0.2426,0.2308,0.4347,0.3054,20.5312,1.246,18.5197,13.895,31.7303,26.1528,24.7451,24.36,25.5956,23.6351,2.6175,1.7596,3.1925,1.7869,2.8596,2.8359,4.1061,3.2856,5.3584,5.829
BALANCE_SHEET,bss228,2,BSA18,"Vật tư văn phòng, công cụ, dụng cụ",Tools and equipments,VND bn,0.0,0.0,0.0,0.0,0.0,0.0,0.0,0.2599,0.0,0.0,0.2769,1.0841,0.0,0.0,0.0,0.0,0.0,0.0,0.0,0.0,0.0,0.0,0.0,0.0,0.0,0.0,0.0,0.0,0.0,0.0,0.0,0.069,0.0436,0.0666
BALANCE_SHEET,bsa19,2,BSA18,Chi phí trả trước ngắn hạn,Short-term prepayments,VND bn,0.3858,0.4453,0.1355,0.4887,0.5531,0.5608,0.1919,0.01,0.4164,0.7834,0.0,0.0,0.4683,0.66,0.3924,0.9587,1.5665,1.6003,1.2964,1.9398,1.5872,2.5675,4.0553,5.4023,5.4648,3.7487,5.3971,4.6103,5.8238,4.5164,5.1909,6.6606,5.3217,6.109
BALANCE_SHEET,bss229,2,BSA18,"Cầm cố, thế chấp, ký quý , ký cược ngắn hạn",Short term Collaterals,VND bn,0.0106,0.0106,0.0106,0.0106,0.0106,0.0106,0.0106,0.0,0.01,0.01,0.015,0.02,0.025,0.025,0.027,0.027,0.027,0.027,0.027,0.027,0.027,0.027,0.027,0.027,0.027,0.093,0.1109,0.1109,0.1909,0.1989,0.1989,0.2389,0.2473,275.2473
BALANCE_SHEET,bsa20,2,BSA18,Thuế giá trị gia tăng được khấu trừ,VAT to be claimed,VND bn,0.0,0.0,0.0,0.0,0.0,0.0,0.0,0.0,0.0,0.0,0.0058,0.0,0.0,0.0305,0.024,0.0166,0.0,0.0,0.0,0.0,0.0,0.0,0.0,0.0,0.0,0.0,0.0,0.0,0.0,0.0,0.0,0.0,0.0,0.0
BALANCE_SHEET,bsa21,2,BSA18,Thuế và các khoản khác phải thu Nhà nước,Other taxes receivable,VND bn,0.0,0.0,0.0,0.0,0.0,0.0236,0.1097,0.0,0.0,0.0,0.0,0.1028,0.0,0.0,0.0,0.0,0.0,1.8162,0.0,0.0,0.0104,0.0,0.0,0.0,0.0,0.0,0.0,0.0,0.0,0.0,0.0,0.0,0.0,0.0
BALANCE_SHEET,bsa23,1,,TÀI SẢN DÀI HẠN,LONG-TERM ASSETS,VND bn,35.82,35.3544,35.2066,35.2601,35.0603,34.5479,33.9618,33.8504,33.4646,8.7962,13.7728,15.9848,16.5167,19.4435,19.2125,30.8736,32.2749,534.2519,336.5703,979.3554,1090.9436,515.8298,513.0779,848.2983,1380.419,2374.9536,2597.6108,2465.2087,2018.9474,1900.6487,2728.9373,1853.3903,2346.2829,1254.2638
BALANCE_SHEET,bss231,1,,Tài sản tài chính dài hạn,Long term financial assets,VND bn,25.0,25.0,25.0,25.0,25.0,25.0,25.0,25.0,25.0,0.0,0.0,0.0,0.0,0.0,0.0,0.0,0.0,499.6427,302.1193,920.6089,1012.7648,432.953,432.953,729.6817,1264.7184,2261.4425,2467.4425,2328.6064,1879.5328,1771.4699,2576.0232,1704.7362,2204.7362,1054.8362
BALANCE_SHEET,bsa43,2,BSS231,Đầu tư dài hạn,Long-term investments,VND bn,25.0,25.0,25.0,25.0,25.0,25.0,25.0,25.0,25.0,0.0,0.0,0.0,0.0,0.0,0.0,0.0,0.0,499.6427,302.1193,920.6089,1012.7648,432.953,432.953,729.6817,1264.7184,2261.4425,2467.4425,2328.6064,1879.5328,1771.4699,2576.0232,1704.7362,2204.7362,1054.8362
BALANCE_SHEET,bsa44,3,BSA43,Đầu tư vào các công ty con,Investments in subsidiaries,VND bn,0.0,0.0,0.0,0.0,0.0,0.0,0.0,0.0,0.0,0.0,0.0,0.0,0.0,0.0,0.0,0.0,0.0,0.0,0.0,0.0,1012.7648,0.0,0.0,0.0,0.0,0.0,0.0,0.0,0.0,0.0,0.0,0.0,0.0,0.0
BALANCE_SHEET,bsa29,1,,Tài sản cố định,Fixed assets,VND bn,2.9998,2.6185,2.5034,2.1084,1.8062,1.4064,1.0066,0.6201,0.4798,0.402,5.1837,6.2432,6.5663,9.2582,9.1432,19.7309,18.7236,19.2862,18.4014,41.7059,45.7293,49.1925,46.9432,84.7203,79.2606,76.5981,93.0885,96.2097,97.1299,89.7677,111.5379,105.8011,96.7588,152.0435
BALANCE_SHEET,bsa30,2,BSA29,GTCL TSCĐ hữu hình,Tangible fixed assets,VND bn,1.2109,1.0771,1.2094,1.0619,0.9144,0.7669,0.6194,0.476,0.4035,0.333,4.0764,3.818,4.3166,6.7343,6.3723,6.1099,5.7429,6.8489,6.4653,6.6426,6.7679,7.525,8.8111,12.2793,11.4858,11.6231,13.8143,11.829,10.7963,9.7686,9.6325,12.3067,11.5671,14.0817
BALANCE_SHEET,bsa31,3,BSA30,Nguyên giá TSCĐ hữu hình,Historical Cost,VND bn,4.748,4.748,5.0223,5.0223,5.0223,5.0223,5.0223,5.0223,5.0223,5.0223,8.9871,7.2032,7.9571,10.654,10.654,10.7541,10.7541,10.5661,10.6175,11.2638,11.8947,13.2146,15.2839,19.5189,19.7243,20.9168,24.2677,23.3349,23.5859,23.8694,24.9402,28.9,29.5919,37.4012
BALANCE_SHEET,bsa32,3,BSA30,Khấu hao lũy kế TSCĐ hữu hình,Accumulated depreciation,VND bn,-3.5371,-3.6709,-3.8128,-3.9604,-4.1079,-4.2554,-4.4029,-4.5463,-4.6187,-4.6893,-4.9107,-3.3852,-3.6405,-3.9197,-4.2817,-4.6441,-5.0111,-3.7172,-4.1522,-4.6211,-5.1269,-5.6896,-6.4729,-7.2397,-8.2385,-9.2937,-10.4534,-11.5058,-12.7897,-14.1008,-15.3077,-16.5933,-18.0249,-23.3195
BALANCE_SHEET,bsa33,2,BSA29,GTCL Tài sản thuê tài chính,Finance lease assets,VND bn,0.0,0.0,0.0,0.0,0.0,0.0,0.0,0.0,0.0,0.0,0.0,0.0,0.0,0.0,0.0,0.0,0.0,0.0,0.0,0.0,0.0,5.7401,5.442,19.8848,18.8352,17.7856,35.3932,44.7135,50.6907,47.6638,73.1167,68.6201,64.1234,120.9609
BALANCE_SHEET,bsa34,3,BSA33,Nguyên giá tài sản thuê tài chính,Historical Cost,VND bn,0.0,0.0,0.0,0.0,0.0,0.0,0.0,0.0,0.0,0.0,0.0,0.0,0.0,0.0,0.0,0.0,0.0,0.0,0.0,0.0,0.0,5.962,5.962,20.9918,20.9918,20.9918,39.9118,51.8233,60.5369,60.5369,89.9333,89.9333,89.9333,149.8291
BALANCE_SHEET,bsa35,3,BSA33,Khấu hao lũy kế tài sản thuê tài chính,Accumulated depreciation,VND bn,0.0,0.0,0.0,0.0,0.0,0.0,0.0,0.0,0.0,0.0,0.0,0.0,0.0,0.0,0.0,0.0,0.0,0.0,0.0,0.0,0.0,-0.2219,-0.52,-1.1071,-2.1567,-3.2063,-4.5186,-7.1098,-9.8462,-12.873,-16.8165,-21.3132,-25.8099,-28.8682
BALANCE_SHEET,bsa36,2,BSA29,GTCL tài sản cố định vô hình,Intangible fixed assets,VND bn,1.789,1.5415,1.294,1.0465,0.8917,0.6395,0.3872,0.144,0.0763,0.069,1.1073,2.4251,2.2497,2.5239,2.7709,13.6209,12.9807,12.4372,11.9361,35.0632,38.9615,35.9274,32.6901,52.5563,48.9397,47.1894,43.881,39.6671,35.643,32.3352,28.7886,24.8744,21.0683,17.0009
BALANCE_SHEET,bsa37,3,BSA36,Nguyên giá TSCĐ vô hình,Historical Cost,VND bn,4.95,4.95,4.95,4.95,5.045,5.045,5.045,5.105,5.105,5.105,6.1637,7.5772,7.5772,8.0272,8.4872,19.9592,20.1188,20.3939,20.7199,44.7376,51.5814,51.8019,51.8313,74.7543,74.8509,76.8356,77.4986,77.2736,77.2736,78.0078,78.5434,78.6037,78.8323,78.9163
BALANCE_SHEET,bsa38,3,BSA36,Khấu khao lũy kế TSCĐ vô hình,Accumulated depreciation,VND bn,-3.161,-3.4085,-3.656,-3.9035,-4.1533,-4.4055,-4.6578,-4.961,-5.0287,-5.036,-5.0564,-5.1521,-5.3275,-5.5033,-5.7163,-6.3382,-7.1381,-7.9566,-8.7837,-9.6744,-12.62,-15.8745,-19.1412,-22.198,-25.9112,-29.6462,-33.6177,-37.6065,-41.6307,-45.6725,-49.7548,-53.7293,-57.764,-61.9153
BALANCE_SHEET,bsa163,1,,Tài sản dở dang dài hạn,Long-term incomplete assets,VND bn,0.0,0.0,0.0,0.0,0.0,0.0,0.0,0.0,0.0,0.0,0.0,0.0,0.0,0.0,0.0,0.0,0.0,0.0,0.0,0.0,0.0,0.0,0.0,0.0,0.0,0.0,0.0,0.512,0.512,0.0,0.0,0.0,0.0,0.0
BALANCE_SHEET,bsa188,2,BSA163,Chi phí xây dựng cơ bản dở dang,Construction in progress,VND bn,0.0,0.0,0.0,0.0,0.0,0.0,0.0,0.0,0.0,0.0,0.0,0.0,0.0,0.0,0.0,0.0,0.0,0.0,0.0,0.0,0.0,0.0,0.0,0.0,0.0,0.0,0.0,0.512,0.512,0.0,0.0,0.0,0.0,0.0
BALANCE_SHEET,bsa49,1,,Tài sản dài hạn khác,Other long-term assets,VND bn,7.8202,7.7358,7.7032,8.1517,8.2542,8.1416,7.9552,8.2303,7.9848,8.3942,8.5892,9.7416,9.9504,10.1852,10.0693,11.1427,13.5513,15.323,16.0496,17.0407,32.4495,33.6844,33.1817,33.8963,36.44,36.913,37.0798,39.8806,41.7727,39.4111,41.3762,42.853,44.7879,47.3841
BALANCE_SHEET,bss236,2,BSA49,"Cầm cố, thế chấp, kỹ quỹ, Ký cược dài hạn",Long term collaterals,VND bn,0.0015,0.0015,0.0015,0.0015,0.0015,0.0015,0.0015,0.0015,0.0015,0.5083,0.3304,0.6004,0.4544,0.4544,0.4544,0.4544,0.8487,1.6878,1.9816,1.9816,1.9816,2.1605,2.1605,2.9263,3.6453,3.6453,4.5702,4.5702,4.8465,4.8465,7.7861,7.7861,7.9729,9.8747
BALANCE_SHEET,bsa50,2,BSA49,Chi phí trả trước dài hạn,Long-term prepayments,VND bn,1.0293,0.9449,0.9123,1.0208,0.8623,0.7497,0.5634,0.4058,0.2973,0.2,0.5729,1.4553,1.3448,1.5795,1.4636,2.0593,2.0513,2.9838,3.4167,3.9603,7.3165,8.365,7.8605,7.1664,7.1238,7.5918,6.8287,8.6975,8.7353,6.3687,5.3892,6.09,6.7569,7.4447
BALANCE_SHEET,bss212,2,BSA49,Tiền chi nộp Quỹ Hỗ trợ thanh toán,Payments to Settlement Assistance Fund,VND bn,6.7894,6.7894,6.7894,7.1293,7.3903,7.3903,7.3903,7.823,7.6859,7.6859,7.6859,7.6859,8.1513,8.1513,8.1513,8.6291,10.6513,10.6513,10.6513,11.0988,23.1513,13.1513,13.1513,13.789,15.6513,15.6513,15.6513,16.5766,18.1513,18.1513,18.1513,18.9206,20.0,20.0
BALANCE_SHEET,bsa52,2,BSA49,Các tài sản dài hạn khác,Other long-term assets,VND bn,0.0,0.0,0.0,0.0,0.0,0.0,0.0,0.0,0.0,0.0,0.0,0.0,0.0,0.0,0.0,0.0,0.0,0.0,0.0,0.0,0.0,10.0076,10.0094,10.0146,10.0196,10.0246,10.0296,10.0363,10.0397,10.0446,10.0496,10.0563,10.0581,10.0646
BALANCE_SHEET,bsa53,1,,TỔNG CỘNG TÀI SẢN,TOTAL ASSETS,VND bn,165.4287,168.4844,161.5,164.7301,179.464,191.8053,183.4268,176.592,180.8956,171.4376,171.6804,185.2921,232.9359,357.7024,1772.1034,2315.243,2865.2334,5027.6553,5643.6128,6409.1968,6472.9795,7088.0192,6700.1898,7446.0627,9234.7524,8902.3428,10383.8521,10637.2521,11156.2384,11920.0047,14009.3708,15139.2267,15559.0973,15207.602
BALANCE_SHEET,bsa54,1,,NỢ PHẢI TRẢ,LIABILITIES,VND bn,6.2986,9.513,2.3783,2.6832,16.8793,29.249,21.2644,14.6574,18.4872,8.5729,9.4061,21.7221,60.7256,165.9987,733.5325,1256.6462,1781.3531,1950.7261,2554.823,3272.7941,3288.8975,3861.2359,3492.9101,4140.7173,4986.5751,4785.0036,6222.1393,6607.4519,7073.3419,7763.7543,9716.3133,10836.8969,10200.6517,9767.3556
BALANCE_SHEET,bsa55,1,,Nợ phải trả ngắn hạn,Current liabilities,VND bn,6.2986,9.513,2.3783,2.6832,16.8793,29.249,21.2644,14.6574,18.4872,8.5729,9.4061,21.0496,59.9234,165.6641,733.5325,1255.3509,1780.0132,1950.7248,2554.823,3272.7939,3286.9199,3857.2002,3489.0375,4126.429,4972.8726,4773.261,6191.276,6589.0497,6753.2358,7445.8262,9379.3574,9511.8695,8879.0939,8708.7801
BALANCE_SHEET,bsa56,2,BSA55,Vay và nợ thuê tài sản tài chính ngắn hạn,Short-term borrowings,VND bn,0.0,6.668,0.0,0.0,14.25,27.92,19.63,12.92,16.05,6.26,8.55,19.205,51.289,147.745,714.527,1103.86,1477.985,1586.84,1913.4796,2584.8427,3004.409,3289.145,3018.4508,3643.0561,4906.0605,4699.0611,6124.9798,6505.9295,6664.9849,7339.2403,9218.194,9321.8212,8696.4345,8175.0317
BALANCE_SHEET,bss238,3,BSA56,Vay ngắn hạn,Short term borrowings,VND bn,0.0,6.668,0.0,0.0,14.25,27.92,19.63,12.92,16.05,6.26,8.55,19.205,51.289,147.745,714.527,1103.86,1477.985,1586.84,1913.4796,2584.8427,3004.409,3289.145,3018.4508,3643.0561,4906.0605,4699.0611,6124.9798,6494.2972,6649.8829,7324.3701,9197.9833,9302.1722,8678.1874,8147.5929
BALANCE_SHEET,bss239,3,BSA56,Nợ thuê tài sản tài chính ngắn hạn,Short term finance lease,VND bn,0.0,0.0,0.0,0.0,0.0,0.0,0.0,0.0,0.0,0.0,0.0,0.0,0.0,0.0,0.0,0.0,0.0,0.0,0.0,0.0,0.0,0.0,0.0,0.0,0.0,0.0,0.0,11.6323,15.1021,14.8702,20.2106,19.649,18.2471,27.4388
BALANCE_SHEET,bss242,2,BSA55,Trái phiếu phát hành ngắn hạn,Short term bonds issued,VND bn,0.0,0.0,0.0,0.0,0.0,0.0,0.0,0.0,0.0,0.0,0.0,0.0,0.0,0.0,0.0,120.0,270.0,270.0,270.0,150.0,0.0,0.0,0.0,0.0,0.0,0.0,0.0,0.0,0.0,0.0,0.0,0.0,0.0,299.7083
BALANCE_SHEET,bss135,2,BSA55,Phải trả hoạt động giao dịch chứng khoán,Payables to securities trading,VND bn,0.458,0.2008,0.2033,0.1579,0.222,0.1037,0.1494,0.2287,0.1859,0.1776,0.075,0.5859,0.5283,1.2709,1.836,3.0423,2.8415,3.4242,1.3826,1.7808,1.6706,2.6582,3.2719,3.0327,6.3394,6.7888,4.6974,7.1361,9.9564,13.0205,25.7444,21.7774,26.0358,15.7963
BALANCE_SHEET,bsa57,2,BSA55,Phải trả người bán ngắn hạn,Trade accounts payable,VND bn,0.9153,0.1558,0.4649,0.0154,0.0933,0.0293,0.1648,0.0488,0.7284,0.8908,0.2525,0.1553,2.7878,0.5135,0.1742,0.2409,0.1777,0.124,0.1473,0.3591,3.2748,0.2146,0.2601,0.5318,0.3699,3.17,1.5786,1.7971,3.2296,7.1742,5.1501,3.9808,2.0528,1.4452
BALANCE_SHEET,bsa58,2,BSA55,Người mua trả tiền trước ngắn hạn,Advances from customers,VND bn,0.13,0.13,0.13,0.13,0.13,0.13,0.13,0.13,0.13,0.1,0.0,0.0,0.0,0.0,0.0,0.105,0.105,0.15,0.15,0.16,0.16,0.0,0.0,0.0,0.0,0.0,0.0,0.0,0.0,0.0,0.0,0.0,0.0,0.3
BALANCE_SHEET,bsa59,2,BSA55,Thuế và các khoản phải nộp nhà nước,Taxes and other payable to State Budget,VND bn,0.8175,0.497,0.6073,1.3154,0.4934,0.1075,0.118,0.3886,0.2076,0.4854,0.1223,0.5299,2.7406,11.1262,11.2791,16.2636,14.0441,10.6075,4.3457,16.2463,6.2026,27.2181,18.205,30.278,28.1105,41.9825,21.3518,25.6525,31.5007,32.5608,60.8161,34.3184,26.467,44.8887
BALANCE_SHEET,bsa60,2,BSA55,Phải trả người lao động,Payable to employees,VND bn,1.1917,0.3187,0.3807,0.8705,0.4167,0.1963,0.2298,0.7373,0.2815,0.4393,0.1768,0.2564,0.7567,1.5173,2.796,6.6254,2.084,3.3013,2.5194,6.6515,4.0536,3.4339,6.0449,16.1494,6.8565,5.7889,4.8322,18.5534,10.082,13.4634,27.1051,39.2019,24.4632,24.24
BALANCE_SHEET,bss245,2,BSA55,Các khoản trích nộp phúc lợi nhân viên,Employees' welfare payable to authorities,VND bn,0.0571,0.0709,0.0733,0.0733,0.0753,0.0868,0.0887,0.0989,0.1033,0.1016,0.1364,0.113,0.1283,0.1421,0.1606,0.1787,0.2089,0.2335,0.2193,0.2632,0.3013,0.351,0.432,0.5263,0.6549,0.7923,0.9278,1.0531,1.2196,1.3905,1.5442,1.6811,1.8569,2.0139
BALANCE_SHEET,bsa61,2,BSA55,Chi phí phải trả ngắn hạn,Accrued expenses,VND bn,0.0465,0.0898,0.051,0.1094,0.0744,0.0815,0.0296,0.0975,0.0673,0.1133,0.089,0.1643,1.6544,1.6272,1.7425,3.5091,11.7522,9.3005,14.3603,7.8041,6.635,18.248,22.7752,17.583,24.0542,14.5819,31.1399,24.1016,31.7462,37.4181,39.8671,88.3966,91.012,84.6905
BALANCE_SHEET,bss246,2,BSA55,"Nhận ký quỹ, ký cược ngắn hạn",Short term collaterals received,VND bn,0.0,0.0,0.0,0.0,0.0,0.0,0.0,0.0,0.0,0.0,0.0,0.0,0.0,0.0,0.0,0.0,0.0,0.0,0.0,0.0,0.0,0.0,0.0,0.0,0.0,0.0,0.0,0.0,0.0,0.0,0.0,0.0,10.0,60.0
BALANCE_SHEET,bsa64,2,BSA55,"Các khoản phải trả, phải nộp khác ngắn hạn",Other payables,VND bn,2.6824,1.3819,0.4677,0.0112,1.1239,0.5938,0.724,0.0074,0.733,0.0047,0.004,0.0395,0.0382,1.7218,1.0169,1.5255,0.8147,66.7435,348.2186,504.6861,260.2127,515.9312,419.5974,415.2715,0.4266,1.0953,1.7683,4.8263,0.5162,1.5582,0.9363,0.6919,0.7715,0.6653
BALANCE_SHEET,bsa66,2,BSA55,Quỹ khen thưởng phúc lợi,Bonus and welfare funds,VND bn,0.0002,0.0002,0.0002,0.0002,0.0002,0.0002,0.0002,0.0002,0.0002,0.0002,0.0002,0.0002,0.0002,0.0002,0.0002,0.0002,0.0002,0.0002,0.0002,0.0002,0.0002,0.0002,0.0002,0.0002,0.0002,0.0002,0.0002,0.0002,0.0002,0.0002,0.0002,0.0002,0.0002,0.0002
BALANCE_SHEET,bsa67,1,,Nợ phải trả dài hạn,Long-term liabilities,VND bn,0.0,0.0,0.0,0.0,0.0,0.0,0.0,0.0,0.0,0.0,0.0,0.6726,0.8022,0.3347,0.0,1.2953,1.3399,0.0013,0.0,0.0002,1.9776,4.0357,3.8726,14.2883,13.7025,11.7426,30.8632,18.4022,320.1061,317.9281,336.9559,1325.0274,1321.5578,1058.5755
BALANCE_SHEET,bsa71,2,BSA67,Vay và nợ thuê tài sản tài chính dài hạn,Long-term borrowings,VND bn,0.0,0.0,0.0,0.0,0.0,0.0,0.0,0.0,0.0,0.0,0.0,0.0,0.0,0.0,0.0,0.0,0.0,0.0,0.0,0.0,0.0,0.0,3.5938,14.227,12.9574,11.6877,30.7915,18.3425,18.4013,14.8576,31.7134,27.0444,23.2157,59.2493
BALANCE_SHEET,bss247,3,BSA71,Vay dài hạn,Long term borrowings,VND bn,0.0,0.0,0.0,0.0,0.0,0.0,0.0,0.0,0.0,0.0,0.0,0.0,0.0,0.0,0.0,0.0,0.0,0.0,0.0,0.0,0.0,0.0,3.5938,0.0,0.0,0.0,0.0,0.0,0.0,0.0,0.0,0.0,0.0,0.0
BALANCE_SHEET,bss248,3,BSA71,Nợ thuê tài chính dài hạn,Long term financial lease,VND bn,0.0,0.0,0.0,0.0,0.0,0.0,0.0,0.0,0.0,0.0,0.0,0.0,0.0,0.0,0.0,0.0,0.0,0.0,0.0,0.0,0.0,0.0,0.0,14.227,12.9574,11.6877,30.7915,18.3425,18.4013,14.8576,31.7134,27.0444,23.2157,59.2493
BALANCE_SHEET,bss249,2,BSA67,Vay tài sản tài chính dài hạn,Long term financial assets borrowings,VND bn,0.0,0.0,0.0,0.0,0.0,0.0,0.0,0.0,0.0,0.0,0.0,0.0,0.0,0.0,0.0,0.0,0.0,0.0,0.0,0.0,0.0,3.9415,0.0,0.0,0.0,0.0,0.0,0.0,0.0,0.0,0.0,0.0,0.0,0.0
BALANCE_SHEET,bss250,2,BSA67,Trái phiếu phát hành dài hạn,Long term bonds,VND bn,0.0,0.0,0.0,0.0,0.0,0.0,0.0,0.0,0.0,0.0,0.0,0.0,0.0,0.0,0.0,0.0,0.0,0.0,0.0,0.0,0.0,0.0,0.0,0.0,0.0,0.0,0.0,0.0,300.0,299.2083,299.3333,1297.8528,1298.2121,998.863
BALANCE_SHEET,bsa72,2,BSA67,Thuế thu nhập hoãn lại phải trả,Deferred income tax liabilities,VND bn,0.0,0.0,0.0,0.0,0.0,0.0,0.0,0.0,0.0,0.0,0.0,0.6726,0.8022,0.3347,0.0,1.2953,1.3399,0.0013,0.0,0.0002,1.9776,0.0942,0.2788,0.0613,0.7451,0.0549,0.0718,0.0597,1.7049,3.8622,5.9092,0.1302,0.1301,0.4631
BALANCE_SHEET,bsa78,1,,Vốn chủ sở hữu,Owner's Equity,VND bn,159.13,158.9714,159.1217,162.0468,162.5847,162.5563,162.1624,161.9346,162.4084,162.8647,162.2743,163.57,172.2103,191.7036,1038.5709,1058.5968,1083.8803,3076.9292,3088.7898,3136.4027,3184.082,3226.7832,3207.2798,3305.3454,4248.1773,4117.3392,4161.7129,4029.8002,4082.8964,4156.2504,4293.0575,4302.3298,5358.4456,5440.2463
BALANCE_SHEET,bss252,2,BSA78,Vốn đầu tư của chủ sở hữu,Shareholders' equity,VND bn,160.0,160.0,160.0,160.0,160.0,160.0,160.0,160.0,160.0,160.0,160.0,160.0,160.0,160.0,1000.011,1000.011,1000.011,3000.0416,3000.0416,3000.0416,3000.0416,3000.0416,3000.0416,3000.0416,3872.7257,3872.7257,3872.7257,3872.7257,3872.7257,3872.7257,3872.7257,3872.7257,5157.3348,5157.3348
BALANCE_SHEET,bsa80,2,BSA78,Vốn góp của chủ sở hữu,Paid-in capital,VND bn,160.0,160.0,160.0,160.0,160.0,160.0,160.0,160.0,160.0,160.0,160.0,160.0,160.0,160.0,1000.0,1000.0,1000.0,3000.0,3000.0,3000.0,3000.0,3000.0,3000.0,3000.0,3300.0,3300.0,3300.0,3300.0,3300.0,3399.0,3399.0,3426.0,4282.4981,4282.4981
BALANCE_SHEET,bsa175,2,BSA78,Cổ phiếu phổ thông có quyền biểu quyết,Common shares,VND bn,160.0,160.0,160.0,160.0,160.0,160.0,160.0,160.0,160.0,160.0,160.0,160.0,160.0,160.0,1000.0,1000.0,1000.0,3000.0,3000.0,3000.0,3000.0,3000.0,3000.0,3000.0,3300.0,3300.0,3300.0,3300.0,3300.0,3399.0,3399.0,3426.0,4282.4981,4282.4981
BALANCE_SHEET,bsa81,2,BSA78,Thặng dư vốn cổ phần,Capital surplus,VND bn,0.0,0.0,0.0,0.0,0.0,0.0,0.0,0.0,0.0,0.0,0.0,0.0,0.0,0.0,0.011,0.011,0.011,0.0416,0.0416,0.0416,0.0416,0.0416,0.0416,0.0416,572.7257,572.7257,572.7257,572.7257,572.7257,473.7257,473.7257,446.7257,874.8368,874.8368
BALANCE_SHEET,bss253,2,BSA78,Quỹ dự trữ bổ sung vốn điều lệ,Charter reserve,VND bn,0.0,0.0,0.0,0.0,0.0,0.0,0.0,0.0,0.0,0.0,0.0,0.0,0.0,0.0,0.0,0.0,2.5989,2.5989,2.5989,2.5989,2.5989,2.5989,2.5989,2.5989,2.5989,2.5989,2.5989,2.5989,2.5989,0.0,2.5989,2.5989,2.5989,2.5989
BALANCE_SHEET,bsa87,2,BSA78,Quỹ dự phòng tài chính và rủi ro nghiệp vụ,Financial reserve funds,VND bn,0.636,0.636,0.636,0.636,0.636,0.636,0.636,0.636,0.636,0.636,0.636,0.636,0.636,0.636,0.636,0.636,3.2349,3.2349,3.2349,3.2349,3.2349,3.2349,3.2349,3.2349,3.2349,3.2349,3.2349,3.2349,3.2349,0.0,0.0,0.0,0.0,0.0
BALANCE_SHEET,bsa90,2,BSA78,Lợi nhuận chưa phân phối,Undistributed earnings,VND bn,-1.506,-1.6646,-1.5143,1.4108,1.9487,1.9203,1.5264,1.2986,1.7724,2.2287,1.6383,2.934,11.5743,31.0676,37.9239,57.9498,78.0355,71.0538,82.9144,130.5272,178.2066,220.9078,201.4043,299.47,369.6177,238.7796,283.1533,151.2406,204.3369,283.5247,417.7329,427.0052,198.5118,280.3126
BALANCE_SHEET,bss254,2,BSA78,Lợi nhuận đã thực hiện,Realized gain,VND bn,4.8735,5.2342,5.2079,8.4736,8.9274,8.7735,8.7681,8.6923,9.1791,2.2287,1.6383,2.934,11.5743,29.7289,46.9922,52.7686,72.6761,-78.1697,189.7238,208.7068,254.3555,299.827,286.0674,305.6637,368.2247,255.2623,307.0085,185.6986,226.6346,271.5916,395.1586,451.8995,240.4217,320.4104
BALANCE_SHEET,bsa177,2,BSA78,LNST chưa phân phối lũy kế đến cuối kỳ trước,Beginning accumulated undistributed earnings,VND bn,0.0,0.0,0.0,0.0,0.0,0.0,0.0,0.0,0.0,0.0,0.0,0.2437,8.3655,0.0,0.0,0.0,0.0,0.0,0.0,0.0,0.0,0.0,0.0,0.0,0.0,0.0,0.0,0.0,0.0,0.0,0.0,0.0,0.0,0.0
BALANCE_SHEET,bsa178,2,BSA78,LNST chưa phân phối kỳ này,Current period undistributed earnings,VND bn,4.8735,5.2342,5.2079,8.4736,8.9274,8.7735,8.7681,8.6923,9.1791,2.2287,1.6383,2.6903,3.2088,29.7289,46.9922,52.7686,72.6761,-78.1697,189.7238,208.7068,254.3555,299.827,286.0674,305.6637,368.2247,255.2623,307.0085,185.6986,226.6346,271.5916,395.1586,451.8995,240.4217,320.4104
BALANCE_SHEET,bss255,2,BSA78,Lợi nhuận chưa thực hiện,Unrealized gain,VND bn,-6.3794,-6.8988,-6.7223,-7.0628,-6.9787,-6.8532,-7.2417,-7.3937,-7.4067,0.0,0.0,0.0,0.0,1.3387,-9.0683,5.1812,5.3594,149.2235,-106.8094,-78.1796,-76.1489,-78.9192,-84.6631,-6.1938,1.393,-16.4828,-23.8553,-34.458,-22.2978,11.933,22.5743,-24.8943,-41.9099,-40.0978
BALANCE_SHEET,bsa96,1,,TỔNG CỘNG NGUỒN VỐN,TOTAL RESOURCES,VND bn,165.4287,168.4844,161.5,164.7301,179.464,191.8053,183.4268,176.592,180.8956,171.4376,171.6804,185.2921,232.9359,357.7024,1772.1034,2315.243,2865.2334,5027.6553,5643.6128,6409.1968,6472.9795,7088.0192,6700.1898,7446.0627,9234.7524,8902.3428,10383.8521,10637.2521,11156.2384,11920.0047,14009.3708,15139.2267,15559.0973,15207.602
BALANCE_SHEET,nos360,2,ASSETS_OF_THE_COMPANY_AND_ASSETS_MANAGED_UNDER_AGREEMENTS,Cổ phiếu đang lưu hành (Số lượng),Outstanding Shares (Volume),units,16000000.0,16000000.0,16000000.0,16000000.0,16000000.0,16000000.0,16000000.0,16000000.0,16000000.0,16000000.0,16000000.0,16000000.0,16000000.0,16000000.0,100000000.0,100000000.0,100000000.0,300000000.0,300000000.0,300000000.0,300000000.0,300000000.0,300000000.0,300000000.0,330000000.0,330000000.0,300000000.0,330000000.0,330000000.0,339900000.0,339900000.0,342600000.0,428249806.0,428249806.0
BALANCE_SHEET,nos362,2,ASSETS_OF_THE_COMPANY_AND_ASSETS_MANAGED_UNDER_AGREEMENTS,Tài sản tài chính niêm yết/đăng ký giao dịch tại VSD của CTCK,Financial assets of company listed on Stock Exchanges or registered at the VSD,VND bn,1.6088,1.6088,1.6088,1.6088,1.6088,1.6088,1.6088,1.6088,1.6088,0.0,0.0,10.0,5.1869,11.5138,30.5461,29.8719,27.0624,81.6189,81.6279,100.6333,94.3537,39.8346,51.4483,35.7589,67.9056,200.0122,388.7511,285.9553,610.7294,786.1902,986.6095,2005.9508,1377.3851,1128.6429
BALANCE_SHEET,nos370,2,ASSETS_OF_THE_COMPANY_AND_ASSETS_MANAGED_UNDER_AGREEMENTS,Tài sản tài chính đã lưu ký tại VSD và chưa giao dịch của CTCK,Financial assets deposited at VSD and not yet available for transaction,VND bn,0.0,0.0,0.0,0.0,0.0,0.0,0.0,0.0,0.0,0.0,0.0,0.0,0.0,0.0,0.0,0.0001,0.0,0.0007,0.0022,0.0003,0.0,0.0127,0.0003,0.0002,0.0,0.0049,0.0016,0.001,0.0118,0.0025,0.0342,0.0,0.0,0.005
BALANCE_SHEET,nos375,2,ASSETS_OF_THE_COMPANY_AND_ASSETS_MANAGED_UNDER_AGREEMENTS,Tài sản tài chính chờ về của CTCK,Financial assets with pending receipt (of the assets),VND bn,0.0,0.0,0.0,0.0,0.0,0.0,0.0,0.0,0.0,0.0,0.0,0.0,0.0,0.0,0.0,0.0,0.0,0.0,0.0,0.0,0.0,0.0,2.5,0.0,0.0,0.0,0.0,0.1249,1.6704,3.1015,2.0089,1.9492,0.0923,0.1969
BALANCE_SHEET,nos377,2,ASSETS_OF_THE_COMPANY_AND_ASSETS_MANAGED_UNDER_AGREEMENTS,Tài sản tài chính chưa lưu ký tại VSD của CTCK,Financial assets which have not been registered at VSD of the Securities company,VND bn,19.54,19.54,19.54,19.54,19.54,19.54,19.54,19.54,19.54,0.0,0.0,0.0,0.0,0.0,0.0,0.0,0.0,0.0,0.0,0.0,0.0,0.0,0.0,0.0,0.0,0.0,0.0,0.0,0.0,0.0,0.0,0.0,0.0,0.0
BALANCE_SHEET,nos378,2,ASSETS_OF_THE_COMPANY_AND_ASSETS_MANAGED_UNDER_AGREEMENTS,Tài sản tài chính được hưởng quyền của CTCK,Financial assets with rights entitled of the Securities company,VND bn,0.0,0.0,0.0,0.0,0.0,0.0,0.0,0.0,0.0,0.0,0.0,0.0,0.0,0.0,0.0,0.0,0.0,0.0,0.0,0.0,0.0,0.0,0.0,0.0,0.0,0.0,0.0,0.0,0.0,0.0,0.0,0.1115,0.006,0.1331
BALANCE_SHEET,nos379,2,ASSETS_OF_AND_LIABILITIES_TO_CUSTOMERS,Tài sản tài chính niêm yết/đăng ký giao dịch tại VSD của NĐT,Financial assets listed/registered at VSD of the investor,VND bn,2382.4016,17.8116,2398.0963,2357.7899,2299.5917,2360.3287,0.0,2007.4675,2264.3214,1982.667,1538.6197,2544.4803,2936.0118,2969.9596,4639.0117,5622.856,5523.1942,7190.8515,7773.6272,8568.6394,9915.7314,10246.695,10590.7385,11700.4774,13565.9622,14096.9216,14318.1815,16734.762,17263.8776,17856.8248,20585.6351,18471.4058,21885.3401,23231.2351
BALANCE_SHEET,nos380,2,ASSETS_OF_AND_LIABILITIES_TO_CUSTOMERS,Tài sản tài chính giao dịch tự do chuyển nhượng,Financial assets that can be freely traded,VND bn,2292.9729,2.2708,2347.9883,2277.0983,2205.8803,2277.4167,0.0,1898.9321,2175.6049,1876.53,1448.7103,2437.4354,2767.311,2844.4457,4515.9887,5388.9616,5236.3193,6961.3297,7425.4671,7919.8286,9059.9084,9351.8461,9754.0764,10832.8839,12251.0757,13112.0262,13230.4985,13607.4039,14513.5561,15211.0838,18776.0241,15996.3702,16496.9651,17771.009
BALANCE_SHEET,nos381,2,ASSETS_OF_AND_LIABILITIES_TO_CUSTOMERS,Tài sản tài chính hạn chế chuyển nhượng,Financial assets of which trading is restricted,VND bn,3.0503,3.0503,3.0503,3.0503,3.0503,4.9175,0.0,4.9864,1.9861,3.1036,3.1036,3.1803,3.1803,3.3403,3.3403,3.2104,3.0503,3.0503,29.0535,29.0535,29.0535,29.0535,30.9696,3.1495,3.1495,7.5191,471.1151,2491.1655,1482.7125,1500.9041,533.6823,533.6823,3306.6105,3666.3552
BALANCE_SHEET,nos382,2,ASSETS_OF_AND_LIABILITIES_TO_CUSTOMERS,Tài sản tài chính giao dịch cầm cố,Collateral financial assets,VND bn,0.0,0.0,31.2032,74.9598,74.9598,74.9598,0.0,82.1001,82.1001,82.1001,82.1001,82.1001,82.1001,82.1001,82.1001,160.1364,153.4023,153.4023,238.089,560.8625,714.3574,714.3574,606.2512,699.0839,834.0792,754.1164,376.349,469.8375,986.6779,806.0762,807.3809,1145.9097,1621.8647,1428.2396
BALANCE_SHEET,nos383,2,ASSETS_OF_AND_LIABILITIES_TO_CUSTOMERS,"Tài sản tài chính phong tỏa, tạm giữ",Financial assets frozen/on custody,VND bn,0.05,0.05,0.0,0.0,0.0,0.0,0.0,0.0,0.0,0.0,0.0,0.0,0.0,0.0,0.0,0.0,0.0,0.0,0.0,0.0,0.0,0.0,0.0,0.0,0.0,5.85,0.0,0.0,35.0498,26.714,89.6863,89.6863,89.6863,118.8438
BALANCE_SHEET,nos384,2,ASSETS_OF_AND_LIABILITIES_TO_CUSTOMERS,Tài sản tài chính chờ thanh toán,Financial assets with pending payment,VND bn,86.3284,12.4405,15.8544,2.6815,15.7012,3.0347,0.0,21.4488,4.6303,20.9332,4.7057,21.7645,83.4203,40.0735,37.5825,70.5477,130.4223,73.0692,81.0176,58.8948,112.4121,151.438,199.4413,165.3601,477.6578,217.4099,240.219,166.3551,245.8813,312.0466,378.8614,705.7572,370.2135,246.7875
BALANCE_SHEET,nos386,2,ASSETS_OF_AND_LIABILITIES_TO_CUSTOMERS,Tài sản tài chính đã lưu ký tại VSD và chưa giao dịch của NĐT,"Financial assets deposited at VSD, not yet available for transaction",VND bn,0.0645,0.7716,16.1826,4.3133,4.0871,0.676,0.0,0.2001,1.7542,5.3776,0.5362,35.885,5.8077,0.0129,1.71,31.293,2.1315,35.0155,33.127,125.4429,7.1865,124.6109,733.148,1301.3667,457.2054,825.7423,633.2606,491.3847,813.7647,565.3597,639.9686,292.3955,149.5053,166.2279
BALANCE_SHEET,nos387,2,ASSETS_OF_AND_LIABILITIES_TO_CUSTOMERS,"Tài sản tài chính đã lưu ký tại VSD và chưa giao dịch, tự do chuyển nhượng","FA deposited at VSD, not yet available for transaction, freely traded",VND bn,0.0645,0.7716,0.0459,0.7236,0.3533,0.676,0.0,0.2001,1.7542,5.3776,0.5362,35.885,5.8077,0.0129,1.71,31.293,2.1315,29.0155,11.1226,1.3579,0.1015,117.5304,576.0674,844.2961,0.1348,4.8317,176.1901,33.8984,292.4762,47.4794,504.7796,129.9793,23.0891,166.1308
BALANCE_SHEET,nos388,2,ASSETS_OF_AND_LIABILITIES_TO_CUSTOMERS,"Tài sản tài chính đã lưu ký tại VSD và chưa giao dịch, hạn chế chuyển nhượng","FA deposited at VSD, not yet available for transaction, trading restricted",VND bn,0.0,0.0,16.1367,3.5897,3.7338,0.0,0.0,0.0,0.0,0.0,0.0,0.0,0.0,0.0,0.0,0.0,0.0,6.0,22.0044,124.085,7.085,7.0806,157.0806,457.0706,457.0706,820.9106,457.0706,457.4863,521.2885,517.8803,135.189,162.4162,126.4162,0.0972
BALANCE_SHEET,nos391,2,ASSETS_OF_AND_LIABILITIES_TO_CUSTOMERS,Tài sản tài chính chờ về của NĐT,Financial assets with pending receipt (of the assets),VND bn,26.8745,8.4559,14.6249,4.5864,32.6318,4.4355,7.4726,49.9881,0.0,2.8649,1.7747,0.0,143.0128,41.605,97.2751,99.6585,127.9214,146.6303,133.6871,66.0447,124.7762,451.4841,0.0158,193.5166,309.2725,262.4707,421.683,193.2945,363.981,350.6422,444.3645,436.2997,400.9737,271.5581
BALANCE_SHEET,nos394,2,ASSETS_OF_AND_LIABILITIES_TO_CUSTOMERS,Tài sản tài chính được hưởng quyền của Nhà đầu tư,Enititled financial assets of investors,VND bn,0.0,0.0,0.0,0.0,0.0,0.0,0.0,0.0,0.0,0.0,0.0,0.0,0.0,0.0,0.0,0.0,0.0,0.0,0.0,0.0,0.0,0.0,0.0,0.0,0.0,0.0,0.0,0.0,0.0,4.4494,0.0,282.3344,256.6963,259.151
BALANCE_SHEET,nos395,2,ASSETS_OF_AND_LIABILITIES_TO_CUSTOMERS,Tiền gửi của khách hàng,Customers's deposits,VND bn,50.1057,35.355,33.9352,24.7909,56.4353,22.7119,24.1243,72.0643,41.545,16.8883,20.9905,166.7224,287.3999,297.2106,520.6104,444.9473,685.2768,476.5372,578.7293,293.7249,411.2669,914.3297,669.2169,877.3345,1538.9028,1585.2501,1897.7492,1384.8008,544.8007,2601.9933,6140.9446,3156.682,2939.3574,2094.4318
BALANCE_SHEET,nos396,2,ASSETS_OF_AND_LIABILITIES_TO_CUSTOMERS,Tiền gửi của Nhà đầu tư về giao dịch chứng khoán,Customers's deposits for securities trading,VND bn,10.9858,9.0844,7.6751,6.9114,21.6468,6.5561,11.7452,18.7613,25.8643,13.5275,16.5363,113.7289,118.6481,286.7312,501.1167,434.6719,653.3375,305.3994,430.4921,251.0355,384.666,820.314,663.1583,790.4168,1277.6744,1485.507,1636.8306,1339.6848,428.8658,2515.8885,3191.6809,2902.9607,2868.8689,1960.8196
BALANCE_SHEET,nos399,2,ASSETS_OF_AND_LIABILITIES_TO_CUSTOMERS,Tiền gửi tổng hợp giao dịch chứng khoán cho khách hàng,Investors' synthesizing deposits for securities trading activities,VND bn,31.9906,13.4304,19.1149,8.4609,27.8548,5.0051,10.1754,52.9934,15.3242,2.5099,3.4876,52.9675,168.2465,0.0074,0.0073,0.0073,0.0073,0.0072,0.0072,0.007,0.007,0.007,0.0071,0.0071,0.0071,0.0071,0.0071,0.0071,0.0186,0.0324,0.0467,0.0594,0.0595,0.0595
BALANCE_SHEET,nos413,2,ASSETS_OF_AND_LIABILITIES_TO_CUSTOMERS,"Phải trả cổ tức, gốc và lãi trái phiếu","Dividend, bond principal and interest payables",VND bn,0.0,0.0014,0.0001,0.0,0.0,0.0008,0.0039,0.0,0.0,0.0,0.0,0.1348,0.0008,0.0319,0.7514,0.0003,0.1842,2.0048,0.4709,0.0006,51.0065,0.0188,0.1215,0.0001,1.0272,0.066,0.0022,0.0,0.012,0.0,0.0,0.0,0.0,0.0
CASH_FLOW,cfa1,2,CFA_OPERATION_ACTIVITIES,LỢI NHUẬN TRƯỚC THUẾ,NET PROFIT/(LOSS) BEFORE TAX,VND bn,1.8489,-0.1196,0.2001,3.6688,0.6846,-0.052,-0.4801,-0.0772,0.6046,0.5827,-0.738,1.8588,10.1924,24.3418,10.8488,22.7794,31.6565,-10.1364,14.8274,58.6283,49.6983,62.8187,50.66,122.4591,87.7258,42.7416,55.4894,41.5447,66.467,91.022,171.0692,11.6669,14.1711,97.4363
CASH_FLOW,cfs165,1,,Điều chỉnh cho các khoản,Adjustment,VND bn,0.3813,0.2663,0.3894,0.395,0.3972,0.2848,0.3998,0.4466,0.1402,-0.2177,0.3726,0.2475,-0.2428,0.0307,-0.4835,-5.3581,-6.6597,0.4894,-14.9708,44.8281,-57.5077,-7.7124,20.0658,-11.0875,-94.9585,7.3662,-5.7823,11.5007,-93.1266,3.7909,31.7128,36.4567,-95.3931,13.6127
CASH_FLOW,cfa2,2,CFS165,Khấu hao tài sản cố định,Depreciation and amortization,VND bn,0.3813,0.3813,0.3894,0.395,0.3972,0.3998,0.3998,0.4466,0.1402,0.0778,0.2418,0.354,0.4308,0.4549,0.5751,0.9843,1.1669,1.2467,1.2623,1.3595,3.4513,4.0392,4.348,4.4107,5.7616,5.8398,6.4435,7.8938,8.0444,8.3799,9.2326,9.7569,9.9629,12.5043
CASH_FLOW,cfa3,2,CFS165,Các khoản dự phòng,Provisions,VND bn,0.0,0.0,0.0,0.0,0.0,0.0,0.0,0.0,0.0,0.0,0.0,0.0,0.0,0.0,0.0,0.0,0.0,0.0,0.0,39.5342,0.0,7.9935,0.0,-2.9602,-27.8103,6.7544,10.371,8.3156,4.8324,6.1892,-5.8635,6.8362,3.2314,5.733
CASH_FLOW,cfa7,2,CFS165,Chi phí lãi vay,Interest expense,VND bn,0.0,0.0,0.0,0.0,0.0,0.0,0.0,0.0,0.0,0.0,-0.0637,0.0637,0.0,0.0,0.0,2.7233,4.5821,7.3096,8.9798,8.9648,7.2028,3.4696,4.8141,6.6158,9.906,6.5573,6.2166,5.36,10.1568,14.103,13.8428,28.7245,37.7472,37.4641
CASH_FLOW,cfa6,2,CFS165,"Lãi, lỗ hoạt động đầu tư",Profit/(loss) from investing activities,VND bn,0.0,-0.115,0.0,0.0,0.0,-0.115,0.0,0.0,0.0,-0.08,-0.021,-0.0458,-0.0895,-0.1474,-0.2526,-0.2789,-0.2639,-0.5218,-0.2606,-0.8079,-1.0516,-0.5846,-0.8412,-0.98,-1.409,-1.2395,-1.0813,-0.8625,-1.3289,-1.6946,-2.2403,-2.2685,-2.2727,-2.0041
CASH_FLOW,cfa8,2,CFS165,Dự thu lãi và cổ tức,Interest income and dividend,VND bn,0.0,0.0,0.0,0.0,0.0,0.0,0.0,0.0,0.0,-0.2155,0.2155,-0.1244,-0.5842,-0.2768,-0.806,-8.7868,-12.1448,-7.5451,-24.9524,-4.2225,-67.1101,-22.6302,11.7449,-18.1739,-81.4068,-10.5458,-27.732,-9.2061,-114.8313,-23.1866,16.7414,-6.5924,-144.0618,-40.0846
CASH_FLOW,cfs167,1,,Tăng các chi phí phi tiền tệ,Increase in non-cash expense,VND bn,0.3819,0.1374,0.0,0.3405,0.0,0.0,0.4025,0.152,0.0245,-0.0245,0.0,0.0,0.0,0.0,9.2134,-9.2095,0.0022,78.1691,28.6344,-28.6291,5.8788,-4.7633,6.4825,-79.3393,-4.8516,15.1151,7.4398,10.5544,-5.5795,-25.6013,-2.4535,24.353,17.0148,-0.4799
CASH_FLOW,cfs168,2,CFS167,Lỗ đánh giá giá trị các tài sản tài chính ghi nhận thông qua lãi/lỗ FVTPL,Loss on valuation of fair value through profit/loss financial assets,VND bn,0.3819,0.1374,0.0,0.3405,0.0,0.0,0.4025,0.152,0.0245,-0.0245,0.0,0.0,0.0,0.0,9.2134,-9.2095,0.0022,78.1691,28.6344,-28.6291,5.8788,-4.7633,6.4825,-79.3393,-4.8516,15.1151,7.4398,10.5544,-5.5795,-25.6013,-2.4535,24.353,17.0148,-0.4799
CASH_FLOW,cfs182,1,,Giảm các doanh thu phi tiền tệ,Decrease in non-cash revenue,VND bn,0.0,-0.3819,-0.6215,0.445,-0.084,-0.1255,-0.014,0.0,-0.0115,0.0115,0.0,-3.3629,-0.6481,2.3376,1.5283,-6.3354,-0.2249,6.6986,0.0067,-0.0009,-9.8869,9.4171,-0.9232,1.0875,-3.4189,3.4508,-0.0842,0.0604,-8.2259,-10.7868,-10.2348,28.8946,0.001,-1.6654
CASH_FLOW,cfs183,2,CFS182,Lãi đánh giá giá trị các tài sản chính ghi nhận thông qua lãi/lỗ FVTPL,Profit from revaluation of fair value through profit and loss financial assets,VND bn,0.0,-0.3819,-0.6215,0.445,-0.084,-0.1255,-0.014,0.0,-0.0115,0.0115,0.0,-3.3629,-0.6481,2.3376,1.5283,-6.3354,-0.2249,6.6986,0.0067,-0.0009,-9.8869,9.4171,-0.9232,1.0875,-3.4189,3.4508,-0.0842,0.0604,-8.2259,-10.7868,-10.2348,28.8946,0.001,-1.6654
CASH_FLOW,cfa9,1,,Lợi nhuận từ hoạt động kinh doanh trước thay đổi vốn lưu động,Operating profit/(loss) before changes in WC,VND bn,-2.258,-7.5877,-0.0592,-2.5435,-17.156,-16.0567,9.1908,1.698,-8.5993,35.163,-21.0009,-10.8393,-40.7345,-106.439,-1162.0928,-759.3045,-548.0211,-2169.1131,-101.8131,-459.3143,-593.1302,-19.6164,574.2618,-852.1569,-1992.3373,610.027,-2259.9582,679.9358,-969.157,-1189.0456,-1390.6067,-1416.7163,-63.371,371.5605
CASH_FLOW,cfs195,2,CFA9,Tăng (giảm) tài sản tài chính ghi nhận thông qua lãi/ lỗ (FVTPL),Increase (decrease) in fair value through profit and loss financial assets,VND bn,-0.7638,0.7638,0.445,-0.445,0.0,0.0,0.0,0.0,0.0,20.6668,0.0,-19.6371,5.2772,-8.4444,0.0,154.6016,8.2887,-553.6647,-18.0635,-12.724,15.0336,-475.9519,260.2183,549.763,-314.373,493.5601,-644.2601,568.3072,-373.7027,-152.5362,-252.9255,-1129.5875,564.5399,-33.8789
CASH_FLOW,cfs196,2,CFA9,Tăng (giảm) các khoản đầu tư giữ đến ngày đáo hạn (HTM),Increase (decrease) in held to marturity investments,VND bn,0.3832,-6.4,-5.0,-5.0,-2.0,-2.25,0.3,-3.45,-5.4332,31.0,28.3,-25.4,-0.0668,-10.0,-510.0,-280.371,-395.8923,-969.6427,234.0389,-809.1186,-215.3292,299.8119,132.55,-888.7288,-685.0367,291.2759,-1150.0,-64.4139,-18.4263,-585.9372,-365.0533,-193.713,-600.04,1152.44
CASH_FLOW,cfs197,2,CFA9,Tăng(giảm) các khoản cho vay,Increase (decrease) in loans given,VND bn,-1.1515,2.7908,4.1882,3.6498,-13.25,-10.9898,7.3858,4.5798,-2.599,-19.5108,39.9111,-17.6601,-44.0612,-90.5424,-389.3208,-645.4743,-118.0211,-606.2952,-547.0814,183.5163,-170.5195,-115.7429,330.0128,-246.4424,-925.7533,-188.849,-504.7882,220.8737,-394.1177,-776.9135,-697.4503,-82.1241,-77.357,-393.5166
CASH_FLOW,cfs206,2,CFA9,"(-) Tăng, (+) giảm phải thu bán các tài sản tài chính",Increase (decrease) in receivable form selling financial assets,VND bn,-0.7419,0.7419,0.0,0.0,0.0,-2.8819,2.8819,0.0,0.0,0.0,0.0,0.0,0.0,0.0,0.0,0.0,0.0,0.0,0.0,0.0,0.0,0.0,0.0,0.0,0.0,0.0,0.0,0.0,0.0,0.0,0.0,0.0,0.0,0.0
CASH_FLOW,cfs207,2,CFA9,"(-) Tăng, (+) giảm phải thu và dự thu cổ tức, tiền lãi các tài sản tài chính",Increase (decrease) in receivable from interest of financial assets,VND bn,0.0,-2.2823,0.535,0.155,-1.2894,1.2894,-2.1832,0.6968,-1.207,3.8111,1.3952,1.6805,-0.16,0.0039,-7.2204,-8.2278,1.9749,-30.1329,1.0849,-22.7574,40.8534,11.4078,-10.1584,-25.1557,42.2655,92.3876,-26.0022,-53.4409,154.304,22.1983,-26.1876,-53.6182,114.0662,53.2892
CASH_FLOW,cfs208,2,CFA9,"(-) Tăng, (+) giảm các khoản phải thu các dịch vụ CTCK cung cấp",Increase (decrease) in receivable from services rendered,VND bn,-0.0779,0.0286,-0.0596,0.1955,-0.018,-0.1699,-0.0429,0.0736,0.0517,0.3096,0.1421,-0.0594,-0.1004,-0.3901,-0.7013,0.2132,0.1051,-1.6642,1.901,-0.0774,0.2309,-0.1742,0.0069,-0.1785,-0.2558,-0.0023,-0.1481,-0.2564,-0.1857,-0.093,-1.4857,-3.8739,4.0188,-0.1382
CASH_FLOW,cfa10,2,CFA9,"(-) Tăng, (+) giảm các khoản phải thu khác",Increase/(decrease) in receivables,VND bn,-0.1522,0.1785,0.2335,-1.0139,-0.1603,0.1657,-0.0028,-0.0274,0.0301,-0.0904,-89.6228,52.9673,-5.0466,-0.7068,-22.3599,-6.003,-13.83,-65.0794,-22.7619,51.2759,12.9021,2.7691,-23.8629,122.2545,-4.2794,-97.1016,93.9274,6.7935,1.8212,-3.1464,1.6591,-0.8496,-16.0337,19.956
CASH_FLOW,cfs199,2,CFA9,Tăng/giảm các tài sản khác,Increase (decrease) in other assets,VND bn,-0.191,0.0587,0.0183,0.1137,-0.0995,0.0041,-0.0087,0.106,-0.1002,0.004,-0.1231,0.0119,-0.2039,0.1293,-20.2258,19.2852,-17.2737,4.6247,-17.8353,5.5775,1.4077,0.3851,-1.2356,1.9606,21.0176,0.8579,-1.4329,1.4056,-1.0726,0.0236,-1.2702,0.7515,-2.0474,-0.4935
CASH_FLOW,cfs223,2,CFA9,"(-) Tăng, (+) giảm chi phí phải trả (không bao gồm chi phí lãi vay)",Increase/ (decrease) in payable expenses (excluding interest expenses),VND bn,0.0,0.0,0.0,0.0,0.035,-0.0629,-0.0519,0.0679,-0.0302,0.9061,0.0029,0.5632,0.5466,1.9057,6.2894,13.5765,30.4075,12.5847,22.908,36.9813,50.399,66.9325,56.66,32.5338,38.3987,36.5341,42.2755,67.7219,67.3065,69.6844,98.5716,115.4318,119.624,120.3374
CASH_FLOW,cfa13,2,CFA9,Tăng/giảm chi phí trả trước,Increase/(decrease) in prepaid expenses,VND bn,-0.053,0.0249,0.3425,-0.4619,0.0942,0.1048,0.5553,0.0895,-0.048,-0.2697,0.1336,-1.6896,-0.0236,-0.4266,0.3836,-1.162,-0.5998,-0.9663,-0.1289,-1.187,-3.0036,-2.0288,-0.9833,-0.6529,-0.0199,1.248,-0.8852,-1.082,-1.2513,3.674,0.305,-2.1705,0.6719,-1.475
CASH_FLOW,cfa15,2,CFA9,Thuế TNDN CTCK đã nộp,Business Income Tax paid,VND bn,0.0,0.0,0.0,0.0,0.0,-1.1858,0.0,-0.0409,-0.1369,0.028,0.0,0.0,-0.1028,-1.7342,-5.316,-4.3272,-1.4581,-6.292,0.0,-1.152,-11.0152,0.0,-21.9905,-9.9788,-24.6129,-16.8924,-9.2699,-11.0988,-8.4695,-11.7256,-15.5107,-32.2151,-8.1735,-2.8446
CASH_FLOW,cfa14,2,CFA9,Tiền lãi vay đã trả,Interest paid,VND bn,0.0,0.0,0.0,0.0,0.0,0.0,0.0,0.0,0.0,-0.8601,-0.0273,-0.4879,-0.5566,-1.9329,-6.1741,-14.5332,-26.7465,-22.346,-26.8281,-52.5023,-58.7708,-58.7892,-56.9468,-44.3419,-41.8335,-52.5636,-31.934,-80.1203,-69.8187,-78.1154,-109.9653,-95.6268,-154.7559,-164.1229
CASH_FLOW,cfs210,2,CFA9,"(+) Tăng, (-) giảm phải trả cho người bán",Increase (decrease) in trade payables,VND bn,0.1993,-1.0166,0.3115,-0.4949,-0.1421,0.1018,0.1812,-0.0367,0.6369,0.2051,-0.6383,-0.0971,2.6325,-2.2743,-0.3393,0.0668,-0.063,-0.0537,0.0233,0.2118,2.9157,-3.0602,0.0456,0.2717,-0.1619,2.8001,-1.5914,0.2185,1.4326,3.9446,-2.0241,-1.1693,-3.0092,2.4343
CASH_FLOW,cfs212,2,CFA9,"(+) Tăng, (-) giảm các khoản trích nộp phúc lợi nhân viên",Increase (decrease) in contribution to employees' welfare,VND bn,0.014,0.0138,0.0024,0.0,-0.002,0.0155,0.0019,0.0103,0.0044,-0.0017,0.0347,-0.0233,0.0152,0.0138,0.0186,0.0181,0.0302,0.0246,-0.0142,0.0439,0.0381,0.0497,0.081,0.0944,0.1285,0.1374,0.1355,0.1253,0.1664,0.1709,0.1536,0.1369,0.1758,0.157
CASH_FLOW,cfs213,2,CFA9,"(+) Tăng, (-) giảm thuế và các khoản phải nộp Nhà nước",Increase (decrease) in tax and payables to authority,VND bn,-0.0005,-0.3595,0.1104,0.7109,0.8378,-1.0067,0.0105,0.2706,-0.1749,0.1234,-0.2212,0.4201,0.4766,4.7733,1.1482,7.861,-7.0732,2.8555,-7.4137,2.0373,0.9715,-0.975,2.9986,-2.5592,5.5511,21.4944,-22.4595,6.93,2.5921,-2.725,11.5509,-2.4561,-2.5225,5.9639
CASH_FLOW,cfs214,2,CFA9,"(+) Tăng, (-) giảm phải trả người lao động",Increase (decrease) in payables to employees,VND bn,-1.383,-0.873,0.062,0.4898,0.4538,-1.128,0.0335,0.5076,-0.4558,0.1578,-0.2625,0.0796,0.5004,0.7605,1.2787,3.8294,-4.5414,1.2173,-0.7819,4.1321,-2.5978,-0.6197,2.6109,10.1046,-9.2929,-1.0676,-0.9567,13.7211,-8.4713,3.3814,13.6416,12.0968,-14.7387,-0.2232
CASH_FLOW,cfa12,2,CFA9,"(+) Tăng, (-) giảm các khoản phải trả, phải nộp khác",(Increase)/decrease in payables,VND bn,2.604,-1.3006,-0.9142,-0.4565,-1.1127,1.6953,0.1302,-0.7166,0.7256,-0.8094,-0.2033,0.5465,-0.059,2.4262,-0.1398,1.8199,-0.9116,66.5565,279.4335,156.8757,-244.5835,256.5461,-95.7201,-4.5651,-411.5382,1.1181,-1.4185,5.4968,-1.4898,4.1061,12.1021,-4.2115,4.3381,-10.0458
CASH_FLOW,cfa16,2,CFA9,Tiền thu khác từ hoạt động kinh doanh,Other receipts from operating activities,VND bn,0.0,0.0,0.0,0.0,0.0,0.0,0.0,0.0,0.0,0.0,0.0,0.0,0.0,0.0,0.0,0.0,0.0,0.0,0.0,0.0,0.0,0.0,0.0,0.0,0.0,0.0,0.0,0.0,0.0,0.0,0.0,0.0,10.002,150.1789
CASH_FLOW,cfs217,2,CFA9,Tiền thu khác,Other receivables,VND bn,0.0,0.0,0.0,0.0,0.0,0.0,0.0,0.0,0.0,0.0,0.0,0.0,0.0,0.0,0.0,0.0,0.0,0.0,0.0,0.0,0.0,0.0,0.0,0.0,0.0,0.0,0.0,0.0,0.0,0.0,0.0,0.0,10.002,150.1789
CASH_FLOW,cfa17,2,CFA9,Tiền chi khác cho hoạt động kinh doanh,Other payments on operating activitie,VND bn,-0.9437,0.0433,-0.3342,0.0139,-0.5028,0.2418,0.0,-0.4326,0.1371,-0.5068,0.178,-2.054,0.1978,0.0,0.0,-0.4777,-2.4166,-0.8392,-0.2938,-0.4475,-12.0525,-0.1864,-0.0018,-1.4087,-2.5863,-0.005,-0.93,-0.932,-1.8543,-0.0049,-2.9446,-0.776,-1.2784,-477.0872
CASH_FLOW,cfs220,2,CFA9,Các khoản chi khác,Other expenses,VND bn,-0.9437,0.0433,-0.3342,0.0139,-0.5028,0.2418,0.0,-0.4326,0.1371,-0.5068,0.178,-2.054,0.1978,0.0,0.0,-0.4777,-2.4166,-0.8392,-0.2938,-0.4475,-12.0525,-0.1864,-0.0018,-1.4087,-2.5863,-0.005,-0.93,-0.932,-1.8543,-0.0049,-2.9446,-0.776,-1.2784,-477.0872
CASH_FLOW,cfs194,2,CFA9,Thay đổi tài sản và nợ phải trả hoạt động (Trước năm 2016),Change in assets and operating liabilities (Before 2016),VND bn,-1.7231,-2.7866,-0.3485,-1.6815,-15.3495,-13.2358,7.677,1.2359,-8.1324,32.16,68.0881,-62.6853,-39.0547,-108.8574,-1128.9605,-751.9585,-522.8984,-2124.978,-348.9412,-632.7488,-369.4174,-291.4879,721.5228,-928.5749,-1584.1004,621.9397,-2300.701,725.8592,-1105.2392,-1200.395,-1370.4726,-1347.4149,-115.7561,675.1809
CASH_FLOW,cfs200,2,CFA9,Tăng/giảm các khoản phải thu (Trước năm 2016),Increase (decrease) in receivable (Before 2016),VND bn,0.0,0.0,0.0,0.0,0.0,0.0,0.0,0.0,0.0,0.0,0.0,0.0,0.0,0.0,-209.4139,0.0,0.0,0.0,0.0,0.0,-0.0101,0.01,-0.0228,-345.1273,320.0451,25.0949,-0.2198,-0.3134,-317.9198,314.9684,-53.7733,57.2582,-0.8516,-49.37
CASH_FLOW,cfa18,1,,Lưu chuyển thuần từ hoạt động kinh doanh,Net cash inflows/(outflows) from operating activities,VND bn,0.3541,-7.6855,-0.0912,2.3058,-16.1582,-15.9494,9.499,2.2193,-7.8416,35.5151,-21.3663,-12.0959,-31.4331,-79.7289,-1140.9858,-757.4281,-523.2471,-2093.8925,-73.3154,-384.488,-604.9477,40.1436,650.5468,-819.0371,-2007.8406,678.7008,-2202.8955,743.5961,-1009.622,-1130.6209,-1200.5129,-1315.3452,-127.5773,480.4643
CASH_FLOW,cfa19,2,CFA_INVESTMENT_ACTIVITIES,"Tiền chi để mua sắm, xây dựng TSCĐ, BĐSĐT và các tài sản dài hạn khác",Purchases of fixed assets and other long term assets,VND bn,0.0,0.0,-0.2743,0.0,0.0,-0.095,0.0,-0.06,0.0,0.0,-5.0235,0.3704,-0.7539,-3.1469,-0.46,-11.572,-0.1596,-1.8092,-0.3783,-24.6632,-7.4748,-7.5024,-2.0987,-26.9518,-0.302,-3.1772,-2.1926,-10.4553,-2.0582,-9.3768,4.3252,-15.988,-5.9474,1.0149
CASH_FLOW,cfa20,2,CFA_INVESTMENT_ACTIVITIES,"Tiền thu từ thanh lý, nhượng bán TSCĐ, BĐSĐT và các tài sản dài hạn khác",Proceeds from disposal of fixed assets,VND bn,0.0,0.0,0.0,0.0,0.0,0.0,0.0,0.0,0.0,0.0,0.0,0.0,0.0,0.0,0.0,0.0,0.0,0.0,0.0007,-0.0007,0.0,0.0,0.0,0.0,0.0,0.0,0.0,0.9591,0.0,0.0,0.0,0.0,0.0,0.0
CASH_FLOW,cfa25,2,CFA_INVESTMENT_ACTIVITIES,Tiền thu về cổ tức lợi nhuận được chia từ các khoản đầu tư tài chính dài hạn,Dividends and interest received,VND bn,0.0,0.115,0.0,0.0,0.0,0.115,0.0,0.0,0.0,0.08,0.021,0.0458,0.0895,0.1474,0.2526,0.2789,0.2639,0.5218,0.2606,0.8079,1.0516,0.5846,0.8412,0.98,1.409,1.2395,1.0813,1.2141,1.3289,1.6946,2.2403,2.2685,2.2727,2.0041
CASH_FLOW,cfa26,1,,Lưu chuyển tiền thuần từ hoạt động đầu tư,Net cash inflows/(outflows) from investing activities,VND bn,0.0,0.115,-0.2743,0.0,0.0,0.02,0.0,-0.06,0.0,0.08,-5.0025,0.4162,-0.6644,-2.9995,-0.2074,-11.2931,0.1043,-1.2875,-0.117,-23.856,-6.4231,-6.9178,-1.2575,-25.9718,1.1071,-1.9377,-1.1113,-8.2821,-0.7293,-7.6822,6.5655,-13.7195,-3.6747,3.019
CASH_FLOW,cfa27,2,CFA_FINANCING_ACTIVITIES,"Tiền thu từ phát hành cổ phiếu, nhận vốn góp của chủ sở hữu",Proceeds from issue of shares,VND bn,0.0,0.0,0.0,0.0,0.0,0.0,0.0,0.0,0.0,0.0,0.0,0.0,0.0,0.0,840.011,0.0,0.0,2000.0306,0.0,0.0,0.0,0.0,0.0,0.0,872.6842,0.0,0.0,0.0,0.0,0.0,0.0,0.0,1284.6091,0.0
CASH_FLOW,cfa29,2,CFA_FINANCING_ACTIVITIES,Tiền vay gốc,Proceeds from borrowings,VND bn,185.875,54.903,392.035,370.731,235.34,55.755,40.685,85.4652,78.137,131.705,16.05,148.409,198.4411,700.537,1669.1505,1360.748,3070.2758,2377.206,1412.4345,2574.9452,3397.3392,4395.3473,3530.02,3582.7737,4457.1304,5817.613,3770.4334,15030.5246,10642.1824,13041.9158,14397.9374,11629.4655,11005.297,1592.7175
CASH_FLOW,cfs114,2,CFA_FINANCING_ACTIVITIES,Tiền vay khác,Other loans received,VND bn,185.875,54.903,392.035,370.731,235.34,55.755,40.685,85.4652,78.137,131.705,16.05,148.409,198.4411,700.537,1669.1505,1360.748,3070.2758,2377.206,1412.4345,2574.9452,3397.3392,4395.3473,3530.02,3582.7737,4457.1304,5817.613,3770.4334,15030.5246,10642.1824,13041.9158,14397.9374,11629.4655,11005.297,1592.7175
CASH_FLOW,cfa30,2,CFA_FINANCING_ACTIVITIES,Tiền chi trả nợ gốc vay,Repayment of borrowings,VND bn,-190.575,-48.235,-398.703,-370.731,-221.09,-42.085,-48.975,-92.1752,-75.007,-141.495,-13.76,-137.754,-166.3571,-604.081,-1102.3685,-851.415,-2546.1508,-2268.351,-1085.7949,-2023.5821,-3127.7729,-4106.6698,-3801.062,-2961.7623,-3194.126,-6024.6123,-2344.5148,-14661.2073,-10186.5967,-12368.2202,-12524.1991,-10526.7572,-11628.9225,-2022.9528
CASH_FLOW,cfs117,2,CFA_FINANCING_ACTIVITIES,Tiền chi trả gốc nợ vay khác,Other Loans principal repaid,VND bn,-190.575,-48.235,-398.703,-370.731,-221.09,-42.085,-48.975,-92.1752,-75.007,-141.495,-13.76,-137.754,-166.3571,-604.081,-1102.3685,-851.415,-2546.1508,-2268.351,-1085.7949,-2023.5821,-3127.7729,-4106.6698,-3801.062,-2961.7623,-3194.126,-6024.6123,-2344.5148,-14661.2073,-10186.5967,-12368.2202,-12524.1991,-10526.7572,-11628.9225,-2022.9528
CASH_FLOW,cfa31,2,CFA_FINANCING_ACTIVITIES,Tiền chi trả nợ thuê tài chính,Finance lease principal payments,VND bn,0.0,0.0,0.0,0.0,0.0,0.0,0.0,0.0,0.0,0.0,0.0,0.0,0.0,0.0,0.0,0.0,0.0,0.0,0.0,0.0,0.0,0.0,0.0,-1.009,-1.2697,-1.2697,-1.6376,-3.1989,-3.3779,-3.7755,-4.2606,-5.2306,-5.2306,-6.5838
CASH_FLOW,cfa32,2,CFA_FINANCING_ACTIVITIES,"Cổ tức, lợi nhuận đã trả cho chủ sở hữu",Dividends paid,VND bn,0.0,0.0,0.0,0.0,0.0,0.0,0.0,0.0,0.0,0.0,0.0,0.0,0.0,0.0,0.0,0.0,0.0,0.0,0.0,0.0,0.0,0.0,-60.0,0.0,0.0,-165.0,0.0,-165.0,0.0,0.0,0.0,0.0,-239.82,0.0
CASH_FLOW,cfa34,1,,Lưu chuyển thuần từ hoạt động tài chính,Net cash inflows/(outflows) from financing activities,VND bn,-4.7,6.668,-6.668,0.0,14.25,13.67,-8.29,-6.71,3.13,-9.79,2.29,10.655,32.084,96.456,1406.793,509.333,524.125,2108.8856,326.6396,551.3631,269.5663,288.6775,-331.042,620.0025,2134.4189,-373.269,1424.2811,201.1185,452.2078,669.9201,1869.4777,1097.4777,415.933,-436.8191
CASH_FLOW,cfa35,1,,LƯU CHUYỂN TIỀN THUẦN TRONG KỲ,NET CASH INFLOWS/(OUTFLOWS),VND bn,-4.3459,-0.9025,-7.0335,2.3058,-1.9082,-2.2594,1.209,-4.5507,-4.7116,25.8051,-24.0788,-1.0247,-0.0135,13.7276,265.5998,-259.3882,0.9822,13.7056,253.2072,143.0191,-341.8045,321.9034,318.2473,-225.0064,127.6854,303.494,-779.7256,936.4324,-558.1436,-468.3831,675.5302,-231.587,284.681,46.6642
CASH_FLOW,cfa36,1,,TIỀN VÀ CÁC KHOẢN TƯƠNG ĐƯƠNG TIỀN ĐẦU KỲ,CASH AND CASH EQUIVALENTS AT THE BEGINNING OF PERIOD,VND bn,22.5917,18.2457,17.3432,10.3097,12.6156,10.7074,8.448,9.657,5.1063,0.3947,26.1998,2.121,1.0963,1.0828,14.8104,280.4101,21.0219,22.0042,35.7098,288.9171,431.9361,90.1316,412.035,730.2823,505.2759,632.9613,936.4554,156.7297,1093.1621,535.0186,66.6355,742.1658,510.5788,795.2598
CASH_FLOW,cfs118,2,CFA36,"Tiền mặt, tiền gửi ngân hàng đầu kỳ",Cash and bank deposit at the beginning of the period,VND bn,0.0917,0.2457,0.1432,0.5097,0.3156,0.1574,0.148,0.157,0.1063,0.3947,0.0998,1.121,0.0963,0.0828,0.8104,200.274,0.6844,1.4653,14.9632,288.9171,431.9361,90.1316,412.035,730.2823,505.2759,545.5473,886.4554,156.7297,943.1621,535.0186,66.6355,742.1658,510.5788,795.2598
CASH_FLOW,cfs120,2,CFA36,Các khoản tương đương tiền,Cash equivalents,VND bn,22.5,18.0,17.2,9.8,12.3,10.55,8.3,9.5,5.0,0.0,26.1,1.0,1.0,1.0,14.0,80.1361,20.3376,20.5388,20.7466,0.0,0.0,0.0,0.0,0.0,0.0,87.414,50.0,0.0,150.0,0.0,0.0,0.0,0.0,0.0
CASH_FLOW,cfa38,1,,TIỀN VÀ CÁC KHOẢN TƯƠNG ĐƯƠNG TIỀN CUỐI KỲ,CASH AND CASH EQUIVALENTS AT THE END OF PERIOD,VND bn,18.2457,17.3432,10.3097,12.6156,10.7074,8.448,9.657,5.1063,0.3947,26.1998,2.121,1.0963,1.0828,14.8104,280.4101,21.0219,22.0042,35.7098,288.9171,431.9361,90.1316,412.035,730.2823,505.2759,632.9613,936.4554,156.7297,1093.1621,535.0186,66.6355,742.1658,510.5788,795.2598,841.924
CASH_FLOW,cfs121,2,CFA38,"Tiền mặt, tiền gửi ngân hàng kỳ",Cash and bank deposit during the period,VND bn,0.2457,0.1432,0.5097,0.3156,0.1574,0.148,0.157,0.1063,0.3947,0.0998,1.121,0.0963,0.0828,0.8104,200.274,0.6844,1.4653,14.9632,288.9171,431.9361,90.1316,412.035,730.2823,505.2759,545.5473,886.4554,156.7297,943.1621,535.0186,66.6355,742.1658,510.5788,795.2598,841.924
CASH_FLOW,cfs123,2,CFA38,Các khoản tương đương tiền,Cash equivalents,VND bn,18.0,17.2,9.8,12.3,10.55,8.3,9.5,5.0,0.0,26.1,1.0,1.0,1.0,14.0,80.1361,20.3376,20.5388,20.7466,0.0,0.0,0.0,0.0,0.0,0.0,87.414,50.0,0.0,150.0,0.0,0.0,0.0,0.0,0.0,0.0
CASH_FLOW,cfs125,2,CFA_TRUST_ACTIVITIES,Tiền thu bán chứng khoán môi giới cho khách hàng,Cash inflow from securities sales broking,VND bn,1548.5865,830.8345,412.1363,410.9916,0.0,0.0,354.4554,445.6276,613.4389,468.8083,158.528,564.6251,1809.462,5087.4777,4818.8382,11490.1354,10670.3876,12862.5641,6827.4762,7574.5429,7489.4795,7941.3713,15560.2054,10699.2227,15765.9981,25969.5368,16246.31,16712.792,18202.4258,25998.7627,56117.3715,36464.4382,37123.2849,32759.7712
CASH_FLOW,cfs126,2,CFA_TRUST_ACTIVITIES,Tiền chi mua chứng khoán môi giới cho khách hàng,Cash outflow from securities purchase broking,VND bn,-1270.2647,-1314.3336,168.735,-390.9604,0.0,0.0,-248.4745,-353.8726,-359.9307,-682.8633,-352.9132,-1453.3929,-1347.8074,-6521.3298,-9083.0916,-15740.8718,-10574.7869,-12963.5027,-6719.0097,-7706.8106,-8238.4108,-9555.5156,-14698.6758,-11820.8271,-17191.83,-22113.089,-15979.3143,-16340.9536,-18471.6389,-26750.1731,-55974.5594,-34764.9391,-36735.1141,-31393.8651
CASH_FLOW,cfs128,2,CFA_TRUST_ACTIVITIES,Tiền chi bán chứng khoán ủy thác của khách hàng,Cash outflow from mandated securities sales,VND bn,-2631.5599,-1265.4511,8338.748,-9424.6019,0.0,0.0,0.0,-2528.5453,0.0,0.0,0.0,0.0,0.0,0.0,0.0,0.0,0.0,0.0,0.0,0.0,0.0,0.0,0.0,0.0,0.0,0.0,0.0,0.0,0.0,0.0,0.0,0.0,0.0,0.0
CASH_FLOW,cfs133,2,CFA_TRUST_ACTIVITIES,Nhận tiền gửi để thanh toán giao dịch chứng khoán của khách hàng,Cash received for the purpose of transaction of clients,VND bn,2334.7696,1734.4415,-8920.6382,9395.5393,0.0,0.0,477.1798,661.0221,497.9554,1060.7217,779.5388,2232.9911,1880.3841,11826.7304,8848.1757,3302.5248,15605.3825,19969.8923,13261.3349,18649.7692,20729.4997,19795.4172,27168.4163,12564.2567,25948.7446,43803.4151,33235.8066,47641.8503,68077.6999,88402.7966,122167.0464,90525.8854,80925.9119,67509.2659
CASH_FLOW,cfs224,2,CFA_TRUST_ACTIVITIES,Chi trả thanh toán giao dịch chứng khoán của khách hàng,Cash outflow on securities transaction settlement of clients,VND bn,0.0,0.0,0.0,0.0,0.0,0.0,-581.4964,1823.8394,-781.724,-870.8168,-580.7943,-1198.5225,-2221.0253,-10382.6438,-4360.9813,873.8394,-15460.3087,-20073.2467,-13270.6464,-18801.6264,-19913.2041,-17626.3883,-28274.0216,-11233.3504,-23861.4109,-47610.3486,-33449.5563,-48264.0747,-66727.5698,-87511.3738,-121717.5803,-92257.6858,-81529.5176,-69717.8752
CASH_FLOW,cfs135,2,CFA_TRUST_ACTIVITIES,Chi trả phí lưu ký chứng khoán của khách hàng,Cash paid for depository fee of clients,VND bn,-0.4213,-0.242,-0.4008,-0.1128,0.0,0.0,-0.2553,-0.1271,-0.2589,-0.5066,-0.257,-0.1038,-0.2019,-0.3549,-0.2604,-0.5397,-0.5228,-0.6104,-0.669,-0.8321,-0.8282,-0.834,-1.1399,-1.0629,-0.9606,-2.2058,-1.5946,-1.6488,-1.7949,-1.9419,-2.5907,-2.6975,-1.8898,-2.2223
CASH_FLOW,cfs138,2,CFA_TRUST_ACTIVITIES,Tiền thu của Tổ chức phát hành chứng khoán,Cash received from issuing organizations,VND bn,3.4083,12.8751,29.4735,3.4409,0.0,0.0,3.101,1.6473,3.929,6.7703,4.3122,4.2159,1.6865,20.5315,14.5599,14.058,7.4784,28.2872,32.5725,11.2235,126.3813,51.2337,37.2085,362.1348,17.134,119.7166,52.8157,259.1952,27.8858,682.3404,74.4237,-41.2128,203.0496,413.181
CASH_FLOW,cfs139,2,CFA_TRUST_ACTIVITIES,Tiền chi trả Tổ chức phát hành chứng khoán,Cash paid to issuing organizations,VND bn,-3.4083,-12.8751,-29.4735,-3.4409,0.0,0.0,-3.0977,-1.6514,-3.929,-6.7703,-4.3122,-4.0811,-1.8205,-20.6003,-13.8406,-14.8094,-7.3006,-32.1233,-28.8664,-11.2709,-75.3754,-102.2214,-37.1058,-362.2561,-16.107,-120.6778,-52.8795,-259.1974,-27.8738,-682.3524,-74.4237,41.2128,-203.0496,-413.181
CASH_FLOW,cfs140,1,,"Lưu chuyển tiền hoạt động môi giới, ủy thác của khách hàng",Net cash inflows/(outflows) from brokerage and trust activities,VND bn,-18.8898,-14.7506,-1.4199,-9.1442,0.0,0.0,1.4124,47.94,-30.5193,-24.6568,4.1022,145.7319,120.6775,9.8107,223.3999,-75.6632,240.3295,-208.7395,102.192,-285.0044,117.542,503.0628,-245.1128,208.1176,661.5683,46.3473,51.5876,-252.0369,1079.134,138.0585,589.6876,-34.9989,-217.3247,-844.9255
CASH_FLOW,cfs141,1,,TIỀN VÀ CÁC KHOẢN TƯƠNG ĐƯƠNG TIỀN ĐẦU KỲ CỦA KHÁCH HÀNG,CASH AND CASH EQUIVALENTS OF CUSTOMERS AT THE BEGINNING OF PERIOD,VND bn,68.9954,50.1057,35.355,33.9352,0.0,0.0,22.7119,24.1243,72.0643,41.545,16.8883,20.9905,166.7224,287.3999,297.2106,520.6104,444.9473,685.2768,476.5372,578.7293,293.7249,411.2669,914.3297,669.2169,877.3345,1538.9028,1585.2501,1636.8377,1384.8008,2463.9348,2601.9934,3191.6809,3156.682,2939.3574
CASH_FLOW,cfs142,2,CFS141,Tiền gửi ngân hàng đầu kỳ,Cash and cash equivalent at the beginning of period,VND bn,68.9954,50.1057,35.355,33.9352,0.0,0.0,22.7119,24.1243,72.0643,41.545,16.8883,20.9905,166.7224,287.3999,297.2106,520.6104,444.9473,685.2768,476.5372,578.7293,293.7249,0.0,914.3297,669.2169,877.3345,1538.9028,1585.2501,1636.8377,1384.8008,2463.9348,2601.9934,3191.6809,3156.682,2939.3574
CASH_FLOW,cfs143,2,CFS141,Tiền gửi của NĐT về GDCK theo phương thức CTCK quản lý,Investors' deposit for securities transaction by Securities company managed method,VND bn,17.8912,10.9858,9.0844,7.6751,0.0,0.0,6.5561,11.7452,18.7613,25.8643,13.5275,16.5363,113.7289,118.6481,286.7312,501.1167,434.6719,653.3375,305.3994,430.4921,251.0355,0.0,820.314,663.1583,790.4168,1277.6744,1485.507,1375.9191,1339.6848,2347.9998,2515.8885,2981.104,2902.9607,2868.8689
CASH_FLOW,cfs147,2,CFS141,Tiền gửi của tổ chức phát hành,Issuing organization's deposit,VND bn,1.1017,7.1293,12.8402,7.1452,0.0,0.0,11.1508,2.2037,0.3097,0.3565,0.8508,0.9667,0.0261,0.5052,10.472,19.4864,10.2681,31.932,171.1306,148.2299,42.6824,0.0,94.0086,6.0515,86.9107,261.2213,99.736,260.9115,45.1089,115.9164,86.0725,210.5301,253.6619,70.4289
CASH_FLOW,cfs148,2,CFS141,Trong đó: có kỳ hạn,In which: amounts which have specific term,VND bn,50.0026,0.0,13.4304,0.0,0.0,0.0,5.0051,10.1754,52.9934,15.3242,2.5099,3.4876,52.9675,168.2465,0.0074,0.0073,0.0073,0.0073,0.0072,0.0072,0.007,0.0,0.007,0.0071,0.0071,0.0071,0.0071,0.0071,0.0071,0.0186,0.0324,0.0467,0.0594,0.0595
CASH_FLOW,cfs149,2,CFS141,Tiền gửi của NĐT về GDCK theo phương thức NHTM quản lý (Trước năm 2016),Investors' deposit for securities transaction by commercial bank managed method (Before 2016),VND bn,0.0,31.9906,0.0,19.1149,0.0,0.0,0.0,0.0,0.0,0.0,0.0,0.0,0.0,0.0,0.0,0.0,0.0,0.0,0.0,0.0,0.0,0.0,0.0,0.0,0.0,0.0,0.0,0.0,0.0,0.0,0.0,0.0,0.0,0.0
CASH_FLOW,cfs152,2,CFS141,Ảnh hưởng của thay đổi tỷ giá hối đoái quy đổi ngoại tệ,Effect of changes in foreign currency exchange rates,VND bn,0.0,0.0,0.0,0.0,0.0,0.0,0.0,0.0,0.0,0.0,0.0,0.0,0.0,0.0,0.0,0.0,0.0,0.0,0.0,0.0,0.0,411.2669,0.0,0.0,0.0,0.0,0.0,0.0,0.0,-0.0,0.0,0.0,0.0,0.0
CASH_FLOW,cfs153,1,,TIỀN VÀ CÁC KHOẢN TƯƠNG ĐƯƠNG TIỀN CUỐI KỲ CỦA KHÁCH HÀNG,CASH AND CASH EQUIVALENTS OF CUSTOMERS AT THE END OF PERIOD,VND bn,50.1057,35.355,33.9352,24.7909,0.0,0.0,24.1243,72.0643,41.545,16.8883,20.9905,166.7224,287.3999,297.2106,520.6104,444.9473,685.2768,476.5372,578.7293,293.7249,411.2669,914.3297,669.2169,877.3345,1538.9028,1585.2501,1636.8377,1384.8008,2463.9348,2601.9934,3191.6809,3156.682,2939.3574,2094.4318
CASH_FLOW,cfs154,2,CFS153,Tiền gửi ngân hàng cuối kỳ,Cash and cash equivalent at the end of period,VND bn,50.1057,35.355,33.9352,24.7909,0.0,0.0,24.1243,72.0643,41.545,16.8883,20.9905,166.7224,287.3999,297.2106,520.6104,444.9473,685.2768,476.5372,578.7293,293.7249,0.0,914.3297,669.2169,877.3345,1538.9028,1585.2501,1636.8377,1384.8008,2463.9348,2601.9934,3191.6809,3156.682,2939.3574,2094.4318
CASH_FLOW,cfs155,2,CFS153,Tiền gửi của NĐT về GDCK theo phương thức CTCK quản lý,Investors' deposit for securities transaction by Securities company managed method,VND bn,10.9858,9.0844,7.6751,6.9114,0.0,0.0,11.7452,18.7613,25.8643,13.5275,16.5363,113.7289,118.6481,286.7312,501.1167,434.6719,653.3375,305.3994,430.4921,251.0355,0.0,820.314,663.1583,790.4168,1277.6744,1485.507,1375.9191,1339.6848,2347.9998,2515.8885,2981.104,2902.9607,2868.8689,1960.8196
CASH_FLOW,cfs159,2,CFS153,Tiền gửi tổng hợp GDCK cho khách hàng,Customers' general deposit for securities transactions,VND bn,31.9906,13.4304,19.1149,8.4609,0.0,0.0,10.1754,52.9934,15.3242,2.5099,3.4876,52.9675,168.2465,0.0074,0.0073,0.0073,0.0073,0.0072,0.0072,0.007,0.0,0.007,0.0071,0.0071,0.0071,0.0071,0.0071,0.0071,0.0186,0.0324,0.0467,0.0594,0.0595,0.0595
CASH_FLOW,cfs160,2,CFS153,Tiền gửi bù trừ và thanh toán GDCK,Deposit for securities clearing,VND bn,7.1293,12.8402,7.1452,9.4187,0.0,0.0,2.2037,0.3097,0.3565,0.8508,0.9667,0.0261,0.5052,10.472,19.4864,10.2681,31.932,171.1306,148.2299,42.6824,0.0,94.0086,6.0515,86.9107,261.2213,99.736,260.9115,45.1089,115.9164,86.0725,210.5301,253.6619,70.4289,133.5527
CASH_FLOW,cfs164,2,CFS153,Ảnh hưởng của thay đổi tỷ giá hối đoái quy đổi ngoại tệ,Effect of changes in foreign currency exchange rates,VND bn,0.0,0.0,0.0,0.0,0.0,0.0,0.0,0.0,0.0,0.0,0.0,0.0,0.0,0.0,0.0,0.0,0.0,0.0,0.0,0.0,411.2669,0.0,0.0,0.0,0.0,0.0,0.0,0.0,-0.0,0.0,0.0,0.0,0.0,0.0
NOTE,nos88,1,,TIỀN VÀ TƯƠNG ĐƯƠNG TIỀN,CASH AND CASH EQUIVALENT,VND bn,18.2457,17.3432,10.3097,12.6156,10.7074,8.448,9.657,5.1063,0.3947,26.1998,2.121,1.0963,1.0828,14.8104,280.4101,21.0219,22.0042,35.7098,288.9171,431.9361,90.1316,412.035,730.2823,505.2759,632.9613,936.4554,156.7297,1093.1621,535.0186,66.6355,742.1658,510.5788,795.2598,841.924
NOTE,nos89,2,NOS88,Tiền mặt,Cash,VND bn,0.0209,0.0188,0.0152,0.0024,0.016,0.0125,0.0021,0.0192,0.0081,0.0424,0.0,0.0933,0.0,0.0,0.0,0.0,0.0,14.9571,288.6777,0.0,0.0,0.0,0.0,378.8864,539.4821,823.807,154.3987,861.2805,402.5895,50.938,677.0243,496.7425,780.4645,732.787
NOTE,nos90,2,NOS88,Tiền gửi ngân hàng,Cash in bank,VND bn,0.2201,0.1197,0.4325,0.2972,0.1247,0.1189,0.1384,0.0707,0.3703,0.0542,1.1179,0.0,0.0794,0.8072,200.271,0.6814,1.4624,0.0,0.2393,431.9332,90.1281,412.0309,730.2588,0.0,0.0,0.0,0.0,0.0,0.0,0.0,0.0,0.0,0.0,0.0
NOTE,nos94,2,NOS88,Tiền gửi thanh toán bù trừ giao dịch CK,Deposits clearing securities trading,VND bn,0.0047,0.0047,0.0621,0.0159,0.0167,0.0166,0.0165,0.0164,0.0163,0.0032,0.0031,0.003,0.0034,0.0032,0.003,0.0029,0.0029,0.0061,0.0,0.0029,0.0036,0.0041,0.0236,126.3895,6.0652,62.6484,2.331,81.8816,132.4291,15.6975,65.1415,13.8364,14.7953,109.137
NOTE,nos95,2,NOS88,Tiền và tương đương tiền,Cash and cash equivalents,VND bn,18.0,17.2,9.8,12.3,10.55,8.3,9.5,5.0,0.0,26.1,1.0,1.0,1.0,14.0,80.1361,20.3376,20.5388,20.7466,0.0,0.0,0.0,0.0,0.0,0.0,87.414,50.0,0.0,150.0,0.0,0.0,0.0,0.0,0.0,0.0
NOTE,nos96,1,,KHỐI LƯỢNG GIAO DỊCH THỰC HIỆN TRONG KỲ CỦA CTCK,TRADING VOLUME IN PERIOD OF SECURITIES CORPORATIONS,VND bn,0.1902,0.2766,0.3445,0.0151,0.003,0.003,0.003,0.003,0.0,0.0002,0.0002,0.0012,0.0027,0.0037,0.0031,0.0041,0.0103,0.0179,0.0069,0.0181,0.0099,0.018,0.0112,0.0703,0.0329,0.1001,0.0233,0.1399,0.149,0.126,0.1743,0.182,0.1404,0.1779
NOTE,nos97,2,NOS96,Khối lượng Cổ phiếu,Stock volume,units,190185139.0,276590512.0,344456364.0,2140000.0,0.0,0.0,0.0,0.0,0.0,160885.0,160885.0,1160885.0,2744240.0,3700589.0,3103011.0,4084692.0,292331.0,6545240.0,8667.0,2100000.0,692616.0,5709315.0,7618347.0,31352218.0,3450164.0,9282276.0,1396761.0,20905.0,50903698.0,4794514.0,24965057.0,1939304.0,2055155.0,75089632.0
NOTE,nos98,2,NOS96,Khối lượng Trái phiếu,Bond volume,units,0.0,0.0,0.0,13000000.0,3000000.0,3000000.0,3000000.0,3000000.0,0.0,0.0,0.0,0.0,0.0,0.0,0.0,0.0,10000000.0,10897400.0,6897500.0,15946263.0,8633196.0,12315071.0,1987460.0,32141297.0,19876100.0,81277300.0,21938324.0,139830904.0,84151974.0,117572511.0,146288707.0,179438270.0,133974912.0,101855529.0
NOTE,nos99,2,NOS96,Khối lượng chứng khoán khác,Others,units,0.0,0.0,0.0,0.0,0.0,0.0,0.0,0.0,0.0,0.0,0.0,0.0,0.0,0.0,0.0,0.0,4.0,500204.0,5792.0,71594.0,610640.0,2643.0,1600434.0,6784269.0,9531210.0,9541846.0,23.0,37.0,13900000.0,3615814.0,3027525.0,600700.0,4412465.0,997747.0
NOTE,nos100,1,,GIÁ TRỊ GIAO DỊCH THỰC HIỆN TRONG KỲ CỦA CTCK,TRADING VALUE IN PERIOD OF SECURITIES CORPORATION,VND bn,2876.7471,4299.8749,5177.8371,1674.2845,305.614,305.614,305.614,305.614,0.0,1.2288,1.2288,20.866,93.0146,113.5748,92.5172,100.8911,1625.413,2186.7759,1998.921,6136.3038,4305.999,6191.0463,5684.012,23853.465,7488.8108,20010.0031,6081.2861,22195.0311,11855.2098,14953.0227,19220.3462,22974.907,15496.3076,12687.6021
NOTE,nos101,2,NOS100,Giá trị Cổ phiếu,Value of shares,VND bn,2876.7471,4299.8749,5177.8371,23.112,0.0,0.0,0.0,0.0,0.0,1.2288,1.2288,20.866,93.0146,113.5748,92.5172,100.8911,10.3717,294.8308,0.394,34.1946,18.7759,166.0128,222.2513,962.6581,106.336,219.0161,17.4084,0.3456,646.8799,124.1481,508.1894,41.4936,43.0692,1204.3681
NOTE,nos102,2,NOS100,Giá trị Trái phiếu,Value of bonds,VND bn,0.0,0.0,0.0,1651.1725,305.614,305.614,305.614,305.614,0.0,0.0,0.0,0.0,0.0,0.0,0.0,0.0,1014.0671,1163.5962,807.7428,1950.9591,1107.802,1436.3699,197.9411,5871.8038,3338.2001,11183.4469,3474.4508,16913.7049,9809.7573,14005.0769,18678.883,21262.8538,14991.5069,10673.3855
NOTE,nos103,2,NOS100,Giá trị chứng khoán khác,Value of others,VND bn,0.0,0.0,0.0,0.0,0.0,0.0,0.0,0.0,0.0,0.0,0.0,0.0,0.0,0.0,0.0,0.0,600.9742,728.3489,1190.7841,4151.1502,3179.421,4588.6635,5263.8196,17019.0031,4044.2747,8607.5402,2589.4269,5280.9805,1398.5726,823.7977,33.2738,1670.5595,461.7315,809.8486
NOTE,nos104,1,,KHỐI LƯỢNG GIAO DỊCH THỰC HIỆN TRONG KỲ CỦA NĐT,TRADING VOLUME IN PERIOD OF INVESTORS,VND bn,0.0,0.0,0.0,0.4103,0.0709,0.1102,0.1856,0.2701,0.0896,0.1959,0.2408,0.3687,0.2574,0.4627,0.4471,0.7243,0.7193,0.9176,0.5965,0.958,0.9779,1.1446,1.608,4.9206,1.6238,3.8324,1.5897,1.8281,1.9604,2.7382,4.8199,2.6814,2.7835,2.7915
NOTE,nos105,2,NOS104,Khối lượng Cổ phiếu,Stock volume,units,0.0,0.0,0.0,410290543.0,70913062.0,110232107.0,185565285.0,270092914.0,89582116.0,195903529.0,240756044.0,368708192.0,257357929.0,462700886.0,447089507.0,724340859.0,719253300.0,917592828.0,596470629.0,958007704.0,977857799.0,1144645424.0,1608022043.0,4920549193.0,1623815081.0,3832410216.0,1587600934.0,1465763334.0,1958276828.0,2419278104.0,4579178816.0,2509369632.0,2540582089.0,2471153648.0
NOTE,nos106,2,NOS104,Khối lượng Trái phiếu,Bond volume,units,0.0,0.0,0.0,0.0,0.0,0.0,0.0,0.0,0.0,0.0,0.0,0.0,0.0,0.0,0.0,0.0,0.0,0.0,0.0,0.0,0.0,0.0,0.0,30100.0,400.0,1040.0,2119414.0,1079735.0,2159558.0,24955899.0,11280351.0,30213553.0,26520358.0,28831843.0
NOTE,nos107,2,NOS104,Khối lượng chứng khoán khác,Other volume,units,0.0,0.0,0.0,0.0,0.0,0.0,0.0,0.0,0.0,0.0,0.0,0.0,0.0,0.0,0.0,0.0,0.0,0.0,0.0,0.0,0.0,0.0,0.0,0.0,0.0,0.0,0.0,361268536.0,0.0,293931079.0,229430125.0,141825840.0,216427685.0,291539278.0
NOTE,nos108,1,,GIÁ TRỊ GIAO DỊCH THỰC HIỆN TRONG KỲ CỦA NĐT,TRADING VALUE IN PERIOD OF INVESTORS,VND bn,0.0,0.0,0.0,5949.9113,989.6625,1547.0165,2158.5903,3018.1329,917.5967,2083.4082,2567.4137,5553.568,3324.1752,12090.0182,14399.6725,27234.5557,21621.2238,25340.2498,13686.6794,14962.3501,15925.1954,18088.0627,30116.5729,86483.9048,33999.8306,81549.7442,32557.3722,32575.2856,37704.0,55499.0671,113523.4074,74743.1072,77527.1021,66552.6986
NOTE,nos109,2,NOS108,Giá trị Cổ phiếu,Value of shares,VND bn,0.0,0.0,0.0,5949.9113,989.6625,1547.0165,2158.5903,3018.1329,917.5967,2083.4082,2567.4137,5553.568,3324.1752,12090.0182,14399.6725,27234.5557,21621.2238,25340.2498,13686.6794,14962.3501,15925.1954,18088.0627,30116.5729,85948.6792,33959.8306,81442.6774,31942.0216,31559.2511,37486.0356,52363.0673,111774.1003,70765.9997,72200.9021,62890.5367
NOTE,nos110,2,NOS108,Giá trị Trái phiếu,Value of bonds,VND bn,0.0,0.0,0.0,0.0,0.0,0.0,0.0,0.0,0.0,0.0,0.0,0.0,0.0,0.0,0.0,0.0,0.0,0.0,0.0,0.0,0.0,0.0,0.0,535.2257,40.0,107.0667,615.3506,602.9677,217.9644,2901.0488,1243.2533,3635.1421,4841.4297,3229.4351
NOTE,nos111,2,NOS108,Giá trị chứng khoán khác,Value of others,VND bn,0.0,0.0,0.0,0.0,0.0,0.0,0.0,0.0,0.0,0.0,0.0,0.0,0.0,0.0,0.0,0.0,0.0,0.0,0.0,0.0,0.0,0.0,0.0,0.0,0.0,0.0,0.0,413.0668,0.0,234.9509,506.0538,341.9654,484.7704,432.7268
NOTE,nos119,1,,GIÁ GỐC ĐẦU TƯ TÀI CHÍNH,COST OF FINANCIAL INVESTMENTS,VND bn,144.5258,123.1349,148.9467,150.2969,165.5489,178.7868,171.101,169.9712,178.0034,138.4536,70.2425,125.167,164.0172,273.0045,1381.7392,2152.9829,2658.6076,2539.8043,4817.1969,5564.9103,5115.6927,5987.3875,5264.6064,5553.2858,6943.4121,5350.701,7443.7493,6857.8184,8093.1388,9716.5886,10227.4644,12504.176,12117.0331,13603.8454
NOTE,nos120,2,NOS119,Đầu tư tài chính ngắn hạn,Short-term investments,VND bn,28.0606,28.0606,28.0606,28.0606,28.0626,28.0606,28.0606,28.0606,28.0606,0.0,0.0,19.6371,14.3593,22.8043,232.2182,77.6166,69.3279,622.9926,641.0561,653.7801,638.7465,1114.6984,854.4801,304.7171,619.0901,125.53,769.7901,201.4829,575.1856,727.7219,980.6474,2110.2349,1545.695,1586.6945
NOTE,nos121,2,NOS119,Chứng khoán thương mại,Trading Securities,VND bn,28.0606,28.0606,28.0606,28.0606,28.0626,28.0606,28.0606,28.0606,28.0606,0.0,0.0,19.6371,14.3593,22.8043,79.6078,77.6166,69.3279,622.9926,622.9476,653.7801,638.7465,703.9257,545.5579,100.5989,118.452,125.53,370.058,201.4829,476.7671,727.7219,980.6474,2072.6349,1343.9718,1586.6945
NOTE,nos122,2,NOS119,Cổ phiếu niêm yết,Listed Shares,VND bn,0.0,0.0,0.0,0.0,0.0,8.6286,8.6286,8.6286,8.6286,0.0,0.0,19.6371,14.3593,22.8043,79.6078,77.6166,69.3279,342.9926,342.9476,373.7801,358.7465,223.9257,265.5579,100.5989,118.452,125.53,137.3718,135.4688,148.5416,192.8784,392.7436,371.4771,416.7479,421.4365
NOTE,nos123,2,NOS119,Cổ phiếu chưa niêm yết,Unlisted Share,VND bn,28.0606,28.0606,28.0606,28.0606,28.0626,19.432,19.432,19.432,19.432,0.0,0.0,0.0,0.0,0.0,0.0,0.0,0.0,280.0,280.0,280.0,280.0,280.0,280.0,0.0,0.0,0.0,0.0,0.0,0.0,0.0,0.0,0.0,0.0,0.0
NOTE,nos124,2,NOS119,Chứng chỉ quỹ,Fund certificates,VND bn,0.0,0.0,0.0,0.0,0.0,0.0,0.0,0.0,0.0,0.0,0.0,0.0,0.0,0.0,0.0,0.0,0.0,0.0,0.0,0.0,0.0,0.0,0.0,0.0,0.0,0.0,0.0,2.0039,0.0,6.8106,0.0,6.8284,0.0,7.1205
NOTE,nos125,2,NOS119,Trái phiếu,Bonds,VND bn,0.0,0.0,0.0,0.0,0.0,0.0,0.0,0.0,0.0,0.0,0.0,0.0,0.0,0.0,0.0,0.0,0.0,0.0,0.0,0.0,0.0,200.0001,0.0,0.0,0.0,0.0,232.6862,64.0102,328.2255,528.0329,587.9038,1694.3294,927.2239,1158.1374
NOTE,nos126,2,NOS119,Đầu tư tài chính ngắn hạn khác,Other short-term investments,VND bn,0.0,0.0,0.0,0.0,0.0,0.0,0.0,0.0,0.0,0.0,0.0,0.0,0.0,0.0,152.6104,0.0,0.0,0.0,18.1085,0.0,0.0,410.7727,308.9222,204.1182,500.6382,0.0,399.7321,0.0,98.4185,0.0,0.0,37.6,201.7232,0.0
NOTE,nos414,2,NOS119,Công cụ thị trường tiền tệ,Money Market Instruments,VND bn,0.0,0.0,0.0,0.0,0.0,0.0,0.0,0.0,0.0,0.0,0.0,0.0,0.0,0.0,152.6104,0.0,0.0,0.0,18.1085,0.0,0.0,410.7727,308.9222,204.1182,500.6382,0.0,399.7321,0.0,98.4185,0.0,0.0,37.6,201.7232,0.0
NOTE,nos433,2,NOS119,Giá trị ghi sổ Các khoản đầu tư giữ đến ngày đáo hạn (HTM),Carrying amount of Held-to-maturity investments,VND bn,62.1,68.5,73.5,78.5,80.5,82.75,82.45,85.9,91.3332,85.3332,57.0332,82.4332,82.5,92.5,602.5,882.871,1278.7633,0.0,1712.2477,2630.7535,2026.05,2306.05,2173.5,2765.5,2915.5,1627.5,2571.5,2774.75,3242.25,3936.25,3496.75,4561.75,4661.79,4659.25
NOTE,nos435,2,NOS119,Cổ phiếu chưa niêm yết,Unlisted shares,VND bn,62.1,68.5,73.5,78.5,80.5,82.75,82.45,85.9,91.3332,85.3332,57.0332,82.4332,82.5,92.5,602.5,882.871,1278.7633,0.0,1712.2477,1902.8767,2026.05,661.05,2173.5,955.0,1105.0,1117.0,2271.0,2574.75,3042.25,3686.25,3396.75,4461.75,4561.79,4359.25
NOTE,nos438,2,NOS119,Công cụ thị trường tiền tệ,Money Market Instruments,VND bn,0.0,0.0,0.0,0.0,0.0,0.0,0.0,0.0,0.0,0.0,0.0,0.0,0.0,0.0,0.0,0.0,0.0,0.0,0.0,727.8767,0.0,1645.0,0.0,1810.5,1810.5,510.5,300.5,200.0,200.0,250.0,100.0,100.0,100.0,300.0
NOTE,nos445,2,NOS119,Các khoản cho vay và phải thu,Loans and Receivables,VND bn,29.3652,26.5744,22.3861,18.7363,31.9864,42.9762,35.5904,31.0106,33.6096,53.1205,13.2093,23.0967,67.1578,157.7002,547.021,1192.4954,1310.5164,1916.8116,2463.893,2280.3767,2450.8962,2566.6391,2236.6263,2483.0686,3408.822,3597.671,4102.4592,3881.5855,4275.7031,5052.6167,5750.067,5832.1911,5909.5481,6303.0648
NOTE,nos446,2,NOS119,Cho vay nghiệp vụ ký quỹ (margin),Margin Loan,VND bn,25.9327,26.279,21.7937,18.6901,26.3478,42.6524,35.0836,29.5894,33.0459,33.9665,13.2001,16.5832,53.507,126.8489,506.2861,1107.0255,1167.6465,1848.2122,2364.9538,2250.1721,2355.4066,2494.1467,2103.4793,2411.8292,3042.2635,3411.0478,3978.8712,3783.9689,4178.6102,4834.9591,5493.3216,5248.0854,5655.551,6125.105
NOTE,nos447,2,NOS119,Cho vay ứng trước tiền bán chứng khoán của khách hàng,Advanced selling customers' securities lending,VND bn,3.4325,0.2954,0.5925,0.0462,5.6386,0.3238,0.5068,1.4212,0.5637,19.154,0.0092,6.5134,13.6508,30.8513,40.735,85.4698,142.8699,68.5994,98.9393,30.2047,95.4895,72.4924,133.147,71.2395,366.5584,186.6232,123.588,97.6166,97.093,217.6575,256.7454,584.1057,253.9971,177.9598
NOTE,nos127,2,NOS119,Đầu tư tài chính dài hạn,Long-term investments,VND bn,25.0,0.0,25.0,25.0,25.0,25.0,25.0,25.0,25.0,0.0,0.0,0.0,0.0,0.0,0.0,0.0,0.0,0.0,0.0,0.0,0.0,0.0,0.0,0.0,0.0,0.0,0.0,0.0,0.0,0.0,0.0,0.0,0.0,1054.8362
NOTE,nos128,2,NOS119,Chứng khoán đầu tư sẵn sàng để bán,Investment securities available for sale,VND bn,25.0,0.0,0.0,0.0,25.0,0.0,0.0,0.0,0.0,0.0,0.0,0.0,0.0,0.0,0.0,0.0,0.0,0.0,0.0,0.0,0.0,0.0,0.0,0.0,0.0,0.0,0.0,0.0,0.0,0.0,0.0,0.0,0.0,0.0
NOTE,nos132,2,NOS119,Trái phiếu,Bonds,VND bn,25.0,0.0,0.0,0.0,25.0,0.0,0.0,0.0,0.0,0.0,0.0,0.0,0.0,0.0,0.0,0.0,0.0,0.0,0.0,0.0,0.0,0.0,0.0,0.0,0.0,0.0,0.0,0.0,0.0,0.0,0.0,0.0,0.0,0.0
NOTE,nos133,2,NOS119,Chứng khoán nắm giữ đến ngày đáo hạn,Securities held to maturity,VND bn,0.0,0.0,25.0,25.0,0.0,25.0,25.0,25.0,25.0,0.0,0.0,0.0,0.0,0.0,0.0,0.0,0.0,0.0,0.0,0.0,0.0,0.0,0.0,0.0,0.0,0.0,0.0,0.0,0.0,0.0,0.0,0.0,0.0,1054.8362
NOTE,nos135,2,NOS119,Cổ phiếu chưa niêm yết,Unlisted Share,VND bn,0.0,0.0,0.0,0.0,0.0,0.0,0.0,0.0,0.0,0.0,0.0,0.0,0.0,0.0,0.0,0.0,0.0,0.0,0.0,0.0,0.0,0.0,0.0,0.0,0.0,0.0,0.0,0.0,0.0,0.0,0.0,0.0,0.0,0.1
NOTE,nos137,2,NOS119,Trái phiếu,Bonds,VND bn,0.0,0.0,25.0,25.0,0.0,25.0,25.0,0.0,25.0,0.0,0.0,0.0,0.0,0.0,0.0,0.0,0.0,0.0,0.0,0.0,0.0,0.0,0.0,0.0,0.0,0.0,0.0,0.0,0.0,0.0,0.0,0.0,0.0,1054.7362
NOTE,nos146,1,,GIÁ THỊ TRƯỜNG ĐẦU TƯ TÀI CHÍNH,MARKET VALUE OF FINANCIAL INVESTMENTS,VND bn,21.2992,20.7298,20.9063,20.9063,21.0818,21.2073,20.8188,20.6668,45.6538,0.0,0.0,23.0,18.3701,24.4777,223.1498,84.0931,1386.5436,264.8242,534.2467,575.6007,564.5752,755.8734,770.0958,298.5847,621.2282,0.0,4877.6292,167.0846,4783.3013,743.5171,6711.8776,2085.4708,7356.113,7779.9208
NOTE,nos147,2,NOS146,Đầu tư tài chính dài hạn,Long-term financial investment,VND bn,21.2992,20.7298,20.9063,20.9063,21.0818,21.2073,20.8188,20.6668,20.6538,0.0,0.0,23.0,18.3701,24.4777,223.1498,84.0931,76.0272,264.8242,534.2467,575.6007,564.5752,755.8734,770.0958,298.5847,621.2282,0.0,746.0066,167.0846,554.5927,743.5171,1009.1309,2085.4708,1503.9151,1539.9393
NOTE,nos148,2,NOS146,Chứng khoán thương mại,Trading Securities,VND bn,21.2992,20.7298,20.9063,20.9063,21.0818,21.2073,20.8188,20.6668,20.6538,0.0,0.0,23.0,18.3701,24.4777,70.5394,84.0931,76.0272,264.8242,516.1382,575.6007,564.5752,345.1007,461.1736,94.4664,120.5901,0.0,346.2745,167.0846,456.1742,743.5171,1009.1309,2047.8708,1302.1919,1539.9393
NOTE,nos149,2,NOS146,Cổ phiếu niêm yết,Listed Shares,VND bn,0.0,0.0,0.0,0.0,0.0,1.7753,1.3868,1.2348,1.2218,0.0,0.0,23.0,18.3701,24.4777,70.5394,84.0931,76.0272,264.8242,236.1382,295.6007,284.5752,145.1006,181.1736,94.4664,120.5901,0.0,114.1815,104.3074,128.7542,208.5981,421.1203,355.9446,385.5707,373.8984
NOTE,nos150,2,NOS146,Cổ phiếu chưa niêm yết,Unlisted Share,VND bn,21.2992,20.7298,20.9063,20.9063,21.0818,19.432,19.432,19.432,19.432,0.0,0.0,0.0,0.0,0.0,0.0,0.0,0.0,0.0,280.0,280.0,280.0,0.0,280.0,0.0,0.0,0.0,0.0,0.0,0.0,0.0,0.0,0.0,0.0,0.0
NOTE,nos151,2,NOS146,Chứng chỉ quỹ,Fund certificates,VND bn,0.0,0.0,0.0,0.0,0.0,0.0,0.0,0.0,0.0,0.0,0.0,0.0,0.0,0.0,0.0,0.0,0.0,0.0,0.0,0.0,0.0,0.0,0.0,0.0,0.0,0.0,0.0,2.1463,0.0,7.0528,0.0,6.9314,0.0,7.3003
NOTE,nos152,2,NOS146,Trái phiếu,Bond,VND bn,0.0,0.0,0.0,0.0,0.0,0.0,0.0,0.0,0.0,0.0,0.0,0.0,0.0,0.0,0.0,0.0,0.0,0.0,0.0,0.0,0.0,200.0001,0.0,0.0,0.0,0.0,232.093,60.6309,327.42,527.8663,588.0107,1684.9949,916.6213,1158.7406
NOTE,nos153,2,NOS146,Đầu tư tài chính ngắn hạn khác,Other short-term investments,VND bn,0.0,0.0,0.0,0.0,0.0,0.0,0.0,0.0,0.0,0.0,0.0,0.0,0.0,0.0,152.6104,0.0,0.0,0.0,18.1085,0.0,0.0,410.7727,308.9222,204.1182,500.6382,0.0,399.7321,0.0,98.4185,0.0,0.0,37.6,201.7232,0.0
NOTE,nos453,2,NOS146,Công cụ thị trường tiền tệ,Money Market Instruments,VND bn,0.0,0.0,0.0,0.0,0.0,0.0,0.0,0.0,0.0,0.0,0.0,0.0,0.0,0.0,152.6104,0.0,0.0,0.0,18.1085,0.0,0.0,410.7727,308.9222,204.1182,500.6382,0.0,399.7321,0.0,98.4185,0.0,0.0,37.6,201.7232,0.0
NOTE,nos486,2,NOS146,Giá trị hợp lý Các khoản cho vay và phải thu,Fair value of Loans and Receivables,VND bn,0.0,0.0,0.0,0.0,0.0,0.0,0.0,0.0,0.0,0.0,0.0,0.0,0.0,0.0,0.0,0.0,1310.5164,0.0,0.0,0.0,0.0,0.0,0.0,0.0,0.0,0.0,4131.6226,0.0,4228.7085,0.0,5702.7467,0.0,5852.1979,6239.9815
NOTE,nos487,2,NOS146,Cho vay nghiệp vụ ký quỹ (margin),Margin Loan,VND bn,0.0,0.0,0.0,0.0,0.0,0.0,0.0,0.0,0.0,0.0,0.0,0.0,0.0,0.0,0.0,0.0,1167.6465,0.0,0.0,0.0,0.0,0.0,0.0,0.0,0.0,0.0,3944.9994,0.0,4131.6155,0.0,5446.0013,0.0,5598.2008,6062.0217
NOTE,nos488,2,NOS146,Cho vay ứng trước tiền bán chứng khoán của khách hàng,Advanced selling customers' securities lending,VND bn,0.0,0.0,0.0,0.0,0.0,0.0,0.0,0.0,0.0,0.0,0.0,0.0,0.0,0.0,0.0,0.0,142.8699,0.0,0.0,0.0,0.0,0.0,0.0,0.0,0.0,0.0,186.6232,0.0,97.093,0.0,256.7454,0.0,253.9971,177.9598
NOTE,nos154,2,NOS146,Đầu tư tài chính dài hạn,Long-term investments,VND bn,0.0,0.0,0.0,0.0,0.0,0.0,0.0,0.0,25.0,0.0,0.0,0.0,0.0,0.0,0.0,0.0,0.0,0.0,0.0,0.0,0.0,0.0,0.0,0.0,0.0,0.0,0.0,0.0,0.0,0.0,0.0,0.0,0.0,0.0
NOTE,nos160,2,NOS146,Chứng khoán nắm giữ đến ngày đáo hạn,Held-to-maturity securities,VND bn,0.0,0.0,0.0,0.0,0.0,0.0,0.0,0.0,25.0,0.0,0.0,0.0,0.0,0.0,0.0,0.0,0.0,0.0,0.0,0.0,0.0,0.0,0.0,0.0,0.0,0.0,0.0,0.0,0.0,0.0,0.0,0.0,0.0,0.0
NOTE,nos164,2,NOS146,Trái phiếu,Bonds,VND bn,0.0,0.0,0.0,0.0,0.0,0.0,0.0,0.0,25.0,0.0,0.0,0.0,0.0,0.0,0.0,0.0,0.0,0.0,0.0,0.0,0.0,0.0,0.0,0.0,0.0,0.0,0.0,0.0,0.0,0.0,0.0,0.0,0.0,0.0
NOTE,nos494,1,,TRÍCH LẬP DỰ PHÒNG GIẢM GIÁ CÁC TÀI SẢN TÀI CHÍNH,PROVISION FOR DEVALUATION OF FINANCIAL ASSETS,VND bn,0.0,0.0,0.0,0.0,7.7727,0.0,0.0,0.0,0.0,0.0,0.0,0.0,0.0,0.0,0.0,0.0,0.0,0.0,0.0,0.0,0.0,0.0,0.0,0.0,0.0,0.0,0.0,42.1622,0.0,53.1838,47.3203,54.1188,57.3502,63.0832
NOTE,nos498,2,NOS494,Các khoản cho vay và phải thu,Loans and Receivables,VND bn,0.0,0.0,0.0,0.0,7.7727,0.0,0.0,0.0,0.0,0.0,0.0,0.0,0.0,0.0,0.0,0.0,0.0,0.0,0.0,0.0,0.0,0.0,0.0,0.0,0.0,0.0,0.0,42.1622,0.0,53.1838,47.3203,54.1188,57.3502,63.0832
NOTE,nos505,1,,CÁC KHOẢN PHẢI THU BÁN CÁC KHOẢN ĐẦU TƯ,RECEIVABLES FROM SELLING INVESTMENTS,VND bn,0.0,0.0,0.0,0.0,0.0,0.0,0.0,0.0,0.0,0.0,0.0,0.0,0.0,0.0,0.0,0.0,0.0,0.0,0.0,0.0,0.0,0.0,0.0,345.1501,25.1051,0.0,0.0,0.5434,318.4632,3.4948,0.0,0.01,0.8616,50.2316
NOTE,nos511,2,NOS505,Phải thu khác,Other Receivables,VND bn,0.0,0.0,0.0,0.0,0.0,0.0,0.0,0.0,0.0,0.0,0.0,0.0,0.0,0.0,0.0,0.0,0.0,0.0,0.0,0.0,0.0,0.0,0.0,345.1501,25.1051,0.0,0.0,0.5434,318.4632,3.4948,0.0,0.01,0.8616,50.2316
NOTE,nos512,1,,"CÁC KHOẢN PHẢI THU VÀ DỰ THU CỔ TỨC, TIỀN LÃI CÁC KHOẢN ĐẦU TƯ","RECEIVABLES AND ACCRUED DIVIDENDS, INTERESTS ON INVESTMENTS",VND bn,4.4278,5.9682,5.4332,5.2782,6.5676,8.1601,7.4614,6.7646,7.9716,4.376,2.829,1.2091,1.9533,2.2263,10.2527,27.2673,37.4371,0.0,98.9826,125.9626,152.2193,163.4417,161.8552,205.1848,244.3261,162.4843,216.2185,278.8656,0.0,240.3811,249.8273,310.0378,340.0335,326.8289
NOTE,nos514,2,NOS512,"Dự thu cổ tức, tiền lãi phát sinh trong kỳ chưa đến ngày thu trong kỳ",Accrued dividends and interests not yet due,VND bn,4.4278,5.9682,5.4332,5.2782,6.5676,8.1601,7.4614,6.7646,7.9716,4.376,2.829,1.2091,1.9533,2.2263,10.2527,27.2673,37.4371,0.0,98.9826,125.9626,152.2193,163.4417,161.8552,205.1848,244.3261,162.4843,216.2185,278.8656,0.0,0.0,0.0,310.0378,0.0,0.0
NOTE,nos516,2,NOS512,Phải thu và dự thu khác,Other Receivables and accrued,VND bn,0.0,0.0,0.0,0.0,0.0,0.0,0.0,0.0,0.0,0.0,0.0,0.0,0.0,0.0,0.0,0.0,0.0,0.0,0.0,0.0,0.0,0.0,0.0,0.0,0.0,0.0,0.0,0.0,0.0,240.3811,249.8273,0.0,340.0335,326.8289
NOTE,nos523,1,,PHẢI THU CÁC DỊCH VỤ CTCK CUNG CẤP,RECEIVABLES FROM SERVICES PROVIDED BY THE COMPANY,VND bn,0.7364,0.7078,0.7674,0.5719,0.5899,0.7598,0.8027,0.7291,0.6774,0.3678,0.2257,0.2851,0.3855,0.7756,1.477,1.2637,1.1586,0.0,0.9219,0.9993,0.7684,0.9426,0.9357,1.1143,1.37,1.3723,1.5205,1.7769,1.9626,2.0556,3.5413,7.4151,3.3963,3.5346
NOTE,nos524,2,NOS523,Phải thu hoạt động môi giới chứng khoán,Receivables of providing securities brokerage services,VND bn,0.0,0.0,0.0,0.0,0.0,0.0,0.0,0.0,0.0,0.0,0.0,0.0,0.0,0.0,0.0,0.0,0.0,0.0,0.0,0.0,0.0,0.0,0.0,0.0,0.0,0.0,0.0,0.0,0.0,0.0,1.1393,1.6155,0.821,0.616
NOTE,nos525,2,NOS523,"Phải thu hoạt động bảo lãnh, đại lý phát hành chứng khoán","Receivables from securities issuance underwriting, issue agency",VND bn,0.0,0.0,0.0,0.0,0.0,0.0,0.0,0.0,0.0,0.0,0.0,0.0,0.0,0.0,0.0,0.0,0.0,0.0,0.0,0.0,0.0,0.0,0.0,0.0,0.0,0.0,0.0,0.0,0.0,0.0,0.0,1.0,0.0,0.0
NOTE,nos526,2,NOS523,Phải thu hoạt động tư vấn,Receivables from consultancy services,VND bn,0.0,0.0,0.0,0.0,0.0,0.0,0.0,0.0,0.0,0.0,0.0,0.0,0.05,0.0,1.0203,0.7925,0.6439,0.0,0.2642,0.3274,0.0,0.0,0.9357,0.1,1.37,0.0,0.0,0.0,0.0,0.0,0.0,1.9191,0.0,0.4401
NOTE,nos527,2,NOS523,Phải thu hoạt động lưu ký chứng khoán,Receivables from securities depository,VND bn,0.0,0.0,0.0,0.0,0.0,0.0,0.0,0.0,0.0,0.0,0.0,0.0,0.3355,0.3551,0.4567,0.4712,0.5147,0.0,0.6577,0.6719,0.7684,0.9426,0.0,1.0143,0.0,1.3723,1.5205,1.7769,1.9626,2.0463,2.3908,2.8699,2.5638,2.4704
NOTE,nos531,2,NOS523,Phải thu các dịch vụ tài chính CTCK cung cấp,Receivables from financial services provided by the Company,VND bn,0.0,0.0,0.0,0.0,0.0,0.0,0.8027,0.7291,0.0,0.0,0.0,0.0,0.0,0.0,0.0,0.0,0.0,0.0,0.0,0.0,0.0,0.0,0.0,0.0,0.0,0.0,0.0,0.0,0.0,0.0,0.0,0.0,0.0,0.0
NOTE,nos534,2,NOS523,Phải thu các dịch vụ CTCK cung cấp khác,Other receivables from services provided by the Company,VND bn,0.7364,0.7078,0.7674,0.5719,0.5899,0.7598,0.0,0.0,0.6774,0.3678,0.2257,0.2851,0.0,0.4206,0.0,0.0,0.0,0.0,0.0,0.0,0.0,0.0,0.0,0.0,0.0,0.0,0.0,0.0,0.0,0.0093,0.0112,0.0107,0.0116,0.0081
NOTE,nos192,1,,PHẢI THU NGẮN HẠN KHÁC,SHORT-TERM RECEIVABLES FROM OTHER ACTIVITIES,VND bn,0.2127,0.0342,0.0462,0.012,0.0548,0.0129,0.0156,0.0436,0.0135,0.1039,0.008,0.0363,0.4028,0.3046,0.103,0.15,0.2466,2.0555,0.1267,0.0794,0.1492,0.3189,0.4719,6.9286,12.3436,9.3876,5.7832,4.6193,7.364,9.1893,8.2323,5.2243,21.258,1.302
NOTE,nos201,2,NOS192,Các khoản phải thu ngắn hạn khác,Other Short-term receivables,VND bn,0.2127,0.0342,0.0462,0.012,0.0548,0.0129,0.0156,0.0436,0.0135,0.1039,0.008,0.0363,0.4028,0.3046,0.103,0.15,0.2466,2.0555,0.1267,0.0794,0.1492,0.3189,0.4719,6.9286,12.3436,9.3876,5.7832,4.6193,7.364,9.1893,8.2323,5.2243,21.258,1.302
NOTE,nos207,1,,NGUYÊN GIÁ TSCĐHH,TANGIBLE FIXED ASSETS - HISTORICAL COST,VND bn,4.748,4.748,5.0223,5.0223,5.0223,5.0223,5.0223,5.0223,5.0223,5.0223,8.9871,7.2032,7.9571,10.654,10.654,10.7541,10.7541,10.5661,10.6175,11.2638,11.8947,13.2146,15.2839,19.5189,19.7243,20.9168,24.2677,23.3349,23.5859,23.8694,24.9402,28.9,29.5919,37.4012
NOTE,nos208,2,NOS207,Nguyên giá đầu kỳ,Historical cost,VND bn,4.748,4.748,4.748,4.748,5.0223,5.0223,5.0223,5.0223,5.0223,5.0223,5.0223,5.0223,7.2032,7.2032,7.2032,7.2032,10.7541,10.7541,10.7541,10.7541,11.2638,11.2638,11.2638,11.2638,19.5189,19.5189,19.5189,19.5189,23.3349,23.3349,23.3349,23.3349,28.9,28.9
NOTE,nos209,2,NOS207,Tăng trong kỳ,Increases,VND bn,0.0,0.0,0.2743,0.2743,0.0,0.0,0.0,0.0,0.0,0.0,3.9648,3.9648,0.7539,3.4507,3.4507,3.5508,0.0,1.5341,1.5864,2.2318,0.631,1.9508,4.0201,8.2552,0.2054,1.3979,4.7487,5.3878,0.2511,0.5346,1.6053,5.5651,0.6919,8.5012
NOTE,nos210,2,NOS207,Giảm trong kỳ,Decreases,VND bn,0.0,0.0,0.0,0.0,0.0,0.0,0.0,0.0,0.0,0.0,0.0,-1.7839,0.0,0.0,0.0,0.0,0.0,-1.7221,-1.723,-1.7221,0.0,0.0,0.0,0.0,0.0,0.0,0.0,-1.5719,0.0,0.0,0.0,0.0,0.0,0.0
NOTE,nos211,1,,HAO MÒN TSCĐHH,TANGIBLE FIXED ASSETS - ACCUMULATED DEPRECIATION,VND bn,3.5371,3.6709,3.8128,3.9604,4.1079,4.2554,4.4029,4.5463,4.6187,4.6893,4.9107,3.3852,3.6405,3.9197,4.2817,4.6441,5.0111,3.7172,4.1522,4.6211,5.1269,5.6896,6.4729,7.2397,8.2385,9.2937,10.4534,11.5058,12.7897,14.1008,15.3077,16.5933,18.0249,23.3195
NOTE,nos212,2,NOS211,Đầu kỳ,Historical cost,VND bn,3.4033,3.4033,3.4033,3.4033,3.9604,3.9604,3.9604,3.9604,4.5463,4.5463,4.5463,4.5463,3.3852,3.3852,3.3852,3.3852,4.6441,4.6441,4.6441,4.6441,4.6211,4.6211,4.6211,4.6211,7.2397,7.2397,7.2397,7.2397,11.5058,11.5058,11.5058,11.5058,16.5933,16.5933
NOTE,nos213,2,NOS211,Tăng trong kỳ,Increases,VND bn,0.1338,0.2676,0.4095,0.557,0.1475,0.295,0.4426,0.5859,0.0725,0.1431,0.3645,0.6228,0.2553,0.5345,0.8965,1.259,0.367,0.7951,1.2304,1.6991,0.5057,1.0684,1.8517,2.6185,0.9989,2.0541,3.2137,4.5274,1.2838,2.595,3.8018,5.0875,1.4315,6.7261
NOTE,nos214,2,NOS211,Giảm trong kỳ,Decreases,VND bn,0.0,0.0,0.0,0.0,0.0,0.0,0.0,0.0,0.0,0.0,0.0,-1.7839,0.0,0.0,0.0,0.0,0.0,-1.7221,-1.7222,-1.7221,0.0,0.0,0.0,0.0,0.0,0.0,0.0,-0.2613,0.0,0.0,0.0,0.0,0.0,0.0
NOTE,nos215,1,,NGUYÊN GIÁ TSCĐ TTC,FINANCE LEASE ASSETS - HISTORICAL COST,VND bn,0.0,0.0,0.0,0.0,0.0,0.0,0.0,0.0,0.0,0.0,0.0,0.0,0.0,0.0,0.0,0.0,0.0,0.0,0.0,0.0,0.0,5.962,5.962,20.9918,20.9918,20.9918,39.9118,51.8233,0.0,60.5369,89.9333,89.9333,0.0,149.8291
NOTE,nos216,2,NOS215,Nguyên giá đầu kỳ,Historical cost,VND bn,0.0,0.0,0.0,0.0,0.0,0.0,0.0,0.0,0.0,0.0,0.0,0.0,0.0,0.0,0.0,0.0,0.0,0.0,0.0,0.0,0.0,0.0,0.0,20.9918,20.9918,20.9918,20.9918,20.9918,0.0,51.8233,51.8233,51.8233,0.0,89.9333
NOTE,nos217,2,NOS215,Tăng trong kỳ,Increases,VND bn,0.0,0.0,0.0,0.0,0.0,0.0,0.0,0.0,0.0,0.0,0.0,0.0,0.0,0.0,0.0,0.0,0.0,0.0,0.0,0.0,0.0,5.962,5.962,0.0,0.0,0.0,18.92,30.8315,0.0,8.7135,38.1099,38.1099,0.0,65.8578
NOTE,nos218,2,NOS215,Giảm trong kỳ,Decreases,VND bn,0.0,0.0,0.0,0.0,0.0,0.0,0.0,0.0,0.0,0.0,0.0,0.0,0.0,0.0,0.0,0.0,0.0,0.0,0.0,0.0,0.0,0.0,0.0,0.0,0.0,0.0,0.0,0.0,0.0,0.0,0.0,0.0,0.0,-5.962
NOTE,nos219,1,,HAO MÒN TSCĐ TTC,FINANCE LEASE ASSETS - ACCUMULATED DEPRECIATION,VND bn,0.0,0.0,0.0,0.0,0.0,0.0,0.0,0.0,0.0,0.0,0.0,0.0,0.0,0.0,0.0,0.0,0.0,0.0,0.0,0.0,0.0,0.2219,0.52,1.1071,2.1567,3.2063,4.5186,7.1098,0.0,12.873,16.8165,21.3132,0.0,28.8682
NOTE,nos220,2,NOS219,Đầu kỳ,Historical cost,VND bn,0.0,0.0,0.0,0.0,0.0,0.0,0.0,0.0,0.0,0.0,0.0,0.0,0.0,0.0,0.0,0.0,0.0,0.0,0.0,0.0,0.0,0.0,0.0,1.1071,1.1071,1.1071,1.1071,1.1071,0.0,7.1098,7.1098,7.1098,0.0,21.3132
NOTE,nos221,2,NOS219,Tăng trong kỳ,Increases,VND bn,0.0,0.0,0.0,0.0,0.0,0.0,0.0,0.0,0.0,0.0,0.0,0.0,0.0,0.0,0.0,0.0,0.0,0.0,0.0,0.0,0.0,0.2219,0.52,0.0,1.0496,2.0992,3.4116,6.0027,0.0,5.7632,9.7067,14.2034,0.0,11.1554
NOTE,nos222,2,NOS219,Giảm trong kỳ,Decreases,VND bn,0.0,0.0,0.0,0.0,0.0,0.0,0.0,0.0,0.0,0.0,0.0,0.0,0.0,0.0,0.0,0.0,0.0,0.0,0.0,0.0,0.0,0.0,0.0,0.0,0.0,0.0,0.0,0.0,0.0,0.0,0.0,0.0,0.0,-3.6004
NOTE,nos223,1,,NGUYÊN GIÁ TSCĐVH,INTANGIBLE FIXED ASSETS - HISTORICAL COST,VND bn,4.95,4.95,4.95,4.95,5.045,5.045,5.045,5.105,5.105,5.105,6.1637,7.5772,7.5772,8.0272,8.4872,19.9592,20.1188,20.3939,20.7199,44.7376,51.5814,51.8019,51.8313,74.7543,74.8509,76.8356,77.4986,77.2736,77.2736,78.0078,78.5434,78.6037,78.8323,78.9163
NOTE,nos224,2,NOS223,Nguyên giá đầu kỳ,Historical cost,VND bn,4.95,4.95,4.95,4.95,4.95,4.95,4.95,4.95,5.105,5.105,5.105,5.105,7.5772,7.5772,7.5772,7.5772,19.9592,19.9592,19.9592,19.9592,44.7376,44.7376,44.7376,44.7376,74.7543,74.7543,74.7543,74.7543,77.2736,77.2736,77.2736,77.2736,78.6037,78.6037
NOTE,nos225,2,NOS223,Tăng trong kỳ,Increases,VND bn,0.0,0.0,0.0,0.0,0.095,0.095,0.095,0.155,0.0,0.0,1.0587,2.4722,0.0,0.45,0.91,12.3819,0.1596,0.4347,0.7607,24.7785,6.8438,7.0643,7.0937,30.0167,0.0966,2.0813,2.7443,2.5193,0.0,0.7341,1.2697,1.33,0.2286,0.3126
NOTE,nos227,1,,HAO MÒN TSCĐVH,INTANGIBLE FIXED ASSETS - ACCUMULATED AMORTIZATION,VND bn,3.161,3.4085,3.656,3.9035,4.1533,4.4055,4.6578,4.961,5.0287,5.036,5.0564,5.1521,5.3275,5.5033,5.7163,6.3382,7.1381,7.9566,8.7837,9.6744,12.62,15.8745,19.1412,22.198,25.9112,29.6462,33.6177,37.6065,41.6307,45.6725,49.7548,53.7293,57.764,61.9153
NOTE,nos228,2,NOS227,Đầu kỳ,Historical cost,VND bn,2.9135,2.9135,2.9135,2.9135,3.9035,3.9035,3.9035,3.9035,4.961,4.961,4.961,4.961,5.1521,5.1521,5.1521,5.1521,6.3382,6.3382,6.3382,6.3382,9.6744,9.6744,9.6744,9.6744,22.198,22.198,22.198,22.198,37.6065,37.6065,37.6065,37.6065,53.7293,53.7293
NOTE,nos229,2,NOS227,Tăng trong kỳ,Increases,VND bn,0.2475,0.495,0.7425,0.99,0.2497,0.502,0.7542,1.0574,0.0677,0.075,0.0954,0.1911,0.1755,0.3512,0.5643,1.1862,0.7998,1.6184,2.4455,3.3362,2.9456,6.2002,9.4668,12.5236,3.7132,7.4482,11.4197,15.4085,4.0242,8.066,12.1482,16.1228,4.0347,8.186
NOTE,nos231,1,,VAY VÀ NỢ NGẮN HẠN,SHORT-TERM LOANS AND LIABILITIES,VND bn,0.0,6.668,0.0,0.0,14.25,27.92,19.63,12.92,16.05,6.26,8.55,19.205,51.289,147.745,714.527,1103.86,1477.985,1586.84,1913.4796,2584.8427,3004.409,3289.145,3018.4508,3643.0561,4906.0605,4699.0611,6124.9798,6494.2972,6649.8829,7324.3701,9218.194,9302.1722,8696.4345,8175.0317
NOTE,nos232,2,NOS231,Vay ngắn hạn,Short-term loans,VND bn,0.0,6.668,0.0,0.0,8.85,27.92,19.63,12.92,16.05,6.26,6.55,18.205,51.289,147.745,714.527,1103.86,1477.985,1408.54,1913.4796,2584.8427,3004.409,3289.145,3018.4508,3643.0561,4906.0605,4699.0611,6124.9798,6494.2972,6649.8829,7324.3701,9218.194,9302.1722,8696.4345,8175.0317
NOTE,nos233,2,NOS231,Vay dài hạn đến hạn trả,Long-term loans due to date,VND bn,0.0,0.0,0.0,0.0,5.4,0.0,0.0,0.0,0.0,0.0,2.0,1.0,0.0,0.0,0.0,0.0,0.0,178.3,0.0,0.0,0.0,0.0,0.0,0.0,0.0,0.0,0.0,0.0,0.0,0.0,0.0,0.0,0.0,0.0
NOTE,nos234,1,,PHẢI TRẢ HOẠT ĐỘNG GIAO DỊCH CHỨNG KHOÁN,PAYABLES FOR SECURITIES TRADING ACTIVITIES,VND bn,0.458,0.2008,0.2033,0.1577,0.222,0.1037,0.1494,0.2287,0.1859,0.1776,0.075,0.5859,0.5283,1.2709,1.836,3.0423,2.8415,3.4242,1.3826,1.7808,1.6706,2.6582,3.2719,3.0327,6.3394,6.7888,4.6974,7.1361,9.9564,13.0205,25.7444,21.7774,26.0358,15.7963
NOTE,nos235,2,NOS234,Phải trả sở GDCK,Payable to the Stock Exchange,VND bn,0.3408,0.0988,0.1018,0.0562,0.1411,0.0308,0.0766,0.1567,0.1152,0.1141,0.0466,0.5216,0.4327,1.2379,1.6995,2.8539,2.642,3.187,1.1391,1.4888,1.3546,2.2828,2.8568,2.3508,5.5289,5.8897,3.8029,5.934,8.655,8.8127,17.5991,13.7302,16.1354,10.4442
NOTE,nos236,2,NOS234,Phải trả trung tâm lưu ký,Payable to Vietnam Securities Depository,VND bn,0.1172,0.102,0.1015,0.1015,0.081,0.0729,0.0728,0.072,0.0708,0.0635,0.0283,0.0643,0.0956,0.0329,0.1365,0.1885,0.1995,0.2371,0.2435,0.2921,0.316,0.3754,0.4151,0.6819,0.8105,0.8991,0.8945,1.2021,1.3014,4.2078,8.1453,8.0472,9.9004,5.3521
NOTE,nos241,1,,"PHẢI TRẢ, PHẢI NỘP NGẮN HẠN KHÁC",OTHER PAYABLES,VND bn,2.6824,1.3819,0.4677,0.0112,1.1239,0.5938,0.724,0.0074,0.0,0.0047,0.004,0.0395,0.0382,1.7218,1.0169,1.5255,0.8147,66.7435,348.2186,504.6861,260.2127,515.9312,0.0,415.2715,0.4266,1.0953,1.7683,4.8263,0.5162,1.5582,0.9363,0.6919,0.7715,0.6653
NOTE,nos252,2,NOS241,"Các khoản phải trả, phải nộp khác",Other payables,VND bn,2.6824,1.3819,0.4677,0.0112,1.1239,0.5938,0.724,0.0074,0.0,0.0047,0.004,0.0395,0.0382,1.7218,1.0169,1.5255,0.8147,66.7435,348.2186,504.6861,260.2127,515.9312,0.0,415.2715,0.4266,1.0953,1.7683,4.8263,0.5162,1.5582,0.9363,0.6919,0.7715,0.6653
NOTE,nos253,1,,CÁC KHOẢN PHẢI TRẢ VỀ THUẾ,TAXES PAYABLE,VND bn,0.6109,0.497,0.6073,1.3256,0.4934,0.1075,0.118,0.3886,0.2076,0.4854,0.1223,0.5299,2.7406,11.1262,11.2791,16.2891,14.0441,10.6075,4.3457,16.2359,6.2026,27.2181,18.205,30.278,28.1105,41.9825,21.3518,25.6525,31.5007,32.5608,60.8161,34.3184,26.467,44.8887
NOTE,nos254,2,NOS253,Thuế GTGT,Value added tax,VND bn,0.0039,0.0083,0.0049,0.0061,0.0046,0.0081,0.0069,0.0094,0.0041,0.0028,0.0441,0.0101,0.0024,0.0065,0.0074,0.0357,0.0289,0.0235,0.0225,0.0898,0.0097,0.0111,0.0424,0.0057,0.0211,0.0244,0.0664,0.1579,0.0369,0.1429,0.2228,0.5818,0.1367,0.2879
NOTE,nos257,2,NOS253,Thuế TNDN,Corporate income Tax,VND bn,0.0,0.2456,0.2954,1.0492,0.3421,0.0,0.0,0.3191,0.1755,0.1544,0.0068,0.0,1.8369,5.316,6.9445,1.4581,6.292,0.0,3.1618,5.1109,6.1807,21.9905,8.1705,24.611,16.8924,9.2699,11.0988,8.4695,11.7256,15.5107,32.2151,8.1735,23.3223,15.3024
NOTE,nos258,2,NOS253,Thuế TNCN,Personal Income Tax,VND bn,0.6071,0.2431,0.307,0.2703,0.1468,0.0994,0.1111,0.0061,0.028,0.3282,0.0714,0.5197,0.9013,5.8037,4.3272,14.7954,7.7231,10.5841,1.152,11.0048,0.0,5.1718,9.9788,5.6214,11.1613,32.5409,10.1013,16.8679,19.713,16.8694,28.2563,25.4832,2.8446,29.0957
NOTE,nos261,2,NOS253,Các loại thuế khác,Other taxes,VND bn,0.0,0.0,0.0,0.0,0.0,0.0,0.0,0.0539,0.0,0.0,0.0,0.0,0.0,0.0,0.0,0.0,0.0,0.0,0.0094,0.0304,0.0122,0.0446,0.0133,0.0399,0.0357,0.1472,0.0853,0.1572,0.0252,0.0378,0.1219,0.0799,0.1634,0.2026
NOTE,nos263,1,,CHI PHÍ PHẢI TRẢ,ACCRUALS,VND bn,0.0,0.0,0.0,0.0,0.0,0.0815,0.0,0.0975,0.0,0.1133,0.089,0.1643,1.6544,1.6272,1.7425,3.5091,11.7522,9.3005,14.3603,7.8041,6.635,18.248,22.7752,17.583,24.0542,14.5819,31.1399,24.1016,31.7462,37.4181,39.8671,88.3966,91.012,84.6905
NOTE,nos267,2,NOS263,Khác,Others,VND bn,0.0,0.0,0.0,0.0,0.0,0.0815,0.0,0.0975,0.0,0.1133,0.089,0.1643,1.6544,1.6272,1.7425,3.5091,11.7522,9.3005,14.3603,7.8041,6.635,18.248,22.7752,17.583,24.0542,14.5819,31.1399,24.1016,31.7462,37.4181,39.8671,88.3966,91.012,84.6905
NOTE,nos562,1,,"CÁC TÀI SẢN CẦM CỐ, THẾ CHẤP",MORTGAGED ASSETS,VND bn,0.0,0.0,0.0,0.0,0.0,0.0,0.0,0.0,0.0,0.0,0.0,0.0,0.0,0.0,0.0,0.0,0.0,0.0,0.0,0.0,0.0,0.0,0.0,0.0,0.0,0.0,0.0,0.0,0.0,0.0,0.0,0.0,0.0,285.122
NOTE,nos563,2,NOS562,Ngắn hạn,Short-term,VND bn,0.0,0.0,0.0,0.0,0.0,0.0,0.0,0.0,0.0,0.0,0.0,0.0,0.0,0.0,0.0,0.0,0.0,0.0,0.0,0.0,0.0,0.0,0.0,0.0,0.0,0.0,0.0,0.0,0.0,0.0,0.0,0.0,0.0,275.2473
NOTE,nos564,2,NOS562,Dài hạn,Long-term,VND bn,0.0,0.0,0.0,0.0,0.0,0.0,0.0,0.0,0.0,0.0,0.0,0.0,0.0,0.0,0.0,0.0,0.0,0.0,0.0,0.0,0.0,0.0,0.0,0.0,0.0,0.0,0.0,0.0,0.0,0.0,0.0,0.0,0.0,9.8747
NOTE,nos274,1,,VỐN CHỦ SỞ HỮU,OWNER'S EQUITY,VND bn,0.0,0.0,0.0,0.0,0.0,160.0,0.0,0.0,0.0,0.0,0.0,0.0,0.0,0.0,0.0,0.0,0.0,0.0,0.0,0.0,0.0,0.0,0.0,0.0,0.0,0.0,0.0,0.0,0.0,0.0,0.0,0.0,0.0,0.0
NOTE,nos276,2,NOS274,Vốn đầu tư của đối tượng khác,Capital contributed by other entities,VND bn,0.0,0.0,0.0,0.0,0.0,160.0,0.0,0.0,0.0,0.0,0.0,0.0,0.0,0.0,0.0,0.0,0.0,0.0,0.0,0.0,0.0,0.0,0.0,0.0,0.0,0.0,0.0,0.0,0.0,0.0,0.0,0.0,0.0,0.0
NOTE,nos652,1,,LÃI/LỖ BÁN CÁC TÀI SẢN TÀI CHÍNH,GAIN/LOSS FROM DISPOSAL OF FINANCIAL ASSETS,VND bn,0.0,0.0,0.0,0.0,0.0,0.0,0.0,0.0,0.0,0.0,0.0,0.0,2.7396,3.8814,-0.2619,-13.8821,3.053,0.0,2.6279,6.9995,1.2653,54.7426,-0.8912,8.9147,14.2033,10.6979,7.6648,5.7837,0.0,0.0,0.0,27.3155,0.0,0.0
NOTE,nos653,2,NOS652,Cổ phiếu niêm yết,Listed shares,VND bn,0.0,0.0,0.0,0.0,0.0,0.0,0.0,0.0,0.0,0.0,0.0,0.0,2.7396,14.313,-0.2012,0.1587,1.6139,0.0,0.0239,0.0029,-0.1989,29.3839,-0.945,-64.6876,2.3872,-1.4638,0.2955,0.0087,0.0,0.0,0.0,1.548,0.0,0.0
NOTE,nos654,2,NOS652,Cổ phiếu chưa niêm yết,Unlisted shares,VND bn,0.0,0.0,0.0,0.0,0.0,0.0,0.0,0.0,0.0,0.0,0.0,0.0,0.0,-10.4316,0.0,-14.0,0.0,0.0,0.0,0.0,1.5062,-1.5062,0.0,65.15,9.2823,-9.2823,0.0,0.0,0.0,0.0,0.0,0.0,0.0,0.0
NOTE,nos655,2,NOS652,Chứng chỉ quỹ,Fund certificates,VND bn,0.0,0.0,0.0,0.0,0.0,0.0,0.0,0.0,0.0,0.0,0.0,0.0,0.0,0.0,0.0,0.0,0.0,0.0,0.0,0.2353,-0.042,0.042,0.0,0.0,0.0,0.0,0.0,0.0,0.0,0.0,0.0,0.7242,0.0,0.0
NOTE,nos656,2,NOS652,Trái phiếu,Bonds,VND bn,0.0,0.0,0.0,0.0,0.0,0.0,0.0,0.0,0.0,0.0,0.0,0.0,0.0,0.0,0.0,0.0,1.5291,0.0,2.2354,6.9444,0.0,16.1396,-2.059,3.5353,2.5338,-1.3288,4.9806,2.9728,0.0,0.0,0.0,20.2899,0.0,0.0
NOTE,nos657,2,NOS652,Công cụ thị trường tiền tệ,Money Market Instruments,VND bn,0.0,0.0,0.0,0.0,0.0,0.0,0.0,0.0,0.0,0.0,0.0,0.0,0.0,0.0,-0.0607,-0.0408,-0.09,0.0,0.3686,-0.183,0.0,10.6832,2.1128,4.9169,0.0,22.7728,2.3887,2.8022,0.0,0.0,0.0,4.7521,0.0,0.0
NOTE,nos658,2,NOS652,TSTC phái sinh niêm yết,Listed derivative financial assets,VND bn,0.0,0.0,0.0,0.0,0.0,0.0,0.0,0.0,0.0,0.0,0.0,0.0,0.0,0.0,0.0,0.0,0.0,0.0,0.0,0.0,0.0,0.0,0.0,0.0,0.0,0.0,0.0,0.0,0.0,0.0,0.0,0.0013,0.0,0.0
NOTE,nos664,1,,CHÊNH LỆCH ĐÁNH GIÁ LẠI CÁC TÀI SẢN TÀI CHÍNH,DIFFERENCE FROM REVALUATION OF FINANCIAL ASSETS,VND bn,0.0,0.0,0.0,0.0,0.0,0.0,0.0,0.0,0.0,0.0,0.0,0.0,0.0,0.0,0.0,0.0,0.0,0.0,0.0,-0.0111,0.0,0.0,0.0,0.0,0.0,0.0,0.0,0.0,0.0,0.0,0.0,0.0,0.0,0.0
NOTE,nos665,2,NOS664,Loại FVTPL,Except FVTPL,VND bn,0.0,0.0,0.0,0.0,0.0,0.0,0.0,0.0,0.0,0.0,0.0,0.0,0.0,0.0,0.0,0.0,0.0,0.0,0.0,-0.0111,0.0,0.0,0.0,0.0,0.0,0.0,0.0,0.0,0.0,0.0,0.0,0.0,0.0,0.0
NOTE,nos666,2,NOS664,Cổ phiếu niêm yết,Listed shares,VND bn,0.0,0.0,0.0,0.0,0.0,0.0,0.0,0.0,0.0,0.0,0.0,0.0,0.0,0.0,0.0,0.0,0.0,0.0,0.0,-0.0111,0.0,0.0,0.0,0.0,0.0,0.0,0.0,0.0,0.0,0.0,0.0,0.0,0.0,0.0
NOTE,nos680,1,,CỔ TỨC VÀ TIỀN LÃI PHÁT SINH,"DIVIDEND, INTEREST INCOME",VND bn,2.5536,2.3359,2.2214,2.6165,2.349,2.9188,2.8954,2.9739,2.7823,2.9825,1.4891,1.4864,2.4284,5.7672,16.6547,38.0471,49.9496,89.2382,81.2039,124.9742,123.4776,116.4349,143.7234,120.9487,129.3254,141.1842,150.1541,184.1922,180.5917,182.9228,260.4301,271.8634,255.1166,322.2811
NOTE,nos681,2,NOS680,Từ tài sản tài chính FVTPL,"Dividend, interest income from financial assets at FVTPL",VND bn,0.0,0.115,0.0,0.0,0.0,0.115,0.0,0.0,0.0,0.0,0.0,0.0,0.0,0.1,0.0002,0.0002,0.0003,5.6828,0.0682,3.6546,0.0006,4.5539,12.779,5.2605,-1.9403,-5.1865,1.6465,4.756,6.4642,0.1861,3.651,25.8002,9.246,38.6363
NOTE,nos682,2,NOS680,Từ tài sản tài chính HTM,"Dividend, interest income from financial assets at HTM",VND bn,1.5738,1.6346,1.6711,2.1114,1.8052,1.8544,1.9399,2.3995,1.9574,1.839,1.2469,0.9557,1.0033,1.0424,7.4197,10.6382,13.7391,33.2161,16.8192,49.1108,52.3542,37.928,52.4491,53.0355,57.0633,58.7927,55.0898,74.0859,70.4172,57.6732,85.6077,90.2119,98.3959,95.0426
NOTE,nos684,2,NOS680,Từ các khoản cho vay,"Dividend, interest income from loans",VND bn,0.9798,0.5863,0.5503,0.5051,0.5438,0.9493,0.9555,0.5744,0.8249,1.1434,0.2422,0.5307,1.4252,4.6248,9.2349,27.4086,36.2102,50.3393,64.3166,72.2088,71.1228,73.953,78.4953,62.6527,74.2024,87.578,93.4178,105.3503,103.7103,125.0635,171.1713,155.8514,147.4746,188.6022
NOTE,nos685,1,,DOANH THU NGOÀI THU NHẬP CÁC TÀI SẢN TÀI CHÍNH,REVENUE EXCEPT INCOME FROM FINANCIAL ASSETS,VND bn,5.2339,2.7828,1.7823,1.6823,1.9899,1.2989,1.3359,1.4845,1.6944,2.1178,1.1631,3.7882,14.7731,32.3557,27.2525,23.7124,28.2814,68.8338,11.5411,14.3023,13.9415,13.9909,24.9573,19.8219,33.4281,0.0,0.0,41.5328,0.0,0.0,0.0,0.0,0.0,0.0
NOTE,nos686,2,NOS685,Doanh thu hoạt động môi giới chứng khoán,Revenue from brokerage services,VND bn,4.8906,2.4176,1.4811,1.3739,1.6922,0.9504,1.0104,1.431,1.4872,1.9208,0.7028,2.6986,13.2208,31.0811,24.7919,20.9401,26.0942,62.4765,10.7448,11.6268,12.4681,12.7827,23.814,18.5805,32.1118,0.0,0.0,39.4576,0.0,0.0,0.0,0.0,0.0,0.0
NOTE,nos687,2,NOS685,Doanh thu ban đầu,Revenue,VND bn,4.8906,2.4176,1.4811,1.3739,1.6922,0.9504,1.0104,1.431,1.4872,1.9208,0.7028,2.6986,13.2208,31.0811,24.7919,20.9401,26.0942,62.4765,10.7448,11.6268,12.4681,12.7827,23.814,18.5805,32.1118,0.0,0.0,39.4576,0.0,0.0,0.0,0.0,0.0,0.0
NOTE,nos689,2,NOS685,Doanh thu thuần,Net sales,VND bn,4.8906,2.4176,1.4811,1.3739,1.6922,0.9504,1.0104,1.431,1.4872,1.9208,0.7028,2.6986,13.2208,31.0811,24.7919,20.9401,26.0942,62.4765,10.7448,11.6268,12.4681,12.7827,23.814,18.5805,32.1118,0.0,0.0,39.4576,0.0,0.0,0.0,0.0,0.0,0.0
NOTE,nos690,2,NOS685,"Doanh thu hoạt động bảo lãnh, đại lý phát hành chứng khoán",Revenue from underwriting and issuance agency services,VND bn,0.0,0.0,0.0,0.0,0.0,0.0,0.0,0.0,0.0,0.0,0.0,0.3456,0.0,0.0,0.0,0.0,0.0,0.2,0.05,0.0,0.0,0.0,0.0,0.1,0.0,0.0,0.0,0.0,0.0,0.0,0.0,0.0,0.0,0.0
NOTE,nos691,2,NOS685,Doanh thu ban đầu,Revenue,VND bn,0.0,0.0,0.0,0.0,0.0,0.0,0.0,0.0,0.0,0.0,0.0,0.3456,0.0,0.0,0.0,0.0,0.0,0.2,0.05,0.0,0.0,0.0,0.0,0.1,0.0,0.0,0.0,0.0,0.0,0.0,0.0,0.0,0.0,0.0
NOTE,nos693,2,NOS685,Doanh thu thuần,Net sales,VND bn,0.0,0.0,0.0,0.0,0.0,0.0,0.0,0.0,0.0,0.0,0.0,0.3456,0.0,0.0,0.0,0.0,0.0,0.2,0.05,0.0,0.0,0.0,0.0,0.1,0.0,0.0,0.0,0.0,0.0,0.0,0.0,0.0,0.0,0.0
NOTE,nos694,2,NOS685,Doanh thu hoạt động tư vấn,Revenue from advisory services,VND bn,0.0,0.0545,0.0,0.0,0.0,0.0545,0.0273,0.0,0.0,0.0,0.3455,0.5808,1.3,0.9001,2.0986,2.2181,1.621,4.915,0.0,1.8291,0.5487,0.2,0.0102,0.0,0.0,0.0,0.0,0.6828,0.0,0.0,0.0,0.0,0.0,0.0
NOTE,nos695,2,NOS685,Doanh thu khác,Other revenue,VND bn,0.3434,0.3106,0.3012,0.3083,0.2978,0.294,0.2982,0.0535,0.2072,0.197,0.1149,0.1632,0.2523,0.3745,0.362,0.5543,0.5663,1.2423,0.7464,0.8463,0.9247,1.0082,1.1331,1.1414,1.3164,0.0,0.0,1.3924,0.0,0.0,0.0,0.0,0.0,0.0
NOTE,nos277,1,,DOANH THU KHÁC,OTHER REVENUE,VND bn,0.0388,0.0286,0.0577,0.0479,0.0242,0.0264,0.0193,0.0166,0.0157,0.0281,0.0855,0.1181,0.0237,0.2189,0.0739,0.2107,0.6248,1.0869,0.63,1.0155,0.4412,0.5196,0.5031,0.2793,0.8537,0.0,0.0,0.7511,0.0,0.0,0.0,0.0,0.0,0.0
NOTE,nos283,2,NOS277,Doanh thu khác,Other revenue,VND bn,0.0388,0.0286,0.0577,0.0479,0.0242,0.0264,0.0193,0.0166,0.0157,0.0281,0.0855,0.1181,0.0237,0.2189,0.0739,0.2107,0.6248,1.0869,0.63,1.0155,0.4412,0.5196,0.5031,0.2793,0.8537,0.0,0.0,0.7511,0.0,0.0,0.0,0.0,0.0,0.0
NOTE,nos284,1,,CHI PHÍ HOẠT ĐỘNG KINH DOANH,OPERATING EXPENSES,VND bn,4.9348,3.2628,2.693,3.5191,3.0794,2.887,2.9692,2.8119,2.4623,2.9375,1.7287,4.6616,6.8615,11.0035,20.3399,35.6483,41.8774,0.0,39.4639,99.7726,70.0877,97.1758,92.7079,74.2073,53.7529,49.7163,98.9026,132.6613,67.3031,237.5934,267.8944,279.229,143.0174,0.0
NOTE,nos285,2,NOS284,"Chi phí môi giới, lưu ký chứng khoán",Brokerage and custody expenses,VND bn,4.5168,2.9681,2.4688,2.7134,2.6176,2.2251,2.2787,2.3808,1.9294,2.2477,1.5948,4.0606,6.1483,10.7518,13.5641,22.4962,19.0828,0.0,17.1409,18.2631,21.1814,23.1506,36.225,35.4635,40.9206,47.3028,43.8622,53.6195,64.9079,86.7836,172.4259,152.3092,140.1383,0.0
NOTE,nos286,2,NOS284,"Chi phí hoạt động đầu tư chứng khoán, góp vốn",Securities investment expense,VND bn,0.0137,0.0137,0.0,0.0447,0.0137,0.0137,0.0137,0.0137,0.0137,0.0071,0.0,0.0,0.0,0.0,0.0,0.007,0.0238,0.0,0.042,0.0335,0.0203,0.0281,0.0383,0.0356,0.015,0.0,0.015,0.0152,0.0,0.2377,0.1335,0.1315,0.0,0.0
NOTE,nos287,2,NOS284,Chi phí/hoàn nhập dự phòng hoạt động kinh doanh chứng khoán,Expense/(reversal) of provision,VND bn,0.1911,0.0549,0.0,0.436,0.2071,0.3974,0.4338,0.1733,0.3445,0.4988,0.0278,0.4332,0.5466,0.0,6.3694,12.3828,22.3268,0.0,20.658,79.5674,48.149,72.6384,54.41,36.2985,10.5257,0.0,52.6464,76.0375,0.0,148.0125,92.708,122.2678,0.0,0.0
NOTE,nos292,2,NOS284,"Chi phí hoạt động tư vấn đầu tư chứng khoán, tư vấn đầu tư tài chính, tư vấn khác","Investment advisory, financial advisory and other advisory expenses",VND bn,0.1106,0.1216,0.1153,0.208,0.1568,0.1323,0.1302,0.1463,0.0993,0.1029,0.0171,0.0206,0.0,0.0,0.0,0.0,0.0,0.0,0.0,0.0186,0.2963,0.7298,0.5767,0.9129,0.7564,0.6641,0.5387,0.5188,0.352,0.5536,0.7019,1.3869,1.0675,0.0
NOTE,nos293,2,NOS284,CHI PHÍ TRỰC TIẾP KHÁC VỀ KINH DOANH CHỨNG KHOÁN,OTHER DIRECT EXPENSES FOR OPERATING ACTIVITIES,VND bn,0.1026,0.1046,0.1089,0.117,0.0842,0.1185,0.1128,0.0977,0.0753,0.0811,0.0889,0.1472,0.1666,0.2517,0.4065,0.7624,0.4439,0.0,1.6229,1.8899,0.4407,0.6288,1.4579,1.4968,1.5353,1.7494,1.8403,2.4703,2.0431,2.006,1.9251,3.1336,1.8117,0.0
NOTE,nos299,2,NOS284,Chi phí khác,Other expenses,VND bn,0.1026,0.1046,0.1089,0.117,0.0842,0.1185,0.1128,0.0977,0.0753,0.0811,0.0889,0.1472,0.1666,0.2517,0.4065,0.7624,0.4439,0.0,1.6229,1.8899,0.4407,0.6288,1.4579,1.4968,1.5353,1.7494,1.8403,2.4703,2.0431,2.006,1.9251,3.1336,1.8117,0.0
NOTE,nos300,1,,CHI PHÍ QUẢN LY DOANH NGHIỆP,GENERAL AND ADMINISTRATIVE EXPENSES,VND bn,1.5647,1.441,1.3899,1.7415,1.4584,1.4997,1.3389,1.5062,1.4076,1.6017,1.7207,2.1025,2.5825,2.9167,3.211,6.115,4.298,9.607,8.317,14.85,18.7358,22.0855,18.005,35.4867,36.2205,35.6696,31.7117,48.3077,33.3626,45.3434,39.5872,63.111,46.0858,49.3456
NOTE,nos301,2,NOS300,Chi phí nhân viên,Labor costs,VND bn,0.3885,0.359,0.4289,0.7038,0.4508,0.4086,0.3693,0.529,0.4175,0.445,0.6119,0.8042,1.3098,1.2659,1.8848,4.0996,2.2861,2.6995,2.3636,4.7963,4.4884,9.1073,7.2417,20.3251,17.4034,17.0916,17.3896,28.1393,18.2225,21.8037,21.9952,37.3742,23.1906,23.9198
NOTE,nos302,2,NOS300,Chi phí dịch vụ mua ngoài,Outsourced service expenses,VND bn,1.1173,1.0369,0.9181,0.9894,0.9087,1.0454,0.9453,0.9347,0.928,1.1399,0.9437,1.0131,1.0008,1.17,1.0231,1.5682,1.5779,6.5036,4.7417,8.7256,11.8547,8.9563,6.2847,13.3124,14.0234,13.7673,9.7701,15.2692,10.1322,19.9122,12.5301,20.1141,16.3705,19.8494
NOTE,nos303,2,NOS300,Chi phí thuê văn phòng,Office rental expenses,VND bn,0.0,0.0,0.0,0.0,0.0,0.0,0.0,0.0,0.0,0.0,0.0,0.0,0.0,0.0,0.0,0.0,0.0,0.1098,0.0,0.0,0.0,0.0,0.0,0.0,0.0,0.0,3.5466,0.0,0.0,0.0,0.0,0.0,0.0,0.0
NOTE,nos304,2,NOS300,Chi phí khấu hao TSCĐ,Depreciation and amortization,VND bn,0.0106,0.0106,0.0106,0.0106,0.0106,0.0106,0.0106,0.0106,0.0106,0.0037,0.0,0.0054,0.0167,0.0167,0.0167,0.0171,0.0217,0.0217,0.0244,0.0589,0.0957,0.148,0.297,0.2427,0.4084,0.4819,0.7552,0.8001,0.7664,0.7878,0.8237,0.8271,0.8197,0.8329
NOTE,nos305,2,NOS300,"Chi phí công cụ, đồ dùng văn phòng",Office supply expenses,VND bn,0.0105,0.0147,0.0151,0.0242,0.013,0.0137,0.0091,0.0128,0.0122,0.0037,0.0394,0.0767,0.1215,0.1208,0.1009,0.1904,0.0983,0.0,0.1248,0.1617,0.1568,0.1472,2.6212,1.1198,1.1737,1.1513,-2.325,1.2741,1.1195,1.0378,1.0715,1.2713,1.2293,1.1283
NOTE,nos307,2,NOS300,"Thuế, phí và lệ phí",Corporate income Tax and fee,VND bn,0.0084,0.0139,0.0125,0.0092,0.023,0.0131,0.0028,0.0053,0.0065,0.004,0.0151,0.0079,0.028,0.0782,0.0433,0.0797,0.0786,-0.0164,0.0807,0.0478,0.0547,2.0184,0.0477,-1.7525,0.3143,0.5556,0.3377,0.3849,0.1355,0.2348,0.3683,0.5403,0.6561,0.3249
NOTE,nos308,2,NOS300,Chi phí khác bằng tiền,Other expenses on cash,VND bn,0.0294,0.0059,0.0048,0.0044,0.0524,0.0084,0.0018,0.0138,0.0329,0.0054,0.1106,0.1953,0.1058,0.265,0.1422,0.16,0.2354,0.2888,0.9818,1.0597,2.0855,1.6706,1.5504,2.2393,2.8974,2.6221,2.2374,2.44,2.9865,1.5673,2.7985,2.9838,3.8196,3.2903
NOTE,nos309,2,NOS300,Hoàn nhập dự phòng khoản phải thu khó đòi,Reversal of provision of doubtful debts,VND bn,0.0,0.0,0.0,0.0,0.0,0.0,0.0,0.0,0.0,0.0,0.0,0.0,0.0,0.0,0.0,0.0,0.0,0.0,0.0,0.0,0.0,0.0377,-0.0377,0.0,0.0,0.0,0.0,0.0,0.0,0.0,0.0,0.0,0.0,0.0
NOTE,nos330,1,,DOANH THU TÀI CHÍNH,FINANCIAL INCOME,VND bn,0.0669,0.0403,0.0179,0.015,0.0136,0.0143,0.0151,0.0299,0.0,0.0,0.0,0.0,0.0,0.0,0.0,0.0,0.0,0.0,0.0,4.7812,0.0,0.0,0.0,0.0,0.0,0.0,0.0,0.0,0.0,0.0,0.0,0.0,0.0,0.0
NOTE,nos331,2,NOS330,"Lãi tiền gửi, tiền cho vay",Interest income on loans and Deposits granted,VND bn,0.0669,0.0403,0.0179,0.015,0.0136,0.0143,0.0,0.0299,0.0,0.0,0.0,0.0,0.0,0.0,0.0,0.0,0.0,0.0,0.0,1.8541,0.0,0.0,0.0,0.0,0.0,0.0,0.0,0.0,0.0,0.0,0.0,0.0,0.0,0.0
NOTE,nos336,2,NOS330,Lãi chênh lệch tỷ giá chưa thực hiện,Unrealized foreign exchange gains,VND bn,0.0,0.0,0.0,0.0,0.0,0.0,0.0,0.0,0.0,0.0,0.0,0.0,0.0,0.0,0.0,0.0,0.0,0.0,0.0,0.0207,0.0,0.0,0.0,0.0,0.0,0.0,0.0,0.0,0.0,0.0,0.0,0.0,0.0,0.0
NOTE,nos338,2,NOS330,Doanh thu hoạt động tài chính khác,Others,VND bn,0.0,0.0,0.0,0.0,0.0,0.0,0.0151,0.0,0.0,0.0,0.0,0.0,0.0,0.0,0.0,0.0,0.0,0.0,0.0,2.9063,0.0,0.0,0.0,0.0,0.0,0.0,0.0,0.0,0.0,0.0,0.0,0.0,0.0,0.0
NOTE,nos339,1,,CHI PHÍ TÀI CHÍNH,FINANCIAL EXPENSES,VND bn,0.0,0.0,0.0,0.0,0.0,0.0,0.0,0.0,0.0,0.0,0.0,0.0,0.0,0.0,0.0,0.0,0.0,0.0,0.0,0.0,0.0,0.0,0.0,0.0,0.0,0.0,0.0,5.36,0.0,0.0,0.0,0.0,0.0,0.0
NOTE,nos340,2,NOS339,Lãi tiền vay,Interest expenses on loans,VND bn,0.0,0.0,0.0,0.0,0.0,0.0,0.0,0.0,0.0,0.0,0.0,0.0,0.0,0.0,0.0,0.0,0.0,0.0,0.0,0.0,0.0,0.0,0.0,0.0,0.0,0.0,0.0,5.36,0.0,0.0,0.0,0.0,0.0,0.0
NOTE,nos348,1,,CHI PHÍ SẢN XUẤT THEO YẾU TỐ,COST BY FACTORS,VND bn,1.5647,1.441,1.3899,1.7415,1.4584,1.4997,1.3389,1.5062,1.4076,1.6017,1.7207,2.1025,2.5825,2.9167,3.211,6.115,4.298,9.607,8.317,14.85,18.7358,22.0855,18.005,35.4867,36.2205,35.6696,31.7117,48.3077,33.3626,45.3434,39.5872,63.111,46.0858,49.3456
NOTE,nos350,2,NOS348,Chi phí nhân công,Labor costs,VND bn,0.3885,0.359,0.4289,0.7038,0.4508,0.4086,0.3693,0.529,0.4175,0.445,0.6119,0.8042,1.3098,1.2659,1.8848,4.0996,2.2861,2.6995,2.3636,4.7963,4.4884,9.1073,7.2417,20.3251,17.4034,17.0916,17.3896,28.1393,18.2225,21.8037,21.9952,37.3742,23.1906,23.9198
NOTE,nos351,2,NOS348,Chi phí khấu hao tài sản cố định,Depreciation and amortization,VND bn,0.0106,0.0106,0.0106,0.0106,0.0106,0.0106,0.0106,0.0106,0.0106,0.0037,0.0,0.0054,0.0167,0.0167,0.0167,0.0171,0.0217,0.0217,0.0244,0.0589,0.0957,0.148,0.297,0.2427,0.4084,0.4819,0.7552,0.8001,0.7664,0.7878,0.8237,0.8271,0.8197,0.8329
NOTE,nos352,2,NOS348,Chi phí dịch vụ mua ngoài,Outside service expenses,VND bn,1.1173,1.0369,0.9181,0.9894,0.9087,1.0454,0.9453,0.9347,0.928,1.1399,0.9437,1.0131,1.0008,1.17,1.0231,1.5682,1.5779,6.5036,4.7417,8.7256,11.8547,8.9563,6.2847,13.3124,14.0234,13.7673,9.7701,15.2692,10.1322,19.9122,12.5301,20.1141,16.3705,19.8494
NOTE,nos353,2,NOS348,Chi phí khác bằng tiền,Other cash expenses,VND bn,0.0483,0.0345,0.0324,0.0377,0.0884,0.0351,0.0137,0.0319,0.0515,0.0131,0.1651,0.2799,0.2553,0.4641,0.2864,0.4301,0.4123,0.3822,1.1873,1.2692,2.297,3.8739,4.1816,1.6066,4.3854,4.3289,3.7967,4.0991,4.2415,2.8398,4.2383,4.7955,5.7051,4.7435
