review_id,rating,date,thumbs_up,author,text
4d4c34b7-0fcf-4d27-b277-15b1da82af4a,1,2026-09-22,0,linh ho,quá rườm rà
06bd892f-789e-4921-96d1-7bf203881572,1,2026-09-21,0,an xeo,đăng ký khó khăn
cdff1a16-8ce0-47da-b9ef-46b4b90aa94f,5,2026-09-19,0,Hữu Chiến Nguyễn,ok
b6d962d6-772d-4786-a54e-2f7a38584f22,1,2026-09-18,1,Nhật Minh Đoàn,ko dùng được khi dùng sam sung
a75d201a-347b-422f-b8de-81cca7f28903,1,2026-09-17,0,Minh,"lũ môi giới không có đạo đức nghề nghiệp, lùa nhà đầu tư chưa có nhiều kinh nghiệm để ăn hoa hồng nhiều nhất có thể, cổ phiếu IPO đến giờ thì như đống rác,"
18f6965c-a27e-48ca-ab0f-b12b2d6f58bb,3,2026-09-16,0,Avee Played Music,"ngoài phí tháng ra , vps tự ý trừ tiền trong tài khoản,dù nhỏ nhưng có vẻ rất đều đặn, và chắc chắn làm như vậy với nhiều tài khoản"
45a4d036-3617-415c-8821-bd3228bc2c0b,1,2026-09-16,2,Bad Not,"suốt ngày báo ""Lỗi kết nối đến máy chủ"""
3098ce01-ce88-40df-a73a-d32f52c86e57,4,2026-09-10,0,Dat Nguyen,"vps nên nâng cấp bảo mật, xác nhận mã OTP mỗi lần đặt lệnh mua bán"
9f6790bd-8824-488b-b7b7-fcac3a336a00,1,2026-09-07,3,Đức Long Nguyễn,k đăng nhập đc. điên cmnr
edfa0d84-405e-4fb9-bbd2-dcbfdfbbd726,1,2026-09-06,0,Ty Van,tạo tài khoản xong đăng nhập không được why?????
a6905b65-c076-49f2-b557-a5a42fdf52d3,1,2026-08-28,0,Quan Dang,"app nó cứ đơ đơ kiểu gì, phản hồi rất chậm"
ed98ed48-148f-4020-b6de-9de81ed961db,1,2026-08-21,4,SANG LÊ VĂN,mong app cải thiện về vấn đề tốc độ xử lý sao cho mượt mà hơn
b434963d-a491-4aa3-8e03-f7145587614b,1,2026-08-19,3,Huy Trịnh,áp hay bị lỗi quá z
956729da-05de-4df5-bc04-265db658069e,1,2026-08-18,0,Zata Thu,ko tải đc l que
eb346974-3f6a-44ab-96e2-328fe1cc7fc4,1,2026-08-17,2,cong thanh tran,"app này cũng hay bi treo, chả hiểu làm ăn làm sao"
ba3d93bd-b071-47b4-b93f-f62eac582eec,1,2026-08-15,3,binh Luu,"đang đặt lệnh vẫn treo đứng máy luôn, thường xuyên treo app. tắt màn 1 lúc mở lại là có thể treo..."
32c42d1a-da33-41d5-94cc-72328865a526,5,2026-08-14,4,Thanh Luu,oke thử dùng ssi nhưng cuối cùng vẫn quyết định quay về với vps hy vọng CTY k phá sản
cb1f5fb8-bea7-48b6-a4f0-8a6dd9539aeb,1,2026-08-14,4,Vo Au,App tệ. Phí cao. Tư vấn viên thì quèn
a8a0473b-852e-44b6-927e-6442b1496121,1,2026-08-11,5,duong binh,"nên đuổi hết kĩ thuật bên này . thuê mẹ vnd or ssi thiết kế cho lành app vào cứ 5p văng 1 lần, lag thì éo cần bàn. chơi long short mà tức del chịu đc"
13423f78-e039-402a-bd52-bedb931e1040,1,2026-08-11,3,phu nguyen thanh,mua trừ lấy tiền nhanh lắm đến lúc bán cổ phiếu chờ tiền về chậm chạp 1 tuần lễ luôn tiền vẫn chờ về nữa😠
c0aadfe2-0b97-4c66-b10c-597f61d432c8,3,2026-08-11,1,Se Nguyen Viet,"thời gian update quá lâu,"
b9ec4789-47cc-471d-9573-6a051aee2265,1,2026-08-11,0,Nhung Tuyết,"Tệ, phí thì từ đâu chui ra tự trừ 1 đống, đầu tư dài hạn không xem là không biết luôn"
dc3e9787-951c-4494-aa5a-52c4e463516a,5,2026-08-06,2,Khai sáng Chứng Khoán,ok good
11f8da1b-b12e-4900-bb48-495319e7077e,1,2026-07-26,0,Trung Nguyễn,suốt ngày bắt đổi pass ai mà nhớ được
90650c35-b06d-4a39-ab1b-6a221fe59016,1,2026-07-23,0,Việt Việt,hết tiền
e8674eca-5ace-45ec-8a44-7a944861a1ae,2,2026-07-17,5,Minh Hà,cứ mẫy phiên quan trọng là không vào được. Tệ thật sự
875c3e98-1c9e-48de-a0e7-058f02568fde,1,2026-07-16,6,Thành Nguyễn Công,app như e. ít hôm lại bắt mã pin. đăng ký rồi vào lại báo không chính xác
0b978a5b-2ae0-473d-9b36-1d0a993e7b5a,5,2026-07-02,0,Truc Nguyen,tốt
9b5200e7-41e3-442e-8977-1a8ef851f89c,2,2026-07-02,2,thom nguyen,không có cảnh báo giá
0b402a67-76ce-4eba-8db7-94dac806a2e9,3,2026-07-01,2,Thái Dương Nguyễn Hoàng,App gì đầu tư toàn lỗ vậy
84787f5a-d38d-49c6-ad3e-96e87c3de4c8,5,2026-06-30,3,Kien Pham,ok
697cd95e-1bc8-4dba-8e7b-8cd1de4788b4,4,2026-06-30,11,Nguyễn Ngân (Nkntn),"sau khi update xong app thường xuyên bị văng khi chạy dưới nền, dù đã khoá ko tắt app, trước khi cập nhật thì bình thường"
b567aab8-28af-4e25-b5c9-7e96f196fafc,5,2026-06-29,1,Trung tín Nguyễn,ok
0b87d7f1-4cf3-4852-8d9b-29f5c5d49f51,1,2026-06-29,7,Vu東海武功原,app rất tệ khi tôi ở nước ngoài không thể vào được.xong 6tháng lại bắt buộc phải đổi mật khẩu.thật sự app tệ nhất từng gặp.
8fd7325d-e875-42d9-b12b-9823ea99bd8c,5,2026-06-25,3,Thìn Nguyễn,tôi thấy dùng tốt
efa70a5c-f6e2-4dd1-a218-da83c2534910,1,2026-06-23,0,Gaming Demo,app lỗi .. nạp tiền vào giờ đăng nhập cứ quay ko vào đc .. tiền thì kẹt trong đấy .. mọi người không nên dùng không app sập là mất hết luôn
3bc73933-2738-43be-a2ba-07bcb42572db,1,2026-06-23,9,Trung Mai Ngọc,"app đần vcl... đã thế còn hay lag làm mất bao nhiêu tiền, trừ tiền linh tinh vô tội vạ, nếu trừ do nợ hay gì thì phải thông báo rõ ràng chứ, nạp tiền vào phát tự nhiên tiền mất đâu không biết luôn, thế thì thích trừ bao nhiêu thì trừ à, xác thực thì không xác thực cho mà cứ bô bô top 1 thị phần"
c9f9dcbe-7bf2-45d0-ab6a-19bae3d58c9d,1,2026-06-23,4,Long Nguyen,"app tệ, hạn mức thu phí hàng tháng thấp, thu phí cao. Xứng đáng bị từ bỏ"
9b6f6311-1207-4271-af62-416b683e1909,1,2026-06-19,2,Sơn Nguyễn Hoàng,"app nên làm xác thực bằng vneid nha. máy tui không có nfc thành ra không thể xác thực được, mà mấy cái app của công ty chứng khoán khác thì làm được bằng vneid, chứ riêng app bên mình kém quá kém. 1 sao không nói nhiều"
f9215169-f1c9-4f44-8fb0-3d94ef3cfa11,1,2026-06-16,8,hoangtuananh Tran,hôm nay 16/6 app quá lag. đã đổi wifi và 5g đều rất lag
38fef441-84f9-4fc8-b0b4-67f416a4be07,5,2026-06-15,0,Dương Phạm Văn,"Đội ngũ phát triển quan tâm và lắng nghe ý kiến của người dùng , mọi người có ý kiến đóng góp nên gửi mail để trao đổi [like 👍]"
79300e77-1189-4f5d-8c33-4aa7fbd6f3a1,5,2026-06-15,0,Hai Huỳnh,rất tiện lợi
012b406c-c9e2-47db-9f6d-57c274666757,1,2026-06-03,3,Hà Ngọc,app như l . xác thực khuân mặt cứ kêu ko trùng khớp
d51ef5cf-2feb-4ebe-be88-ce072e0fba13,4,2026-06-01,4,Th V,ok
ac644dea-aed0-44ce-bc2c-a2522c23ddaa,1,2026-05-23,9,Hoàng,"app này mỗi tháng trừ phí 33k rất cao, không đáng sử dụng với nhà đầu tư dài hạn"
d1b924df-ff5a-4bd5-99ec-cf90c2783433,1,2026-05-12,15,Phương Liên Lê,"Ứng dụng lỗi, yêu cầu đổi mật khẩu nhưng nhập xong mật khẩu thì không hiện nút ấn để đổi"
874b2139-7397-47f0-a987-1e63b4136c89,1,2026-05-09,2,Nhật Cao,chậm sử dụng chán
56842ad7-4db7-415a-8f54-d47c803dd1e0,1,2026-05-06,0,TUONGTAC TOP,Phí cắt cổ. Mỗi tháng nộp 28000₫ cùng nhiều loại phí khác. Tài khoản còn bị âm -668k??
552053f8-95b4-4fc1-bdd3-8791c364f204,1,2026-04-28,3,anh le,"sao ko đăng nhập đc, hiện message hệ thống đang khởi động"
2fc12245-ccff-4f27-8c64-9d6302a8cd09,1,2026-04-26,12,Công Nghĩa,"bắt đổi mk liên tục, đổi vài lần giờ thường xuyên quên pw, app đẻ ra đủ thứ phí để cắn tiền khách hàng, từ tiền bán, tiền ứng, để tiền trong tài khoản, rút tiền về bank, .... chỉ cần liên quan đến tiền đều bị tính phí, giá trị bill nhỏ thì tính mức cố định vài ngàn đến 50k, bill lớn thì cắn theo %. Quá thất vọng"
49ac44ca-5755-49b3-af3e-db2e0128083a,5,2026-04-26,0,Phuc le,tốt
0801636a-1ac3-4d86-80ec-7b03d2e8998f,5,2026-04-25,0,mão vie,cho anh em mới vào nghề biết thì nếu bạn không giàu như phạm nhật vượng hay long hòa phát thì nên chuyển sang dùng cty chứng khoán khác chứ ko đủ tiền nuôi sản phẩm của vp bank đâu phí chuyển tiền 3 nghìn 3 củ phí tháng có mua hay cổ ko cũng mất vài chục rồi nếu vay nợ mua cổ phiếu cũng bị trừ 26 k 1 tháng . chưa tính trả lãi cả năm
d06063d0-58c2-40d5-a5fc-1578b352d4cc,1,2026-04-18,20,Hương Phạm,app lz hệ thống nâng cấp gì quài vậy. hạn chế giao dịch rút tiền thì có
a4435cc8-b784-4218-a284-2c68050875db,2,2026-04-17,1,Linh Đồng Quang,"Dùng rất chán, thua mbs, không có đăng nhập bằng vân tay, không có AI chatbot hỏi đáp hỗ trợ,"
6a3ae285-2e55-4d48-899c-9399f15420e2,1,2026-04-16,3,Hoang Le,"app quá khó dùng, rối rắm. từ bỏ nha, vndirect vẩn là chân ái"
12b6b1b0-0681-40a3-8897-95f32a196eca,1,2026-04-13,1,Tùng Quốc,Vài tháng lại đổi mật khẩu. Đổi đi đổi lại chán không chấp nhận cho. app thì đặt lệnh lag như điên
5e7904e7-9b9e-43a7-99db-31ffe7f474ab,1,2026-04-12,3,Y Mit Ksor,thay đổi mật khẩu không xác nhận mặc dù đã làm đủ yêu cầu. dịch vụ quá tệ
1fe35ac5-1582-4db6-87d7-6d75863c7a7b,1,2026-04-09,3,VNJP Hoang,Mở tk mà giờ còn nfc chán vl
0765bf86-c7d6-46da-8185-b55b7a9b7f82,1,2026-04-07,9,tiepok,làm ơn thêm tính năng cập nhật cccd qua vneid đi thời nào rồi còn không có tính năng này
2b83b5eb-3e38-4383-8750-a8c15466e9b4,5,2026-04-02,2,Cao Khánh,ok
80148409-c780-4f0b-98c7-93a84b8e0328,5,2026-03-30,2,Duy Kien Vu,app này dùng ok ko các bác. xin chỉ điểm
47f9107e-c8f9-4066-869f-6889521dfa50,5,2026-03-27,2,Oanh Phan Thi Thuy,ok
90ba9067-95eb-40a5-a12e-36175154b070,1,2026-03-25,0,xcas a,dạo này còn thu phí hàng tháng ko? app thì kém mà thu phí thì chịu rồi
1b2dc59c-3782-42c8-b95d-4cc854be518f,1,2026-03-24,10,Chung Ngô Việt,"App này lừa đảo trừ tiền nhé, mọi người cẩn thận. Mình mới nạp tiền vào hôm trước, chưa giao dịch gì, hôm sau thấy mất tiền."
ad1b1f65-4f39-4ae8-b326-8c7b3a9564b3,2,2026-03-20,5,Edgan,"Mỗi lần đăng nhập là cực hình và tốn nhiều thời gian, cứ thông báo là bị lỗi liên kết máy chủ hoài"
8e333aac-f9a5-4ab9-aad6-b36e9963cbb1,5,2026-03-19,1,Đồng Mạnh Trường,ok
9893156a-36f1-4d92-8bb8-a86e282d4c39,1,2026-03-19,4,Sơn Ngô,không chuyển tiền lại được vào tài khoản ngân hàng cùng tên bất tiện quá
c1929f5f-be15-488f-b00f-b374603694db,5,2026-03-18,2,DOAN NGOC DIEN,app dạo này chạy chuyển trạng thái rất chậm.
2a13ffd3-3f69-4619-a925-963bb664f195,5,2026-03-17,1,ADAM,ok
14700858-fda4-4ca6-9e76-a53df3045acb,1,2026-03-16,3,Duc The Nguyen,"dùng bao năm rồi tuần nào cũng nâng cấp mà ko thấy cải thiện, vào tí đã bị đơ hoặc tự thoát lại phải đăng nhập lại"
f13a7f3b-a7cd-4593-9afa-8a1090170b0f,5,2026-03-16,1,Hồng Hoàng Đình,ok
a81c5230-d42f-41ef-b61e-1bb034f64646,5,2026-03-13,3,đỗ anhtuan,minh khong mo duoc tai khoan
e7e7d138-52be-42ef-b64b-ca2b7320c51b,5,2026-03-07,0,đức thành hà,nạp thao tác 1 phát là xong mấy con gà cứ kêu ka hài vc
eb493c84-5ee6-4ea6-9a72-adf8b654da91,1,2026-03-05,3,Thảo Phạm,app như....... đổi mk éo được 😡😡😡
f65ccb7b-9760-4ca7-8550-0baaa0f7d849,1,2026-03-04,7,Nhan Vu,"app tệ quá,đến phần nạp tiền cũng k đơn giản hoá đc,để cái mã qr vs sao chép nghi sẵn khó thế s,tham khảo f market ,,,họ lm thế có phải tiện cho khách mới k"
534cab77-cb34-4e49-a4fa-003e5340c023,1,2026-03-04,3,12 杜成心,quá chậm và lag
4d914f10-f7bf-4914-b49a-b0914228bb30,1,2026-03-03,5,yennhi vo,app tệ quá. chạy k mượt mà gì cả
d27460cc-7d48-4a49-8c7e-653575ec5c90,1,2026-03-03,0,VUIVUI Hayhay,SmartOne quá tệ. đơ và không load nổi. Phải chuyển sang App chứng khoán khác thôi
11c9f0a5-3697-4a88-aec9-d5077532110f,5,2026-03-02,0,Van huong Hoang,quên tài khoản và mật khẩu
7f9c4121-a5ee-47ed-83b6-b795e5ae952e,1,2026-03-01,2,AGM STAGE,không nạp qua được BANK HDB ?
34c6ac9d-7e97-4aeb-8186-78184ee151d0,1,2026-02-25,9,ÂN TRẦN HOÀNG,ứng dụng quá tệ không lấy lại được tài khoản do lổi ứng dụng
1e7d88a7-7024-4dd1-9cd7-aab9a7e6eaf2,1,2026-02-23,0,THACH Lee,"nói chung rất tệ, tệ nhất là cái muốn sao kê mà tranh thủ ăn như chó. dịch vụ như hạch. chỉ chờ để trừ tiền khách hàng!"
b3da8552-3597-4f40-a1fc-c302cfa88272,1,2026-02-23,0,Tiến Huỳnh Văn,"Báo cần đổi mật khẩu sau 6 tháng, nhập mọi thứ xong thì lại không cho xác nhận, không làm được gì không đổi ko cho sử dụng."
9f475495-0876-4c78-80ac-90b33d642c8e,5,2026-02-19,5,Nguyen Huy,Nhanh mượt uy tín
66572495-82d3-49e0-9948-d671ae0b4f60,1,2026-02-15,0,Hiệp Trần,tệ
1e224213-17a1-40bc-a1db-1325e6b98c1d,3,2026-02-06,4,Hoài Thu 2211 Lê,"hay lag, chậm"
94cd8007-b9f6-4d8a-a93b-6b9c60d915a2,1,2026-02-04,7,Nguyễn Khánh Hòa,"khó sử dụng, nhiều lỗi, phát triển kẽm"
6332680d-4588-4dc1-abd5-ed029eaef491,1,2026-02-02,5,Minh Phạm Hoàng,ứng dụng lol
e4238f34-0514-4b63-8f88-8a45c7f4f8c0,5,2026-01-28,0,LINH MAI,ok
5e353621-caa7-4708-8465-30bf7566d477,1,2026-01-28,5,Đẩu Nguyễn,tệ
0ff988ab-3fde-4f91-815e-a6f233b92c74,1,2026-01-27,6,Văn Lê,"giao diện kém, ứng dụng chận khó xem lãi lỗ"
a3076a4a-ac27-40ae-8d36-d44b16d76feb,1,2026-01-26,3,Vũ Trường,Giao diện khó dùng
f758ecd2-036f-4b6c-b571-46508f16ff7c,3,2026-01-21,0,Trường Nguyễn Văn,"suốt ngày update trong phiên, tại sao ko thực hiện vào các cuối tuần."
b5558e1f-5346-48a3-8f93-9590ed3797f7,4,2026-01-20,7,Đom Đóm Tiểu,chờ trải nghiệm
95f7643c-068e-427a-9909-7ad01cbf7605,3,2026-01-20,1,Mỹ Vân Đào,"luôn bị lag, thật là phiền"
4668e591-54b1-48ec-a981-77ca6bfc97ac,1,2026-01-19,7,Nga Nguyen,tệ cực sinh trắc học 80 lần k được giam tiền của khách bắt phải cập nhập bằng cách khác
8b1d72a5-aae8-46c8-8369-0103240c3285,1,2026-01-19,7,Phương Trần,chức năng khó sử dụng. không xác thực được NFC
53a4275f-aec4-4500-a773-bb4cec21fffc,2,2026-01-19,2,Huy33,đang muốn vào lệnh lại bắt cập nhật. 🎃🎃🎃
e40eacce-6898-4219-8b90-87bfa06cb6a3,1,2026-01-16,14,Nguyễn Văn Cừ,app loz gì rút tiền ra cứ báo lỗi ko nhận stk
f35ab9fe-5cc0-4391-a2ca-e6c68d06153d,1,2026-01-16,5,Blog Y Khoa,hôm nay 16/1/2026 ứng dụng liên tục tự động đăng xuất. Fix lỗi gấp đi ạ.
b7913bb7-da73-4ee3-8338-d93519cd696b,1,2026-01-16,4,Zane,sáng nay 16/1/2026 bị gì mà bấm tí bắt login lại. bực mình vô cùng. vps check lại bug xem
4b8b2c58-5bec-4d0b-a560-cfbc8271b040,1,2026-01-16,1,THẾ HỒI LẠI,app bị out đăng xuất liên tục rồi bảo trì nhiều quá
b4c54434-e851-4772-9d76-d1ddf02eb75d,1,2026-01-14,0,Chiến Trần Đức,IPO lùa gà
6f8bc4d5-fe8e-48d8-bb4a-b41bbd038920,1,2026-01-14,17,David Tuấn,App tính thuế cao quá. 3tr VND mua CP mất tiền thuế sàn hơn 600 VND. mã cha nhà nó ăn cướp à
5e9e14c3-9f53-43f9-921e-5f1fa535596e,1,2026-01-12,0,Chien Dinh,1 đám nhân viên lùa gà mua ipo
7d8f1b20-3cae-49b5-98f7-85780d158c74,1,2026-01-12,0,Quang,gọi điện spam liên tục thiếu chuyên nghiệp
c0bf0ef1-6f63-4d0f-a6af-4c5a6238a093,1,2026-01-12,3,tran duyen,đổi số đt khó. nv tư vấn lùa gà. chuẩn bị gỡ bỏ
d681c122-9514-4049-8f96-9d16774d5899,1,2026-01-10,2,Mai Thị Hồng Yến,Không hoài lòng về việc thu phí đủ thứ
8115c3d9-9a34-4c09-95d1-6a7d4fdbc75d,1,2026-01-10,1,Happy Birthday,"CTY tận thu nhiều loại phí như phí quản lý tk 29k/tháng, phí BH ... trong khi tk KH đang lỗ sắp mặt, tận thu đến nỗi số dư âm luôn"
480e9799-a278-4c22-a8f5-2ab35ae9ecf2,1,2026-01-10,5,Dũng Hồ Tiến,Công ty úp bô nhà đầu tư. Không nên sử dụng và tin tưởng
79428202-37a2-4a34-89c9-2ff19b3cb5b4,1,2026-01-09,5,Minh Đức Phạm,cứ vào là bật ra
dff653f2-08fe-4265-b6bb-c4eebbf9e936,1,2026-01-08,10,quoc phong,tại sao app cả tuần nay sử dụng mạng 4g thì giá nhảy lên xuống bình thường còn mạng wifi thì đứng im re không xử lý mua bán được gì hết tức no luôn.
ce7220a8-2326-43d2-b9c8-a71d1254aa5b,1,2026-01-06,0,Pa Anh,"phí cao, nạp tiền chậm. bán cổ rút tiền thì bị giam tiền 2 ngày. làm lộ thông tin khách hàng ( số điện thoại, tên, cccd) không biết là vô tình hay đem bán thông tin."
9f082c83-2dfa-4a52-89e0-c2a5816b0829,1,2026-01-05,0,Nguyễn Đình Hoan,lag vkl
03adc618-9171-41d7-9f51-9478bb924344,1,2025-12-30,7,Thanh Nguyên,"app lỗi , có cái đổi số điện thoại làm cccd, nfc, rồi xác thực khuôn mặt không được. làm 12 lan vân không đuoc, báo ban phụ trách tai khoản nhờ hõ trợ. thì nhân dc phản hoi từ chăm sóc khách hàng muón rút tiền xóa app. nói chung vps cành lúc càng tệ."
d40a986e-11d1-4fdf-b804-2febe397446c,2,2025-12-29,3,Văn Minh Vlog,không cài đặt trên 2 máy được
22601ca1-6fb5-4157-9327-c23dc9f9d8e3,3,2025-12-24,5,Nguyễn Hoài Phong,Đăng ký khó khăn hơn các app khác. Thiết bị ko có NFC thì bó tay. vây mà cứ QC này kia...
506ad536-4a5f-47ac-99ee-20d0a3629933,1,2025-12-24,8,Chien Nguyen Quyet,"Nhiều tư vấn viên hỗ trợ các nhà dt thiếu kinh nghiệm., tầm nhìn ngắn., chủ yếu hô hào ndt mua bán tạo sóng ảo., gió chiều nào theo chiều ấy., cóp nhặt bài viết tư vấn mua bán thiếu chiều sâu.,"
41c2b4c5-4f0b-43af-ab25-095c45002bdd,1,2025-12-24,7,Tu Trinh Duong,"Công ty lùa gà, nên tránh"
82b7f4af-28e7-4740-accc-6d6045ba5f83,1,2025-12-24,1,Mai lan Trinh,"lừa đảo,phí giao dịch cao,không rõ ràng"
5cc675cc-a66e-4cef-9341-0b07e22c548d,1,2025-12-24,5,tỉnh nguyễn,lừa dối ndt ... trải nghiệm tệ
0bfc14c6-8f70-4300-b338-7e42cd57486a,1,2025-12-24,9,Quang Khương Hồng,app lừa nhà đầu tư trắng trợn. ae né nó ra nhé
7a950a4e-6c22-45fb-891b-e58f1b867578,1,2025-12-24,7,hoang nguyen,áp mô giới lẫn lãnh đạo chuyên lừa đảo úp bô nhà đầu từ a em cẩn trọng ko tải áp
a64465ff-ec64-4397-9628-a2791f0e73f6,2,2025-12-24,5,Hòa Nguyễn,mật khẩu hết hạn. vào đổi không được luôn
a3a8af70-45df-462f-b0e8-0e976c4762e9,2,2025-12-23,6,Văn Đô Phạm,sai lầm vào cty này
56d929cd-1633-4159-899a-77573394e546,1,2025-12-23,3,BảoVinFast Thái,Cty lừa đảo ntn
c32b711c-cf3b-4b80-a1ef-a4071b3a0443,1,2025-12-22,2,Quang Huy Nguyễn,vps lùa gà
2a5465fd-758b-4847-82bd-3cbdb46169ad,1,2025-12-22,5,trung nguyen,"Broker hô hào lùa gà,úp bô NDT"
09488f4d-7f78-4f9e-b128-a62d6cea9473,1,2025-12-22,0,Duy Tran,"VPS là công ty lừa đảo. broker VPS lừa khách bao win, bao lỗ. Úp bô khách hàng VPS mua cổ phiếu VCK xong VPS còn tiệc tùng 3 ngày ăn mừng đã úp bô khách thành công"
5a876296-435f-4421-900a-2b0800bf6acd,1,2025-12-22,0,Thi Dung Nguyen,"lừa đảo,úp bô"
e25862f5-8fca-4c7a-a92f-dece4088ded5,1,2025-12-19,4,mr btc,app ngu như bò không quét cccd được
329af63b-7385-4184-aeca-07878b49ae10,4,2025-12-19,6,Thuyên Nông,"2 năm trước chạy mượt hơn, giờ bị chậm, đơ, lác khi chạm tay vào ứng dụng để đăng nhập"
376b6967-c430-41d8-991c-f3b6cd1ac450,5,2025-12-16,0,Hải Thành Đỗ,tốt ok
8e38e908-a02e-41fd-8d45-ecf74339dba1,1,2025-12-12,1,Salo Phạm,"lưa đảo trôn thuế, làm giả hô sơ"
d2d28494-ed1d-4b58-85b4-631dfdb40a18,1,2025-12-09,4,Mai Anh Hoàng,Hôm nào cũng gọi điện 2-3 cuộc phiền vô cùng.
a846179e-28b3-4965-8290-e3fc71c08303,1,2025-12-08,8,Mei Shi Ruan,"app lừa đảo, giam tiền khách hàng, nạp vào không cho rút, gọi điện tổng đài hoàn toàn không có tác dụng."
8a8f45d3-bf4d-4f44-b161-91733afeb08e,1,2025-12-05,4,Hoàng Võ,sài bị đơ hoài. ko ổn định
70a33a74-2f34-4ef5-a7c5-8bb7793cee3d,1,2025-12-02,3,Hường Dương,Bắt cập nhật xong bị đơ
99049801-be77-43cc-b321-56f3fbfeac92,3,2025-12-02,0,Vinh Kiều,Công ty chứng khoán cầm tiền của tôi với lãi suất gần 0% mà còn thu phí hàng tháng. Tiền đó tôi rút về ngân hàng gửi lãi 1 tháng gấp nhiều lần số phí các ông thu thế việc gì tôi phải đưa tiền cho các ông cầm?
7617ac63-6d90-4dd2-a893-f69206baa344,2,2025-12-02,6,tiến Phạm,sao đổi lại mk không được
0e82df24-cb92-4db3-87bd-92300e31d94b,2,2025-11-29,2,Le Anh Hao,báo lỗi kết nối máy chủ
4a243bb8-0dda-4626-80db-899ee0f69c47,5,2025-11-15,11,Anh Ton Pham,tốt
f8ea9732-cd57-4c00-826e-0abb261c8471,4,2025-11-15,10,TRUNG TIẾN NGUYỄN,"hiện có ứng dụng của Hàn quốc ko mất phó giao dich, magin tháng đầu 0% lãi , năm 9,9% - rẻ nhất việt nam"
c7a0a743-5a34-4499-85e7-4ee6125d159e,1,2025-11-13,1,HTran Official,chán. TCBS đỉnh cao.
592f3df8-71e8-42e7-9d73-69dd4d8f94d1,5,2025-11-13,0,ToanThang Luu,Ok
c2bf9225-e842-4f98-8b72-48185ab78c9e,1,2025-11-12,2,Luyện Lê,"khớp lệnh chậm ,.. tính phí nhiều cái khác nhau, gọi điện nhiều. không khác gì quy mô lừa đảo cả"
7825e2bf-d490-4fb3-a020-18f6caf96b69,1,2025-11-11,4,Phương Thảo Trần Lê,"đổi mk ko đc , thao tác quá phiền phức"
e6a5f5a3-712e-4dd6-9d1e-beca08856dce,1,2025-11-11,8,Nguyen Man,app lỗi. nhân viên vòng vo
6e302c39-b0ec-4204-aa88-259ed5e3fa13,1,2025-11-09,0,Hoà Nguyễn,"mk rất thắc mắc là trước khi đăng ký qua website 1 số điện thoại vậy mà khi đăng nhập lại vào app lại gửi mã opt tới 1 số điện thoại khác, mk lo lắng về tính bảo mật và lộ thông về thẻ căn cước công dân. website kia có gửi mail về có đủ thông tin cá nhân, mật khẩu đăng nhập và cả số tài khoản nhưng lại không thể vào được. Mọi người hết sức cẩn thận không lại gặp tình trạng như mk. Thông thường là khi gặp những đánh giá xấu app sẽ có phản hồi nhưng ở đây thì không. Thật sự cảm thấy lo lắng."
d948a055-3bcb-4276-bda9-0a1747420e92,3,2025-11-06,3,Đào Xuân Dương,app lag vãi
8eb20a9f-21b6-4f83-ad52-c12bdfb022e2,5,2025-11-04,0,Đen Vầm,ok thật tuyệt
30313b70-d014-437c-951c-3b72d789ab09,1,2025-10-30,17,tri vo thanh,App bán thông tin cho bên khác. Lần đầu tiên tham gia chứng khoán và dùng VPS vậy mà bên SSI gọi cho tôi và muốn tư vấn.
ebb00b55-a424-4790-b487-2454be7e28c6,1,2025-10-29,3,The Thanh Hoang,"vps nên thiết kế lại app và web đi, sắp xếp lại bố cục cho đơn giản dễ dùng. App thì việc đặt mua bán rất nhiều bước gây khó khăn khi muốn mua bán nhanh. Mục quan trọng là danh mục nắm giữ trên cả web và aap đều thiếu thông tin và công cụ cho việc theo dõi và mua bán nhanh."
9ca3eaeb-3e91-4630-b7a1-72b2e0f18d5d,1,2025-10-27,4,Thành Nguyễn Sinh,không cảnh báo người dùng xác nhận ekyc trước mà vẫn để chuyển tiền vào xong khoá tiền họ đợi ekyc
4866317f-0725-493a-ae48-47641fc2e069,1,2025-10-24,7,Tạ Hùng,"Vân tay máy bị hư r giờ nó dell cho đăng nhập vô tài khoản luôn, áp rác v"
e96338d7-3063-4f78-96c1-bb5c168ee520,2,2025-10-23,4,Van Ngan,Sao hay bị out app quá
09e84eab-de78-498d-a9fe-69fcdc18e617,5,2025-10-23,4,Thường Tề,❤️
6b593a24-821b-4ef1-be73-b94511135a4c,1,2025-10-23,4,D NW,"Tôi nạp tiền vào, xong để quên mất mấy tháng sau vào thì thấy trừ mỗi tháng 27,500đ phí hệ thống. Thà rằng có 100tr thì không kể, chứ có mỗi 100k nạp vào trừ 4 tháng hết mẹ tiền của khách hàng à?"
cb6077bd-bc36-4cc7-8b9f-7a4a46504ee7,1,2025-10-21,0,Quân Nguyễn,app như cc. bấm vào chữ mua để đặt lệnh rồi vẫn hiển thị bán làm cc gì. ngu vc
1a867528-068c-4d77-880a-b2f8a2baa9c8,3,2025-10-21,2,Bảo Trần,Lag quá
62204da9-b3b0-477f-862b-04703d1dd3bd,5,2025-10-18,0,Nguyen Ngoc Thao,ok
108d9abe-80de-49de-bdf8-df1c67aaddc7,4,2025-10-17,3,Thà Lê,tôi thấy rất ổn và hợp lý
76faa957-1e5a-442b-a1a6-9ce3961e3e3e,1,2025-10-17,6,Hữu Hướng Nguyễn,"chuyển tiền trên 1tr mất phí 3,3k. Lúc khớp lệnh trừ tiền luôn trên 1 lần, ko report cho là trừ phí gì."
d9b77d68-26f2-42ca-aeae-d51d9945bf96,3,2025-10-17,3,Thảo Nguyễn Thị Bích,Có cái mật khẩu đã làm sinh trắc rồi mà động tí hết hạn bắt đặt lại thấy rất phiền
7743dcbf-00aa-4107-a950-efee83c3fff4,5,2025-10-17,0,Thành Trần,ok
10ee9b1f-c473-46dd-ac64-8b84b0d9147e,3,2025-10-17,3,KH Chiếu Trí,Rất tệ
85f5f304-c6e9-4589-acad-e6bbddfc8c34,5,2025-10-17,3,Cuong Hong,ok
283e3af7-80cb-40e2-a57a-21b7a46cfa92,2,2025-10-17,3,Van Le,bớt cập nhật lại dung lượng lớn quá ko đủ
76e5eee4-f5fd-466e-8830-b7dbe7d16ea9,5,2025-10-17,2,trien nguyen,OK
59710e60-d899-4147-b687-8116c48f0b74,5,2025-10-17,0,Khanh Do duy,tốt
a6e75340-805e-4c85-88e6-e774f9a6c719,4,2025-10-17,14,TẶNG TRẦN VĂN,"Tương đối, nhưng khi kiểm tra giá trị tài sản thì thao tác hơi nhiều bước, cần tinh giản lại để cho tiện hơn."
4af754e8-fdf6-4da8-8ee5-4cb15a12b59f,3,2025-10-17,1,Phù Sa Nguyễn,chậm
ff2e9414-23d1-45fe-b98e-5ceb44f1b087,5,2025-10-17,0,Huỳnh Trinh,so 1
b2fdadcc-7a94-4ba5-93af-1906d0f4cbce,1,2025-10-17,4,Điệp Hà văn,"không thể mở tài khoản. ấn vài nút mở tài khoản chỉ quay tròn, không hiện ra gì hết."
69060380-3099-49c7-a18f-cd3f34abf715,5,2025-10-16,1,Hieu Nguyen,tốt
6ccfdf54-9068-4fed-b2ad-e9aca124b77c,2,2025-10-16,5,Thuong Trinh Dinh,ap tính tính tiền hết phiên atc nhảy đi nhảy lại. lúc thế này lúc thế kia. chắc có lẽ sang ssi thui
f189b025-4cc4-425c-8cf3-130f8ec59a9a,1,2025-10-14,23,Như Quỳnh Eliza,"CTV làm phiền khách hàng, gọi quá nhiều sđt và nhiều lần."
5aeea0a9-b2fb-443d-8347-8d03597532ed,1,2025-10-14,7,Tô Quang Thắng,6 tháng bắt đổi mật khẩu 1 lần rất là phiền nhé
147f5464-999f-40c4-9bb9-c1f328a0f84d,1,2025-10-08,1,Tuan Mr,"Rất rất tệ hại, pm yêu cầu cập nhật, cập nhật thì ko đc, cứ quoay vòng vòng, nhân viên thì gọi mời vô zoom ck rất nhiều như khủng bố"
2234e62b-0467-484a-8eec-766770fd0bbd,5,2025-10-08,14,Thuy Hoang,"dùng OK, giảm bớt cập nhật thì rất tốt"
74cd9f53-31a1-436e-a3c3-0c30e191e6d2,1,2025-10-08,1,Phong Phạm,kém
16bcaa93-9df8-42f7-9478-0819d014f065,5,2025-10-08,2,Anh Kim,tốt
2b8ed5ac-080e-4d3d-b554-f873412f83ec,5,2025-10-08,0,han pham gia,Không mở được
05f24233-86f8-4dae-b480-b2daa8e0f495,3,2025-10-04,0,Thảo Nguyễn Thị,"nhập mk vs mã pin cũ mà cứ bảo k đúng, chả hiểu nổi"
bab637c6-fb6b-4b93-8921-075a54011802,1,2025-10-04,9,LHP Cracker,"Cứ gọi mời chơi phiền phức quá. Bao giờ cty phá sản t ăn mừng to hơn Tết. Mời chào không khác gì FE, cách vận hành của não ngắn!"
b39acd25-81c6-4ba5-b349-5c46fb692a9c,3,2025-10-02,3,Tam Hồng,Các chức năng trên app hoạt động chưa mượt mà như các app chứng khoán khác.
7de4ff93-e5bd-4ff4-a0f5-8fb5531aeed6,5,2025-09-30,2,nhan hoang,OK
b3e8b3b6-716f-4273-80f2-f0352d5c9c71,1,2025-09-29,0,Quang Vinh TRAN,app như c**
95dd6a3d-da5f-46d2-9212-4095f1a9615a,1,2025-09-29,8,Kiệt Đoàn,đội ngũ phát triển có đọc các comment của khách hàng không vậy ?? không khắc phục lỗi gì hay thấy đủ rồi không cần khách hàng nữa ..
cf311fa6-e9c1-4c7c-b89c-0f643d17b3a7,3,2025-09-24,3,hoang nguyen,Thấy toàn bảo trì
f07fc154-4239-49d7-8807-7c62045ad403,1,2025-09-23,5,Hưng Tạ,Tài khoản đổi mật khẩu 6 tháng 1 lần nhưng cố tình trì hoãn không đổi được. Cố tình để khách hàng không thực hiện giao dịch mua bán gây tổn thất tài sản. Yêu cầu xem xét lại hệ thống và chất lượng dịch vụ.
08051e40-106c-4b3f-8495-17700887d318,1,2025-09-23,2,Quang Vinh Đặng,"nạp tiền cũng rắc rối, chưa thấy app nào nạp tiền hơn app này. kém"
352a56cc-153e-4ec2-929f-1f905293e00f,2,2025-09-22,2,Trung Kiên Đặng,ad xem lại chỉnh cài đặt cho androi. đt của mình sau khi ap cập nhật không hiển thị ô đăng nhập (đt redmi not 12)
831dc6d1-e16d-4fc4-a7a0-7014af652c7b,1,2025-09-22,0,Tú Minh,"lúc muốn vào app để mua khi index giảm n khóa làm đơ app không cho vào để n gom hàng, công ty làm ăn lừa đảo, bố láo"
3ac5bd48-245b-412c-99a7-20718942cf89,1,2025-09-22,1,Công Thành Trương,quy trình nạp tiền rối rắm
3835d04c-e3d4-43f0-be6b-eecf5875f910,1,2025-09-22,4,Nguyen Trong Duc (Jindovn),Lag kinh khủng khiếp. Ai mà đang lỗ dùng app này chắc bỏ luôn luôn.
40a679bb-3472-4d81-bbb9-6e8ecd1c4b4e,3,2025-09-22,1,Bui Hai,"Sáng nay 22/9/2025 có ai ko vào được màn hình đăng nhập ko nhỉ, tuần trước còn dùng bình thường mà nay ko vào đăng nhập được"
a5af7e88-d62a-4730-80ed-02750d843131,1,2025-09-22,0,Tu Phan,tự nhiên app đơ ko đăng nhập được
95157610-5725-4dd8-9b65-39a6f0481831,1,2025-09-16,5,xuan hung le,"không đăng nhập được, IT ngu vl, nhập thông tin có x thì nó tự động xóa những kí tự đã viết trước đấy, phải coppy paste tên tài khoản vào mới đăng nhập được. đuổi việc hết mấy thằng làm app đi"
b3aa670f-028e-41bc-aa63-ecd6a5cedb1f,1,2025-09-14,2,Đình Thắng,"app rác, lừa đảo"
5065dd7c-8d3c-4c5f-afdb-3c8bd482f768,1,2025-09-12,2,King Light,Chỉ có người ngu mà tham mới nạp tiền cho cái thằng làm app rác đào lửa này. Bảo sao kêu bị đào lửa :)))
1ee778e9-bbae-4ffb-b2bd-5724f8163f06,1,2025-09-10,1,Cao Cao99,Nhá máy môi giới làm phiền liên tục.
9a77bd99-1509-42fa-84ee-672c0bf9aefc,1,2025-09-09,3,E899,"Ko biết bọn này mua tt ở đâu mà cứ gọi spam miết chặn số này nó lấy mấy số khác gọi mặc dù mình ko đk mở tk của bọn này bao h. H phải tải app về vote cho tml này 1* rồi xoá app, chứ ko bh dùng sản phẩm của bọn spam KH này được ."
730760b7-e557-4999-a87b-1587bc546ce1,1,2025-09-09,2,minhduc,công ty chứng khoán tệ nhất gọi điện spam kinh khủng
ed0a1cf0-748a-46e6-8299-8f3d1b646431,1,2025-09-08,3,Thịnh Vương,1 tuần 3 4 cuộc gọi làm phiền
67033e0f-958a-474f-b28f-a627c37d12b5,5,2025-09-08,0,Duc Luc,ok
27b73ba2-ccf4-4493-a421-6dd759c9a09d,1,2025-09-07,4,Hữu Huỳnh,"công ty gọi spam từ sáng tới chiều, ngày này qua ngày khác"
f5aabe7a-dcc3-4551-983f-eee9db5d73b4,5,2025-09-06,0,Trưởng Đo quang,okay
c477e551-6b15-487f-b26c-fb8cf68fe868,1,2025-09-06,30,Thơi Nguyễn Đức,Bảo trì ko chuyển tiền được
d9fc6888-38f0-4519-ba1d-0fe44bca4f80,1,2025-09-04,0,Quynh Le,lấy sdt của khách hàng gọi cả ngày lẫn đêm để tham khảo thị trường rất phiền và mất quyền riêng tư của khách hàng
02e81907-b1c9-4a17-bb6a-b9c8c9ba2438,1,2025-09-01,0,Nguyệt Đinh,phí rẻ hơn vn direct nhưng mà bắt quét chip cccd khi đăng ký... có quét được đâu nên đành xoá tải vn direct về đăng ký rồi. bên app ssi cũng ko bắt quét chip như này. tự đẩy khách hàng đi thôi.
d4f3866e-ef6f-4b21-a90b-20defdc9416d,1,2025-08-31,3,Kien Nguyen,yêu cầu NFC ở điện thoại gây khó cho việc mở tài khoản
a45c1bbe-8ce5-4748-a82f-a4b27f354f55,1,2025-08-30,5,Nghi Hoang,quét chíp cccn k dc
0c98b08a-c955-48c2-9885-5563b960a135,1,2025-08-29,1,Quang Ngô,Gọi quảng cáo quá nhiều
ac9e77d9-ae76-4c8d-b64c-4ad28ee22857,1,2025-08-27,2,Đạt Nguyễn,đăng nhập điện thoại khác xác nhận khuôn mặt toàn báo lỗi ngủ vcl
eab9e3af-3d9d-45b0-a17e-30f25ee81ad0,1,2025-08-27,2,le ducthuy,"liên tục bị out ra ko lý do, app thế này thì đánh phái sinh kiểu gì?"
5739922f-8b80-4c6e-9aa2-e91dbf0506ac,4,2025-08-21,0,Bùi Đức Thạch,App bị bug tính năng bảo mật 2 lớp không tắt được.
1cbed74a-9fc1-4ab4-bf3a-2e2f3daae827,1,2025-08-21,2,Hòa Nguyễn,Chụp CCCD rõ nét mà cứ kêu ko hợp lệ. Nẫu
21cb3775-59e6-45d5-849f-135bd4542032,1,2025-08-20,7,05-Xuân Chính,"rất hay đơ đầu phiên. nhất là trên androi ( đt ss cấu hình mạnh, mạng 5g). ko thể xem được thị trường, đề nghị cải thiện"
a9b92194-697a-40ff-93f3-31b1ac5a8f26,3,2025-08-19,3,Cris Nguyễn,"app sử dụng các tác vụ rất chậm . cảm giác đơ , vuốt không mượt mà. mong rằng đội ngũ phát triển app chạy mượt mà trơn tru hơn . trải nghiệm vào app và các tác vụ bị khựng đơ rất khó chịu . ( mặc dù mạng rất khỏe vào các app khác rất mượt mà, máy cũng khỏe)"
2b035339-2f00-4120-b6ba-98a80e35c921,1,2025-08-19,1,Nen Tieu,cập nhật mà chụp rõ lại bị app báo k rõ mất góc app ngu
356156f5-a169-4027-8b72-8468c59c0fda,1,2025-08-18,4,Dương Trần,"không thể chụp ảnh cccd, cứ báo ảnh không rõ nét trong khi ảnh không có vấn đề. kỹ thuật app quá kém"
4b86176c-c8c1-49d3-bd5c-b8ff5d08a241,1,2025-08-18,2,Daimio,"giao diện sáng sủa, dễ nhìn, dễ sử dụng. Nhưng phí giao dịch khá cao 0.2, ssi 0.15"
beb5fd93-40fc-4902-883a-4c580d1bdbf6,4,2025-08-18,15,Long Phi,"sau khi cập nhật ngày 16/8, vào app báo cập nhật sinh trắc học, chụp cccd ảnh đúng rõ nét không che lấp gì vẫn cứ báo ảnh không dúng"
b4149916-57f4-447c-bd01-957ee1cedb2a,1,2025-08-13,1,Trinh Hoang,"Tôi ở Nga, mấy ngày nay lúc thị trường đang sốt thì tôi không vào được tài khoản. IT ycau update app. Làm xong cũng ko vào đc. Chứng cần nhanh mà tôi thì lẹt đẹt. Quá chán!"
3135854d-a574-47e7-928c-2d8921a7ce32,1,2025-08-07,8,Quan Mach,"Kêu update phiên bản nhưng vào CH play lại đang là bản mới nhất. App cố làm màu mè những thứ ko quan trọng. trong khi những vấn đề quan trọng như UI/UX thì quá tệ. màu của các thanh bar mờ tịt, nên để như nguyên bản của trading view"
11599944-f0e5-41f2-ae09-04a998ab0f04,1,2025-08-07,2,Minh Dương,công ty lớn mà suốt ngày gọi điện làm phiền khách hàng suốt. mọi người đăng ký sđt và mở tài khoản giao dịch bên công ty vps này cẩn thận nó gọi điện làm phiền nha. mình chuyển qua giao dịch bên SSI rồi. bên SSI chẳng bao giờ gọi điện làm phiền mình dù chỉ 1 cuộc.
51d71737-338e-4dfe-8a6b-bdcde5d75736,1,2025-08-06,0,Thảo Phạm Phương,"Cái cách quản lý thiết bị rắc rối, tài khoản nếu đăng nhập thiết bị lạ thì xác thực khuân mặt ok rồi. đằng này thiết bị tôi chỉ sét lại điện thoại. đăng nhập lại cũng báo là đăng nhập trên thiết bị lạ. vậy add cho hỏi thiết bị hỏng mất khả năng năng sử dụng thì làm sao đăng nhập. ngu vãi chưởng chẳng khác nào ứng dụng VNeid ngày trước cũng vậy. làm khó người dùng đồng nghĩa mất khách."
65580a36-f386-4fff-9e33-a2e5b9cd208b,1,2025-08-06,4,Khoa Nguyễn,không biết mua data của KH ở đâu nhưng broker gọi quá nhiều. Rất phiền (Mình ko có tiền)
3c65266f-02d7-4788-b62a-ea3cc99b37b3,5,2025-08-04,2,Minh Đức Nguyễn,giao diện tốt
4a45de75-5867-4448-a9d1-2d5217af488e,1,2025-07-30,11,Trần Thanh Tĩnh,"app quá nhiều lần không đăng nhập được, không đặt giá mua bán được, giá hiện khi nhập số lượng mua bán không update realtime. app cực kỳ tệ, đội ngũ IT nên nghỉ việc đi"
4a0bfffe-e77a-4917-bf83-4b115b02bcb8,1,2025-07-30,0,Dũng Lê,ngày lòn nào cũng gọi làm phiền
d134bd77-38a1-4beb-81e5-07467ebde265,5,2025-07-29,0,Giang Trần,tốt
5914b177-5153-421c-9032-1c03354fd4c0,5,2025-07-27,3,Pham hoa Van,tốt nhanh
419699d5-f51e-445c-a6e9-95c3ccebb1c5,1,2025-07-26,0,Anh Vũ Dư,quá nhiều cuộc gọi làm phiền
9989afb5-81eb-417a-9e17-b763dbed478a,1,2025-07-24,8,Ngoc Thao Tran,"Không hề thân thiện với người dùng, tất cả những gì cần theo dõi sát như tình hình danh mục, tài sản, sổ lệnh đều không nằm trên màn hình chính. App thường xuyên lỗi, không đăng nhập được ngoài giờ hành chính và cuối tuần. Giá vốn khác với giá khớp đã đặt mua đối với cp mua lần đầu"
e08a8168-93a2-41b7-8a16-6e639e96d1de,5,2025-07-21,1,Dinh Nguyen,ok
68a30a9e-b66a-4e04-9a75-1b682428b2ea,3,2025-07-20,2,Thinh kk,Thời nào rồi mà vẫn không có giao diện tối
312d7c15-d952-41a4-aab6-99de35e23f0a,5,2025-07-18,2,Quang Kim,good. giờ chơi chứng thật dễ dàng . qua app có thể mua số lượng theo lô lẻ ít nhất 1 cổ
7e51e89d-3019-4128-ba80-fe1ea2b7fd95,1,2025-07-18,0,Hiếu Nguyễn Minh,"Vãi quả giao diện đã chọn BÁN rồi mà khung nhập số lượng lại có thêm nút MUA, làm NĐT dễ ấn nhầm MUA mặc dù trước đó đã chọn BÁN"
3137e041-c4ae-4519-93d4-293658823d2b,1,2025-07-18,6,Hiệp Hoàng,"app lỏ quá. ko có dark mode, rối rắm khó xài và phí cao. thua MBS"
830221f9-244a-480d-aa12-02582f224ee1,5,2025-07-17,2,quoctuan le,Tuyệt vời
83a2a2b0-4200-402b-8a26-9916407615b6,1,2025-07-17,2,3603k Banhbao,giao dịch chậm nạp rút rõ lắm bước sàn nên học hỏi entrade x nhá
28708863-757c-42d3-abad-3ca19202d3e6,3,2025-07-09,5,Đinh Thành,"không có dark mode, bảng giá mục giao dịch ko cập nhật giá khớp tức thì trên sàn, phải vào chi tiết cổ phiếu mới xem được."
ed96f3ac-80b2-408b-872e-4c02f638108f,1,2025-07-09,8,RA Đi .ĐỂ. TRỞ VỀ,được giới thiệu định đăng ký mà thấy mọi người đánh giá mà hoảng ko dám nữa bỏ cả đống tiền vào mà .ap kém vậy thì ko dám
595bb3a9-c851-44eb-a4e6-392dbcd17ce1,5,2025-07-06,4,NgocHoang Trieu,good
19fd95b0-674d-4e9e-b4d6-36c67326b44a,5,2025-07-01,0,Home Dame,ok
36c2e398-5e36-49c5-b6c0-2fdb0076190e,5,2025-06-30,3,Văn Loan VSA,ok
15dfa999-247b-4fc5-96dd-c375943f80da,1,2025-06-25,26,Thịnh Đỗ Hưng,"Quá nhiều chi phí so với ứng dụng chứng khoán khác .Chẳng hiểu sao lại thu phí hệ thống cứ 27,500 đồng một tháng rất là thiệt cho nhà đầu tư .Khuyên mọi người nên dùng ứng dụng chứng khoán khác vì chi phí ở ứn dụng này rất là cao.Thu những khoản rất vô lý !!!!!!"
e1759a37-7c58-4cd9-90a3-73c39a5e8506,5,2025-06-20,17,Hà Lewis,"Smart này đần quá, reset cái đt về mặc định cài lại đòi smart OTP, và không có otp về sms luôn."
b867c3a2-f9f0-4549-8713-d76da828ca0b,5,2025-06-13,11,Bui Ngoc Muoi,"Mình thấy app đầu tư khác có một mục khá nhân văn, đó là họ có một mục để khai thông tin ""người liên hệ thứ 2"" khi có sự cố ngoài ý muốn với chủ tài khoản, thì vẫn có cơ sở để người nhà tiếp tục nhận lại tài sản. Nó như 1 loại bảo hiểm với tài sản của mình khi có sự cố ngoài ý muốn xảy ra. Hy vọng góp ý này dc lắng nghe, và sẽ sớm thấy một mục tương tự trên app của VPS."
d7affd8f-18e6-42a1-9220-adb698669fff,1,2025-06-11,0,MỘC TRƯƠNG,App rất ngu. Giao diện khó sử dụng Cách xắp xếp các chức năng và vị trí hiển thị câc chức năng rất thiếu khoa học và logic Chỉ nhăm vào việc bòn rút tiền khách hàng từ các loại phí dịch vụ Nói chung nên học TCBS
730c096d-293d-4746-9cb0-234201746596,1,2025-06-11,7,Nam Đặng,lỗi không đăng nhập được là sao
8bd0f795-ed42-4286-aad7-3efaabc219c0,1,2025-06-11,10,Nhân,không cho rút tiền dù đã cài đặt hạn mức
765ef456-2451-44ee-804a-40d980b25080,1,2025-06-09,5,Bảo Gia,tạo tài khoảng mãi kh đc
72a72c60-b017-4136-a4fc-fc3fc0da7f36,1,2025-06-07,2,Quang Đặng,cứ cuối tuần là không rút được tiền. bực cả mình
82add9fc-6285-4344-9d1a-a4701a13b356,2,2025-06-06,3,Thảo phạm,cảm thấy hơi bực mình vì app. Quảng cáo xuất hiện miết. đang theo dõi đặt lệnh mà quảng cáo xuất hiện thiệt không hiểu nổi. 😡😡😡
cd9a6847-84b3-4ca5-b237-c377fa55ca77,1,2025-06-01,6,chúc nguyễn,tệ
8339d9c2-7376-40e5-8688-2f65bb41c327,4,2025-06-01,13,mui vu van,cuối tuần ko đăng nhập được. cuối tuần hệ thống ko làm việc thì phải 😅
54001cc3-cbb8-401a-a180-87e588917ec4,3,2025-05-30,4,Văn Nghĩa Nguyễn,"app ngày càng tệ, xác thực otp đúng vẫn báo sai. đổi otp liên tục vào đc rồi lần sau vào lại báo sai. nhập otp cũ vào đc rồi 2s sau cũng báo sai. cùi bắp"
1a0ad310-f0e4-4a10-be64-6c73222a0a7c,1,2025-05-30,0,An Ngựa,đc
0e82cbf9-1cbd-4cf1-ad33-a3999d819371,1,2025-05-23,3,dinhcuvieclam,ko xác thực được toàn báo đang bận
cbed3c95-e8ce-446f-ba1c-6ec1be27602b,1,2025-05-23,0,giangcj,Xác thực KYC online về cơ bản không hoạt động
b8c8bdef-70cf-4834-a279-6e4c09173953,1,2025-05-22,2,My Hoàng,ko giao dịch đặt lệch được đơ lác. ko biết có rút tiền được ko.sợ lừa đảo
83fad6ba-0bfb-4f88-a923-f064609739c8,1,2025-05-21,22,Dư Bình Nguyễn,"App lờ, bắt buộc khách hàng cập nhật 1 tháng 1 lần. Nạp tiền vào thì dễ, rút ra cực kỳ khó, nó hành cho ra bả. Anh em tránh xa công ty này"
39cfb346-14a6-478d-b471-6e42689178d5,4,2025-05-21,5,Hoàng Thành,yêu cầu có cái giao diện Dark Mode
78ea1ba7-00d4-4d2c-a655-fe233d48e62d,1,2025-05-20,7,NaNgo,"Xác thực eKYC quá khó khăn. Trong khi tạo tài khoản vps chụp căn cước rồi , tải app kyc lại bắt chụp choẹt nữa mãi không xác thực được."
7d64462a-af8d-42a0-87a9-3c9189d028eb,2,2025-05-20,4,Ky Tran,Liên quan đến tiền của khách hàng mà app làm rất không tốt. Thông tin data hiện thị thập chí không có. Biến động thị trường mỗi ngày đều có nhưng không hề có data đối chiếu
5c49a16e-2426-433a-902c-57fa06397de3,1,2025-05-20,11,Khắc Thưởng Lê,TÔI không biết công ty ck & các doanh nghiệp đội lái có cấu kết với nhau hay không tôi vào TTCK từ năm 2000 cho tới giờ là 5 năm và tôi tìm hiểu hơn 100 người trong đó có anh em ruột thịt bạn bè và người thân họ đều mất hết tan gia bại sản trong đó người mất ít nhất hơn 1 tỷ người mất nhiều cả chục tỷ chính tôi là người đã bán đi 2 căn nhà và nhiều tài sản để đầu tư và giờ cũng trắng tay và mang theo khoản nợ hơn 2 tỷ nữa giờ nói tới ck là mọi người đều nghĩ tới hai từ (lừa bịp)chứ đầu tư gì .
7e20e922-87c9-4bd3-9bbd-928ff9a8db9b,5,2025-05-19,2,Do Hong Kha,good
e0b53b45-9905-41ad-a153-e850c629cfa9,1,2025-05-18,0,Cacto Thanh,như cc đăng ký ko được
c9cd3338-5516-4649-807a-af5e8725b012,3,2025-05-15,1,tu thanh,hệ thống có lúc lỗi không đặt lệnh chờ được
4b7ed315-6d21-403f-81a4-90fe4d27eca6,5,2025-05-15,2,Yến Vũ,ok
06ebb3d6-eaf2-4131-9978-0348cc77a539,5,2025-05-15,0,Lay Lam,rất tốt
41764b51-c014-44d7-8af5-78588250518b,5,2025-05-15,2,Long Lê Quang,Tuyệt
18bbd8e5-89ea-4d34-9948-6b5e49a5b242,1,2025-05-15,5,Hoàng Nguyễn Văn,phí quá cao so với số tiền. thôi tạm biệt sau 4 năm
dffea6fb-d248-4820-b9c1-bcf4df593faf,5,2025-05-15,5,THY NGUYỄN HOÀNG,Không tốt lắm
4685b31c-ee99-487a-9a94-64016b5ec992,1,2025-05-13,4,Trang Nguyễn,"ko thể xác thực cccd, thử 2 chục lần r đều báo ko đủ xác thực. ngay từ đầu lập acc đã bị báo trùng cccd, phải mail để mở tk r, xong còn ko xác thực đc, độc được cái đông broker thôi, còn lại ko đc cái điểm nào"
c20969e2-2bf3-4772-830d-aca982dc71a0,1,2025-05-13,3,games nghiện,nạp tiền rất khó . tổng đài hỗ trợ không thân thiện
14a05b27-4da9-4979-a74f-255c2ce6b52d,1,2025-05-13,6,Toàn nhay Trieu,vps trừ tiền vô tội vạ
62ffde56-ced1-4c8f-a1e5-7004bd5ef6f8,1,2025-05-13,9,NINH HOANG,App vps đợt này lỗi liên tục. Toàn bị treo ko giao dịch được. Đến ngày hôm sau mới tự động thoát treo. Xong rồi cứ lặp đi lặp lại. Nhất là khi vào app xong để đấy đọc báo hay làm gì khác. Một lúc vào app đang mở thì bị treo.
8fcdd593-450c-49be-9a19-848fdc86c666,1,2025-05-13,3,Thanh Tran,"phiên bản mới cập nhật kém hơn trước. trước đây theo dõi các mã trên danh mục tìm kiếm đơn giản, xêpa theo hàng dọc, thể hiện màu sắc luôn có khi không phải mở ra. trước đây có thể vào phần thị trường có thể theo dõi xem tất cả các nghành cả mã để có thể lựa chọn đầu tư dễ dàng. nhưng bây giờ khó có thể tlxem đc tất cả các mã hay so sánh đc. quá chán muốn chuyển áp khác. cho 1 sao vậy."
956629af-afc0-463b-85c4-61537380444d,1,2025-05-12,3,Nguyễn Thảo (Lập trình VB),"App quá lõm, chứng thực khuôn mặt mấy cũng ko thành công"
ac01a072-b2d0-4c16-a8a1-14a648f789b9,5,2025-05-12,3,MINH Nguyên,ok
6e535457-f5ab-4629-824c-08220a14745a,1,2025-05-11,3,Nam Huy,tôi đăng nhập mấy lần nhưng điều thất bại?
8fa5acbd-f34f-49fb-b0d5-e1d2a038f62b,1,2025-05-11,0,Bill Le,"app chứng khoán nhìn chẳng khoa học gì cả, không thống kê được tổng lãi lỗ. Bỏ VPS vì cái app :v"
588bb315-df90-4a10-be98-12d589c38753,1,2025-05-10,5,Tuấn Vỹ Trương,chán
a358ecdc-ed33-45a7-84ac-fec1087bf12e,1,2025-05-09,5,duong kiet,"đổi qua app khác mà xài,smart otp ngu bỏ mịa"
b7ad122e-e608-4936-9a22-323a36ebac52,2,2025-05-07,1,cam van le thi,"ứng dụng rất chán, tần suất cập nhập quá nhiều"
b68a966d-2751-4f94-b6e8-3d3bb1c7ef76,1,2025-05-06,33,Minh Nghia Nguyen,"app này thanh công cụ xem thị trường ở cuối màn hình chỉ thấy khi mới mở app. Nếu vào cổ phiếu thao tác rồi ra xem là ko còn nữa, ko tìm thấy ở đâu luôn."
1135a1ea-ebd1-4529-9476-c7c40933fa7b,1,2025-05-05,4,Sai Thi Thu Huong,"Trung bình chưa tới 1 tháng bắt cập nhật, không cập nhật không cho đăng nhập, quá mệt mỏi"
74f4cf6a-5eeb-4cc5-8446-085fa49f03cf,5,2025-05-05,0,Liên Đặng Thị,binh thương
cec8e4e6-175f-42e0-bc03-d6ec37e70725,1,2025-05-05,1,Minh An Huỳnh,"cứ mỗi lần cập nhật là app bị lỗi, không đăng nhập được. ""không lấy được thông tin tài khoản"""
37e2f9fa-6e5a-4e0f-9e84-8fe1a071b2c4,1,2025-05-05,4,Anh Đào,"đổi giao diện quá khó sử dụng, thất vọng với 1 công ty lớn như này"
8e71ce13-be2a-4c42-87b6-24801d71800f,5,2025-05-05,4,Hiền Đỗ,cũng được theo ý mình
35827c21-a169-40b0-8931-ba61b3dd4b67,5,2025-05-05,2,THE GIOI HOANG DA,OK
f1a0c045-ce11-4be8-9088-c85283ae5d19,1,2025-05-04,4,NCT Music,sao hiện tại ko đăng nhập được. báo lỗi ko tìm thấy máy chủ hoặc kiểm tra kết nối mạng vậy
247523b3-39fc-4db9-a10d-1a1a26f04bb4,1,2025-05-04,10,thanhduong vu,"Ứng dụng rối mắt, ko hiểu thằng nào thiết kế đc,"
6a073230-2a21-4d31-9f17-3819ab8ee253,1,2025-05-03,6,Nt Hieu,quá tệ về trải nghiệm. không bao giờ quay lại sử dụng VPS.
9763b9c1-b511-4f6a-ba73-6e8a82d0a440,5,2025-05-02,0,Nguyễn Huy Khánh,ok
6b68a26f-0262-4e7c-b74b-7f644368192e,1,2025-04-28,8,Thành Nguyễn Xuân,"thỉnh thoảng bắt sử dụng smart otp nhg khi làm theo hướng dẫn thì ko có mã otp trả về, rất khó chịu"
3cab87f5-9e4e-494b-8666-beb257bfe878,5,2025-04-26,9,Tấn An Dương,"sao cứ lâu lâu lại bị đứng vậy, kiểm tra cật nhật lại ứng dụng giúp với"
66677acd-3aed-48d0-afaf-20655b66015b,1,2025-04-25,13,công đô,"Ứng dụng lừa đảo, nạp tiền vào rồi không cho xác thực để giao dịch , gọi tổng đài thì không được"
1395a704-babc-4e8c-a253-4b08ef5f7e79,1,2025-04-23,3,Ban Goc,Tệ
87e6dd72-789e-4ee6-b4b5-7553fb3bd857,1,2025-04-22,7,Ngọc Ngân,nộp tiền rất nhanh rút tiền rất rườm rà . không xác thực được tài khoản không rút được tiền và sẽ có các bước khác là đi công chứng giấy tờ ở phường cơ quan rất rườm rà khả năng là không rút được tiền
9437ccaf-6a32-4e3c-8730-d745aa96c82a,1,2025-04-21,4,ko bit cha hieu,"thằng nào phát triển ứng dụng này ngu vãi, giao diện rối rắm khó nhìn, rất là tối"
85821c0c-4365-4b22-856d-5c1bd0262449,1,2025-04-18,4,Dương Nguyễn,"áp lỗi tệ không nâng cấp , chậm gd"
04898b36-b352-4d07-9e60-38055310120d,1,2025-04-17,4,Nguyễn Tân,app tệ lắm. ko nạp tiền vào tài khoản được
47ba90be-0211-4086-96f3-b826d77ceb1c,1,2025-04-17,3,Thao Linh Le,"app quá tệ, bước xác thực khuôn mặt làm 10 lần ko dc"
ddc8711f-a0b5-4e77-9cd8-acc34176ea1b,4,2025-04-16,0,Danh Nguyễn,tot
5c4f35b7-1b9f-4524-9286-eb928672cf36,1,2025-04-14,5,Son Do,lướt cố phiếu 10 lần thì đơ không vuốt được đến 8-9 lần là phần mềm kiểu gì vậy. cài máy nào cũng bị là lỗi do phần mềm rồi chán ứng dụng.
09483832-e5e6-41ee-bf53-7e475af50cd6,1,2025-04-11,0,Tuấn Hồ,"app bik hak hả sao vào mãi ko dc, tt sôi động tí là app đơ rõ chán, qua ssi xài cho rồi"
747d34c3-4663-406e-a696-65b2eb0ada30,1,2025-04-11,0,pro Hai,đăng nhập lại sau 1 thời gian thiết bị cũ đã không sử dụng. giờ bắt đăng nhập lại cấp quyền cho thiết bị mới. viết app ngáo à
8b04c741-dfd0-441f-adc9-ff3881b757dc,1,2025-04-10,4,ninh vũ,lỗi tùm lum tao đến ạ
05df7432-4461-4b15-82ae-f109a3e0c9e3,1,2025-04-10,3,Phuong Tran,Thêm cổ phiếu vào bookmark bị treo trên Samsung Galaxy S22. Nhờ đội ngũ phần mềm sửa giúp mình!
dd926cb9-032d-4c5b-936d-8ec75e9ad705,1,2025-04-10,0,Thoan Ha,Ai có ý định dùng thì bỏ đi nhé thường xuyên lỗi k giao dịch được k chuyển tiền được và đợi xử lý thì đến mùa quýt
f23e4c25-0714-4308-8efa-d596b6b48fad,1,2025-04-09,2,T Mr.,"app lỗi tùm lum, bấm lưu mã cp vào danh mục yêu thích thì đơ luôn"
ec29aa2f-a1dc-45b9-b258-613630907d08,1,2025-04-08,4,Trần Quốc Khánh,mn ko nên tải về rất nguy hiểm
96455cd1-0c70-4fbe-9e3f-f42ecb9ae7e5,1,2025-03-29,5,ran ga,"sao đến cái giờ giao dịch thì app ko vào đc vz,giao dịch xong cx ko cập nhập"
525763d2-b00f-411e-800b-6122c4f3523c,5,2025-03-24,0,nam nguyen,rất tốt
bfa9346d-c1a7-493c-80b4-1a766e792d4f,1,2025-03-20,7,Duy Nguyen,"giao diênk giao dịch phái sinh tệ quá, lãi lỗ k tự cập nhật, phải tải lại liên tục, hủy lệnh hay sửa lệnh cực kỳ chậm"
59fa97a3-fc06-4d39-abcb-5db40a1ee08e,1,2025-03-16,5,Bảo Bảo,Môi giới vps toàn là 1 lũ vô dụng
e1190c35-c180-434f-a4b6-0a2762e405df,5,2025-03-15,0,Nhé HP,good
bf7f31eb-7e8a-478e-827b-920c59b28044,1,2025-03-15,3,Đỉnh Bùi,"Xác thực ekyc lần thứ 5 ko thành thì phải nói rác app rồi, nạp vô được nhanh gọn nhưng rút tiền ra thì rườm ra. Tẩy chay sớm"
2fb4cb79-5860-460f-b402-c72e05a17b21,1,2025-03-15,0,Minh đoàn,Đăng nhập có cái nó điện hoài lùn bực mình đừng dại mn ơi
7f10f8bc-5dfb-4cd6-9f79-feec92893165,1,2025-03-13,0,Ketsu Go,"Ứng dụng chứng khoán ngu xuẩn, đổi máy dùng mà cứ báo sai mã OTP , đổi mã pin thành công rồi mã cứ báo sai mã pin otp, bảo mật ko thấy , thấy phiền phức vãi luôn ,"
d51424af-0a99-4cae-bc72-5ed48a40c38f,1,2025-03-12,6,Kien Nong,App lỗi tùm lum....
1d406cce-600c-4502-9198-bdadad8989e4,5,2025-03-12,1,Huấn Đàm,Thông tin hơi chậm so với thị trường mở cửa ATO
c1fd91fc-acb3-4e38-b0d9-8947d7ac4922,5,2025-03-11,0,Bảnh Kiều vlog,Ok hài lòng
a9ff80a0-374c-405c-a98c-92726aac0b7f,1,2025-03-03,4,Tiến Lợi,Phần đăng kí smart otp app rất tệ nhập mã gửi về mà cứ để sai
f2e9a7b3-c9c9-4327-a94b-e3c85fa706fe,1,2025-03-03,4,vuong dang,"Lén lén trừ sạch tiền người dùng app, thị trường đểu còn gặp con app đểu nữa dẹp luôn đi"
741d1911-578e-44e2-8bd2-912fc77ddcd3,1,2025-03-01,11,pham thanh phuong,"Mình lỡ nạp tiền vào app khi chưa xác thực ekyc. Giờ app bắt xác thực, mà điện thoại mình không có nfc, mình đang ở nước ngoài không ra văn phòng xác thực được, mượn điện thoại người quen để làm thì app báo đang nâng cấp. Dịch vụ quá tệ. Khuyên mọi người không nên cài."
ab4481f7-8f50-4c54-8445-a953c0138847,2,2025-02-28,4,Quân Nguyễn,"Cập nhật lãi/lỗ cuối phiên rất chậm, kết phiên sau 15h45 một giá, sau 18h xem lại thì đổi sang giá khác😡"
c2ab7755-5293-4b34-b740-d8fcfb8d1c0d,1,2025-02-28,3,lam vu,Không xác thực được eKYC
495ec83c-d03f-4337-910e-e91a4d0292c7,1,2025-02-26,4,Sơn Ngọc,Cập nhật xong là không vào được app. Bị văng ra ngoài không thể đăng nhập.
8239fec3-6e2e-440e-82a1-6866af0cea7a,5,2025-02-26,0,út chuyên cần,Qua ngon
646fe153-b475-491f-95a3-4b06aa72d961,2,2025-02-26,5,Thảo KKR,"Cần thông tin nhiều hơn trên app để tiện theo dõi việc giảm trong phiên. Cổ phiếu đang xanh, nhưng giá trị món đó vẫn lỗ nên hiển thị nó đỏ. Người dùng không theo dõi được trạng thái toàn bộ, muốn xem mã nào tăng giảm lại phải xem xem thông tin mã mới biết nó xanh hay đỏ Ngoài ra app cập nhật giá từng cổ rất chậm, kiểu không cập nhật luôn ấy. Giá trong xem thông tin khác với giá tại bảng tổng hợp. Update quá chậm gây ảnh hưởng đến quyết định của nhà đầu tư. Đề nghị gửi đến team kỹ thuật check."
07ed37cc-3150-4ccc-a500-24dedb221a48,5,2025-02-26,0,Phi Trịnh,Đánh giá 5sao để ủng hộ app App thì rất uy tín oke đợt này cập nhật lên gd bị chậm không đc nhanh như trước phát 1 vào lệnh ... mong app sửa lỗi
76671680-717e-4b88-b2d2-3bbc98cf602c,3,2025-02-25,1,Quốc Khánh Hồ,"Sao k thấy chỗ chỉnh lại ngôn ngữ tiếng Việt z, tự nhiên toàn tiếng anh"
e31dffb3-5572-4af2-862f-52ba3f91abd0,1,2025-02-25,4,Hao Nguyễn,Tệ. Thường xuyên lỗi không mở được ứng dụng
e4354e75-fae1-4728-8960-c7f89e36fce4,2,2025-02-24,5,thuy nguyen huu,"Giao diện rối rắm, khó dùng. Càng cải tiến càng tệ"
606bc077-4060-4bf6-92a9-a6b14cf98501,1,2025-02-24,5,Hoe Le Xuan,"Update xong lỗi vào app toàn out ra, ứng dụng buộc dừng. Chán hẳn"
8e7ea247-b081-4b11-8d03-ad358cdbff73,3,2025-02-24,2,Ngoc NguyenPhi,Vừa cập nhật xong không vào được app nữa.
42addf47-44c0-40c6-9b5b-29ff0b0b2697,1,2025-02-24,3,Hey I'm Yujin owo,Dùng oppo findx8 quét cccd app nào cũng được tới app này lỗi không quét nổi
0ab561c0-6b77-44ab-a57d-17730d06e327,1,2025-02-24,5,Đại Thắng Trần,Update xong thì VPS bị crash. Không mở ứng dụng VPS lên được luôn.
be672142-67ab-4d3b-a0a0-b7b61c0901db,1,2025-02-24,0,Duy Hoàng Như,Ứng dụng lỗi. Nạp tiền vào không rút được. Xác thực thì văng app. Dịch vụ kém. Không giải quyết cho khách hàng. Phiền phức.
62066c29-3c1d-4268-92fe-9b9db74c37a3,1,2025-02-19,4,Kha Trần,Quá chậm
e390a439-6efe-45d4-8ffe-144bb2718955,2,2025-02-18,3,CaoLuong,"Fix lỗi khi đổi mật khẩu Smart One đi ạ. Đt nhận OPT nhưng nhập xong trên App, UI ko hiện bất cứ nút gì để thực hiện thao tác tiếp theo"
384681dc-d76b-4ce5-843b-6590bf87363f,5,2025-02-17,1,Chấn Phúc Châu,"Tot , giao diện đơn giản dễ sử dụng"
9cae4a8c-75e3-4b7e-aae9-796eaaf1c4cc,1,2025-02-16,16,Minh Nhat,Không xác thực được cccd. Công nghệ 5.0 đến nơi mà k có quét NFC của CCCD
da5d8e30-e2e3-4038-a8fd-9801435c7004,1,2025-02-14,12,Harry Nguyen,Đuối hết mấy thằng dev app hộ. Chức năng xác thực chụp hình làm mãi ₫ éo xong
7bb4a48f-79d4-4133-beea-9f548794ed8a,1,2025-02-14,0,Huy Nguyễn Công,Tôi chưa bao giờ đánh giá 1 sao cho bất kì cái app nào. Nhưng giờ gặp cái app này phải phá lệ 1 lần. Giao diện mới cực khó xài. Giờ bán xong k biết lời lỗ như thế nào luôn :)
8cc87f79-f7aa-4deb-8a14-5e87145fb38f,5,2025-02-13,4,Mạnh Tiger TV,Tốt hơn rồi
700f74bb-fc46-4bc4-aa6e-292b4d6b184c,1,2025-02-13,8,Ngọc Nguyễn,Cccd có chip mà cứ thông báo(cần sử dụng cccd có chip)cập nhật mãi không được.
7e825987-c85e-4acf-b1bf-0df8510177f6,2,2025-02-10,5,Thanh Vân Nguyễn,"Ứng dụng hay gặp lỗi đơ khi giao dịch, buộc phải đăng nhập lại, rất mất thời gian"
00f383b5-0271-4bea-84b2-344ca972b6ae,2,2025-02-06,6,Nguyen Dac Cuong,"App lag, chậm. Giao diện khó dùng"
156a87fe-aac8-49b0-9a89-8ceeb3551772,1,2025-02-06,0,Quang Le,Không cập nhập được cccd gắn chip
99a34c20-7e65-4476-93fe-3d9e7db9a6dd,1,2025-02-02,13,An Nguyen,Không nhận diện được CCCD gắn chip nữa thì quá ngu
3ea4c677-a93b-40a8-b37b-057c0be122b1,1,2025-01-26,0,Tùng Lương,Nạp tiền từ sáng tới chiều không nhảy số không phải không có tiền mà thử Nạp 10000 xem thế nào tk trừ rồi mà áp vẫn là không thế này thì ai mà dám tin Nạp số tiền lớn mà chơi .
14bbb573-3dbd-4195-afc8-7c8c7eb9fbb2,1,2025-01-21,0,Lyn Na,"Update phiên bản khó nhìn, khó dùng, gây ức chế! Ko đáng cả 1 sao Vào dùng mà tức ko chịu được, phải vào đánh giá"
2c185eb6-9c0e-4dd8-9d04-575c7d062a5b,1,2025-01-17,1,Hoài Hạnh Hoàng,"Cập nhật lùi so vs bản củ. Quay lại giao diện cũ dùm, ai đang xem xét dùng app này thì mình khuyên k nên, dùng nhà khác đi"
6a9aaebe-d45b-468a-917a-c80c73eae05a,5,2025-01-17,4,Doan Cam,tot
58754832-6b21-462a-bfa9-e13e0f7877d7,1,2025-01-10,0,NGPD Colab (1),"Quét gương mặt rất đần, VPS sắp tới không có thêm khách thì nên tuyển đội IT mới."
6bcab6bd-43b0-448f-9d40-b24435efae47,1,2025-01-09,18,Fung Hikari,"cập nhật xong có cái chức năng tự động xoay ngu bà cố, có phải bảng điện đâu mà cứ xoay ngang làm cái qq chi ko biết,chỗ xem thị trường với cổ phiếu lại tách riêng ra, lúc quay lại chỗ cổ phiếu thì nút nhấn cổ phiếu lì nhấn nhiều lần mới ăn,phần trang danh mục thì ko chịu để cố định, cứ kéo lên xuống bực hết cả mình"
e41189b0-83b3-46a4-8aea-7d5e0c669980,1,2025-01-07,17,Hieu Nguyen Duy,"App không cho cập nhật CCCD thì giao dịch kiểu gì, web thì không cho vào cập nhật."
f0a6d897-cb68-49eb-9a8e-f1dd54e84311,2,2025-01-05,5,Văn Dũng Nguyễn,Thấy đổi các trang không có sự sáng tạo bài cũ còn ý ngĩa hơn
04a9591b-1d64-4d36-ab5d-057bed84540d,3,2025-01-03,6,Cam Hoangduy,"Bản cập nhật này ,k thể hiện % lãi lỗ tổng danh mục.chỉ thể hiện số tiền ,nên cập nhật lại như bản cũ"
b51ac879-e472-466f-989d-8a44a9f49496,1,2024-12-31,0,Yêu Ghét,App ngu nhất trong các cty chứng khoán tại Việt Nam
fbc34a2c-e1c8-4ff9-87a6-a504cbf54567,5,2024-12-27,0,Long Nguyễn Duy,Tốt
e7df394f-2e62-4c29-9229-133dcaa4e356,1,2024-12-27,2,Saigon Havinaco,Rối cả mắt. Cố gắng nhồi nhét linh tinh vào
261c32c6-21b4-401a-a444-498d28cb1040,1,2024-12-27,13,Bi Style,Từ lúc đổi giao diện mới mua bán 2 nút mua và bán 2 bên thì liên tục bấm nhầm lệnh bán thành lệnh mua. Đề nghị bán là bán mua là mua. Không để 2 nút như vậy.
3c3d3ee3-fd75-4db6-9d50-ad30fb34a93b,5,2024-12-27,0,Cd Ab,Rat tot
926692a2-61cd-42ea-acdd-b6ed416f9791,1,2024-12-27,11,THANH LUUCHI,"Cập nhật mới này khó Sài hơn bản cũ, phần nhập số liệu mua bán bị che mất phần phía trên vậy mà sau 2-3 tuần vẫn không thấy sửa lại, tệ"
e06f8674-aa63-454d-b962-62a89dde8a20,1,2024-12-25,11,tatThang Doan,"Chán như con gián !.. học tập app của SSI nhé. chậm, nhất là cửa lệnh. Ngoài ra cần: khi sửa lệnh mua bán cần thêm vài dòng miêu tả bước giá: kl, giá... đang diễn ra để kịp thời điều chỉnh"
5e64889f-a400-4740-8073-afbbd03b8f21,5,2024-12-25,1,Gia Pro,Hài lòng
33e231d7-320d-4e2f-93f3-364b8009f6b4,1,2024-12-20,4,Yen tran quoc yen,Cập nhật bị lỗi bấm vào nút mua hoặc bán là bị out ra
c3a2f3c7-f592-4bbe-b3c7-ad319c579b68,1,2024-12-20,0,Truyen Dam,Không thể đặt lệnh mua bán.khi vào đặt lệnh thì bị thoát ứng dụng và phải đăng nhập lại. Lúc trc vẫn dùng bình thường
c6957d8e-b0a1-4d7f-a734-7644a5ae9899,2,2024-12-20,4,Ngo Dinh Tuyen,"Càng cập nhật càng thấy giao diện phức tạp, khó nhìn. Nên đơn giản hóa."
c64cb582-6a00-4985-b3c5-50d2ca168042,1,2024-12-20,11,Kủa Anh,Ap như đầu boài. Mỗi lần thay đổi là các danh mục thay đổi chỗ loạn xạ. Mỗi lần phải làm quen lại từ đầu. Mẹ óc lợn nghĩ ra thay đổi này
c681e528-c974-4056-ba50-9ce352c4fd61,1,2024-12-19,9,Hà Lê Thị Phương,"App thay đổi liên tục, càng đổi giao diện càng khó cho người dùng. Khi người dùng nhập số liệu vào app thì bị che mất 1 phần số nên không biết được mình nhập đúng không. Trong các lần thay đổi giao diện thì lần này thật tệ."
29068b3f-bc2d-407e-95d7-9ccb4c2a6025,1,2024-12-19,4,Kim Trinh,"App gì mà cứ báo lỗi máy chủ, kiểm tra kết nỗi mạng. Trong khi vẫn chạy youtube, và các ứng dụng khác bình thường .....????"
2769dc42-45e9-4751-9a4e-3d9ed5fa30b3,1,2024-12-19,0,As As,"Cập nhập ngu vãi, cập nhập xong không xác minh CCCD được."
529d60cf-5c2a-4e94-aaa1-2c1ee23a1d53,1,2024-12-19,0,Anh Thế,Từ ngày cập nhật phiên bản mới ấn vào mua cp thì toàn bị out ra ngoài màn hình
2d23f8b7-9047-41ec-83c7-e4ca21ad7f52,1,2024-12-19,6,Huy Trác,"Thay đổi giao diện làm tôi trưởng app rác nên đã xoá, sợ app độc hại . Nguy hiểm. Ai đó cho tôi biết đây có phái app thật ko"
66150042-bf2d-41b1-94b8-b9cc1dc89b3c,4,2024-12-16,1,Ha Hoang,"Hình như ứng dụng bị nhiễm trojan, nó cứ tự tạo tệp trong máy tui. Cập nhật nhiều nặng máy quá"
9c321291-a1da-4b03-ac3f-d765fc6f322d,5,2024-12-16,0,Dung Tranhuy,Rất hài lòng
5c682029-4697-4b7b-a6f6-2eb8c58fccf8,1,2024-12-16,1,Bang Le,"đã thu 27500 mỗi tháng còn gài bảo hiểm 5000 mỗi tháng, hỗ trợ tệ, không nên dùng"
b45d9b0f-daad-4f29-a001-0e1a6504e67f,1,2024-12-16,5,Mạnh Toàn,Cập nhật phiên bản mới xong không đăng nhập được ngày 16/12/2024 đúng lúc cần đặt lệnh @@
46689a1d-ff03-452d-98ba-42c2963a2966,3,2024-12-16,1,Nguyễn Thị Chinh,Cập nhật hoài
48da3ba0-3412-4232-a93e-b31d44159f02,1,2024-12-16,12,SuSu KTV,"Cập nhật gì mà khó nhìn, gây rối mắt, loạn mắt cho chủ tk. Đây cũng là 1 chiêu thức có chủ đích của vps."
ecf3f5a5-a04f-4191-a55d-24003c30ab08,5,2024-12-16,0,Nhật Hàn Búa Đá,Ok
d34b9390-455b-4c34-81c1-2a512864ff69,2,2024-12-16,2,IlySoul Gemini,Màu thì đc nhưng lỗi ps ko nhảy giá theo thì thua rồi
86ca9576-e490-4303-b011-db6a95728b68,5,2024-12-16,5,oanh vu,"Tôi dùng thấy rất tuyệt vời, dễ sử dụng, chữ to rõ ràng, tích hợp các chức năng tiện lợi, đầy đủ ko phải đóng mục này mở mục khác khi xem như phiên bản trước, xứng đáng 5 sao"
b3b92333-5cb1-40cc-8914-631e2fc95617,5,2024-12-16,0,Stephen Trí,Ngon lành
c9338648-8625-4810-9aa9-f692a609da22,4,2024-12-16,16,T S,"Giao diện đẹp, thuận tiện hơn."
d61043c5-2aa6-4720-aab0-adcecac909b7,1,2024-12-16,8,Nguyễn văn Vũ,App trước đã đần rồi. Cập nhật giao diện mới còn đần hơn.
a3db7f9c-e548-4adb-b2c7-7ceaf80ded2d,1,2024-12-16,7,tran tho,"Vãi l, sau khi update từ màu đỏ sang tím ạ :))) không hiểu đã khảo sát người dùng chưa ? Đúng chói mắt luôn 👁, chưa kể thông tin khối ngoại ngay trong phiên mua / bán không thấy update Chart cũng xấu hơn , tiến hóa lùi à ? Pokemon nó còn tiến hóa lên cơ mà ? Ai update app này mà bên Directors chưa tống cổ đi à ?"
fb4f5ef2-61aa-4dc7-b144-3d9dd175b100,1,2024-12-16,1,Hải Ngô văn,Cái phần mềm gì càng câoj nhật càng khó nhìn. Để nguyên giao diện cũ k đc sao. Người ta đầu tư chứ phải chơi game đâu mà cứ đổi sợ nhạt à
0ee71a4c-09a2-4241-88c6-c991fe85028e,1,2024-12-16,8,Khac Huy Nguyen,cập nhật mới còn tệ hơn bản cũ về giao diện cũng update tình hình thị trường phái sinh... rất thất vọng
dc558d2f-3850-4f94-87f0-2dae437a0c8c,1,2024-12-15,4,Hoàng WB,Văng app?
0f55a6b5-9e9b-4075-9504-5c4484c09575,1,2024-12-15,6,Long Lê Thị,Đăng kí xong không đăng nhập được
c0159f56-9edc-4155-a774-352003d1a6d5,1,2024-12-15,9,The Duc Phan,Phần đặt lệnh mua bán hiện thị không đầy đủ. Rất tồi.
8b9b0ca8-8cd2-4817-b08c-3fb5cf0532a1,5,2024-12-15,1,Farm Thịnh,"Bản cập nhật này rất tuyệt, màu phong thủy, giao diện dễ sử dụng, rất tiện lợi!"
9cb1c829-dfd3-4a86-b383-701b0ff820b1,5,2024-12-14,0,May Mr,Oki
f0fba6fd-8063-4586-aeaa-f4634865343f,5,2024-12-14,0,nam le,Tốt
35da84b1-de73-44b0-be08-b89b54c418fa,1,2024-12-13,0,Quang Sáng Nguyễn,Lừa đảo khóa tài khoản 13 tỷ vô lý trả tiền lại cho tao lên đến trụ sở chặn đuổi về t cho bọn m lên truyền thông lũ sv bọn m
cf41c6ca-02e0-43e1-a0ab-0fa79e2c95ec,1,2024-12-13,1,huynh hoang,Xác thực toàn bi văng app ra
d77201ed-cbae-4dbe-ad6f-36f07391b9a6,1,2024-12-10,8,Học Nguyễn Thái,Tự đăng xuất. Chán
fa37aab2-9e69-4027-918e-074f239f20eb,1,2024-12-09,8,Vinh Cấn Quốc,"Đăng ký xong , không đăng nhập được"
0cc01732-3fcb-4b0e-9cf9-c7398cb97a19,1,2024-12-08,22,Jiin Han,sửa ngay còn kịp k thì chuyển toàn bộ cổ phiếu 2 tỷ sang ssi. bắt xác thực nhưng k sửa phần mềm cho khách để chụp xác nhận cccd
a88afbb2-1880-49d5-bbb8-244209b0675d,1,2024-12-08,0,Tuân Lê,Đang dùng bị buộc đóng ứng dụng
a030756b-f421-461d-a14c-41d568e41c1e,2,2024-12-07,7,Ngoc Thinh,App chứng khoán mà không trực quan lắm. Nên học hỏi app ssi cho dễ sử dụng
f635a6a4-6d72-47b6-b551-1394ce7c82f6,1,2024-12-06,1,Phạm Đạt,lag lắm. mạng khỏe cx lag
b6c60787-8daa-429d-86a2-2a0271ea066a,1,2024-12-06,7,Tuấn Nhật Dương,Toàn lỗi văng app
97d45380-832e-4a4a-9721-51ff5a5d1386,1,2024-12-05,9,hạnh nguyễn,Lỗi tùm lum không cập nhật khuôn mặt được
49297964-f085-41c3-8731-87c907113e80,5,2024-12-05,1,Ben Dragon,Ok
875beda6-7e80-4c87-8db3-7a8fc879526e,1,2024-12-03,5,Điệp Bạch,Đăng ký tài khoản được 1 ngày rồi vẫn chưa xác thực xong
63115b50-0a8b-4ea8-b077-02e3b8c41bbf,1,2024-12-02,15,Yến Oanh,"App tệ, xác thực khuôn mặt lấy otp báo lỗi, ko bên trái, phải thì chính diện rồi ko cùng 1 người, mãi ko đăng nhập đc"
01a0c2a5-edcd-4009-a468-e3c6c9d4bb72,5,2024-11-29,0,Hầu Trần Thanh,Very Good.🎇🎆💥✍️💥
86648f28-987e-4579-b634-7b58e5a878f9,1,2024-11-29,5,Như Quỳnh Nguyễn,"App lỗi chụp ảnh cccd toàn bị lệch khung, chụp 10 lần ko đc khỏi mở tk luôn!"
30212ae0-aeb5-435f-96b1-57e851ff0977,1,2024-11-28,8,bá,"Cty gì suốt ngày gọi spam, nhân viên tự ý sử dụng sdt khách để mở tk tự tạo doanh số"
4f27b72c-c607-4c14-adc8-b0a11b2f0023,1,2024-11-26,5,Thanh Tâm,"app tồi, có cái otp cứ bắt đổi đi đổi lại phiền"
14fdf2bc-9282-4005-aae6-390b65c8439d,2,2024-11-26,0,Hau Vuong Quang,Hay chậm và đơ
75ef5fe7-a2cc-4402-815c-00f20a19034f,1,2024-11-24,0,thảo hoàng,Quá tệ
273094c8-1637-46fc-80c2-c91cda14d67d,2,2024-11-24,3,Tran trong thao,Hay bị đơ
17d844d2-b6c7-4661-8c69-58b94e247d19,1,2024-11-22,5,Binh Truong,Tính năng nhận diện khuôn mặt rất ngu
23cb2968-55e2-4d83-b7d1-d1f89adf4b59,5,2024-11-21,2,TuanAnh Do,Tốt
937e38c7-0b9f-4c08-a966-b83174e7f936,1,2024-11-20,4,Minh Tiến,App tệ
b21b986e-c662-4afe-b6e6-73f9b25a45b9,1,2024-11-19,7,Thành Cương,App zì chụp cccd 100 lần cũng ko dc
957c6ff3-ff04-431e-b133-68098798db68,1,2024-11-17,0,Tùng Lý Ngô,Bán thông tin người dùng. Đăng ký vừa xong liên tục nhận cuộc gọi mồi chài lớp học chứng khoán
5fe64d66-7d43-48bd-be62-9f2cd6519bc2,3,2024-11-17,2,Stu My Dream (Wedding Slide-Photograph),Bị thu phí hàng tháng hơn 20k
63fdff30-5ad8-4887-9672-c809fef2228d,1,2024-11-16,6,Như Phan,Bắt đổi mk hoài nhưng o dc
ae2a6d75-4fff-4143-a71e-6e78b4512014,3,2024-11-13,0,Việt Hưng,w e xxem yêu cầu ù
c827b568-c9c3-4d95-ade7-128e2b56a2b3,1,2024-11-11,21,Vũ Phùng Xuân,"App chán, bắt đổi mật khẩu liên tục lại không cho giống các lần trước. Đặc biệt là bắt thu phí 75k/tháng duy trì tài khoản quá là vô lý. Không thấy công ty chứng khoán nào tệ như này"
f91b9705-d38f-4202-b1b2-864dfe48a706,2,2024-11-11,5,Viêt Tiên,Mở bảng giá lên thấy số và chữ đen thui app kiểu gì vậy. Cần khắc phục ngay...
7f66678c-48c7-4af6-bd48-0fa0bc492772,1,2024-11-07,9,Thành Đặng Minh,"App như khục cẳng, không chuyển tiền về tài khoản ngân hàng được, sau 1 tháng thì tự bị trừ tiền vô lý"
1f3337da-4aac-4834-a750-59e2dedf45b4,1,2024-11-06,4,Duc Duc,Camera điện thoại chụp nét mà vô app cam mờ hẳn
ca75fbd2-badd-4392-a975-f2d842a9a419,1,2024-11-06,13,Hùng Nguyễn,"Mới lập tài khoản xong, hết tháng sao kê app tự động đăng ký gói bảo hiểm rồi trừ phí??? Cho trừ phí đấy xem Rate 1 sao này đáng không nhé. Cắn trộm xem ngon không? 🥱🥱"
9d437455-8878-4730-966b-a85df181e1a4,1,2024-10-30,5,Hồ Vương Quân ʕ•́ᴥ•̀ʔ,ko tắt dc 2 lớp quá bất tiện
0770cf55-b029-44d3-b4ec-5657380ed3e7,4,2024-10-28,2,Nhi Hồ,Cũng được
2bb93cbc-8c87-4a32-b50f-3dafdfe3f4c5,1,2024-10-19,5,95 pate,App cùi
a1fd0259-9ff3-4a8b-8974-bb332121e31c,1,2024-10-17,5,Binh Duong,app chán thế.không đặt lệnh mua được được trước giờ
d84abf79-3310-49be-bdd0-d520f99c4665,1,2024-10-16,16,Kym Chuy,Smart OTP mà không có Smart gì hết. App như quần què.
21dea286-198e-4c3c-aeb6-4a5247cfa91c,5,2024-10-14,2,CPI 2023,Ok
c7dc52e8-35e4-4afe-b61d-568d91ce18dc,5,2024-10-10,0,Thanhbinh Le,Ngon
7cd1ad75-8a5e-44c5-b69b-552ba64c1c90,1,2024-10-10,12,A 7,Quá tệ. Tôi không thể đổi cán bộ tư vấn. Công ty ép tôi sử dụng cán bộ tư vấn mà mình không thích và không được tư vấn gì xuất thời gian qua. Nên tôi đang rút dần tiền qua Công ty chứng khoán SSI.
bd5f834a-b929-461f-9d66-19a2bd3a2566,2,2024-10-07,5,Minh Sơn Lê,Ko sử dụng đc vân tay khi cập nhật phần mêm andrio 12
f1c3a42c-1243-43ca-94e8-0e6ae23f9413,1,2024-10-06,4,Hoàng Hạc Đại Ngàn,Mình không thể cài đặt app trên Xiaomi Pad 6 vì không tương thích mặc dù app chỉ yêu cầu android 7 trở lên. Trên điện thoại thì không thể xem chart được :((
88aae9ea-f581-4a5f-8275-255a8b741ca4,5,2024-10-05,1,kien dinh,Tốt
89512271-8a3d-41c8-a9a5-bdf0260df6d8,1,2024-10-04,6,Vu Nguyen,Phần chụp hình của app bị vơ hình ko cập nhật đc cccd
2b2d68c8-e056-4dce-903b-e47baded0d74,1,2024-10-03,7,Bình Hùynh,"Trước giờ đăng nhập có 1 thiết bị lâu rồi không vô lại, này vô nó bảo đăng nhập bằng thiết bị lạ, app như quần què"
b8771953-3aab-4591-9e46-c3864cc47b35,1,2024-09-30,5,Hòa Mai Thanh,Gì mà bắt đổi mk hoài
a6014527-1297-480c-8935-3544c36d3fe5,1,2024-09-30,1,Hữu Nhơn Võ,"Chưa từng thấy cái app nào mà củ chuối đến vậy, mẹ nó không cho đổi thiết bị gốc, mỗi làn đăng nhập thiết bị khác cần phải lôi điện thoại cũ ra vậy mà bảo smart cái quần què gì! Ngu bỏ mẹ"
01717ef5-a402-452e-89aa-5e8eed9e15be,1,2024-09-27,4,Anh Tài Phan,Tại sao trừ tiền liên tục của nhà đầu tư vậy
06947b29-d7af-4173-9077-68ab5ae16449,5,2024-09-26,0,kiên nguyễn văn,Ok
1b038afd-9997-41de-b5b3-d0432644b6dd,1,2024-09-26,13,Han Truong,Làm ơn đừng rảnh cứ bắt KH cập nhật hoài. Có mỗi cái xác thực khuôn mặt 100 lần ko dc. App này xàm dở tệ. Đã mất điện thoại thì lấy đâu ra thiết bị cũ. Chỉ cần trả OTp về sdt cũ để ngta xác nhận là được. Quá mất thời gian
cc6cf1bf-db47-418c-a0e8-3013baa17db6,1,2024-09-24,2,Huy nguyễn,Chán
c5c92540-b58f-45fa-91bb-e92c3fa34351,1,2024-09-23,6,Duong Nam,"Đăng nhập trên thiết bị gốc còn báo thiết bị lạ, không đăng nhập được tài khoản vào app"
e1a23385-3e38-4a79-ac8d-03279ab19d1e,1,2024-09-20,2,Y'JIERY AYUN Official,Rủ rõ
3ff42c09-677d-4d61-88e3-7609229ca569,2,2024-09-20,3,Ho Duy Vo,"Đổi mật khẩu quá phiền phức, cái này không chịu, cái kia cũng không chịu, lại còn không được trùng 3 lần gần nhất, sao mà nhớ cho nổi. Quá phiền"
81a50ec3-5e79-4e99-863f-543e0af3519f,5,2024-09-15,2,nguyenduc Thinh,Bảng điện hơi tệ. Toàn phải dùng app khác xem bảng.
d7b8260d-9641-41a2-8258-44edc572a3c1,2,2024-09-13,2,kaito onikawa_sensei,"Tải về nạp vô tiền vô được mà không cho rút, cần gọi 19006457 để mở chuyển tiền mà toàn ngoài giờ làm việc bộ định làm gì"
c817b36b-cba3-40f3-ba09-894a260062e2,2,2024-09-08,0,toan dinh,app quá nhiều bất tiện
da7ecc44-db7c-45a3-b505-fa88411f1e79,1,2024-09-06,8,Kei Shizu,"Sao giờ chuyển tiền vào tkck mà cũng bị trừ phí bảo an (??) là thế nào? Rồi sao nói các giao dịch khác mua bán ck ngoài giờ vẫn hoạt động bình thường, mà tôi chuyển tiền vào từ 9g tối đến giờ không thấy app báo tin hay cập nhật vậy?"
db3db1c8-e69f-4563-84a2-3d3a2ec0442d,5,2024-09-05,0,Phong Hàn,App ok
f8df61be-1892-4bfa-aaae-2341818067e7,1,2024-09-04,0,Jay Jay,Phí đắc quá. Tháng nèo cũng trừ phí phát sinh dù ko có hoạt động nào. Ngày nào cũng trừ thật là vô dung
e12457b1-28b3-42ac-938f-2d4cdbb3b378,5,2024-09-03,0,Nguyễn thành Trung,Okie
7b579d0b-4fd3-4a40-99dd-ae3648968ffc,5,2024-08-31,0,AnhOC Channel,Ok
f8a280d7-f72b-4e7d-90f1-91396ca0386e,1,2024-08-30,5,Hồ Minh,"Thiết kế cái app ngu như lợn, xác thực khuôn mặt mãi không xong, phí các thứ cũng chẳng rẻ hơn cty khác bao nhiêu, khuyên mọi người đừng dùng"
8db004a1-8a99-4ecf-966e-6392284419d3,5,2024-08-28,0,DKC,Very good
d98b9976-77ed-42ed-9569-32189816b3b3,1,2024-08-27,0,Thanh Tuan Ta,"App như điên, scan qr ra ngày cấp căn cước mà báo lỗi nhỏ hơn ngày trước. Qr quét ra gì thì là đúng. Để Debug như shiiiiit"
a34d6130-6619-4c45-a76a-e9eec4c20e9d,2,2024-08-26,4,Viêt Tiên,vừa mới rút tiền được khi truy cập lại thì không vào được app thật thất vọng
292d7c90-0377-4bf0-bdb9-3ae5520ba489,5,2024-08-20,0,Dat Hoang,Ok
ce330e2b-5f98-40ed-bea4-96e650b2a611,1,2024-08-20,0,Le Thi Ngan,"Add min lập trình đi học lại kiến thức, nên viết ứng dụng phải nghĩ đến phương án có thể sảy ra mà không gây khó khăn người dùng. Add nghĩ sao khi tôi vẫn dùng thiết bị cú, nhưng vẫn đòi hỏi xác thực trên thiết bị cú và huy thiết bị cú mới đăng nhập thiết bị mới. Trong khi tôi vẫn không thấy đổi thiết bị. Add nghĩ sao trường hợp này."
39ba9805-36da-45c8-a89f-4ca01f301a04,2,2024-08-14,2,Trang Nguyen,Xác thực thông tin khó
16ae51de-79cb-4357-97e6-c82116c4f1cf,1,2024-08-14,6,Huân Dương Văn,App quá dở tệ. Xác thực khuôn mặt 3-40 lần không được.
2b365e06-447a-45ba-a4f4-fc7ef5403a49,1,2024-08-14,3,Nguyen Nguyễn,Ko cập nhật đuợc phiên bản
7c05cccf-9657-48ba-b457-b050304dacb9,4,2024-08-14,10,hau truong,"Mở tk nhanh, nhưng Cho em hỏi mở tk vps online có cần nộp thêm hồ sơ bản giấy về văn phòng CTY ko ?"
bd1938cf-bacd-4ceb-abeb-20bb69c9523c,1,2024-08-13,11,Lời Tôi Muốn Nói,Mẹ xác minh thiết bị hợp lệ rồi đăng nhập ok rồi chốc vào lại bắt otp thiết bị cũ nữa. Ngu học. Cút cho nhanh
19b4e79d-9afb-4130-9c32-8d30fb8badb8,5,2024-08-13,1,Phan Văn Vũ (HAUI),Ok
ace1d623-db0d-4911-908d-25743624f9d5,1,2024-08-12,5,Thầm Bùi,"Tệ chưa từng thấy. Đăng nhập vào, đăng ký smart OTP .v.v. Thoát ra, đăng nhập lại đel được. May chưa nạp tiền."
b9a912ef-d1e9-4e6e-b0fe-048c970ae864,1,2024-08-12,3,thanh ngoc,"Tiên sư nó suốt ngày cập nhật chả ra gì cả, ko đáng 1 sao"
eddf9aa9-5e6c-4f44-8ee6-6e945aa67958,1,2024-08-12,4,Nguyễn Văn Đức,Cải lùi. Không tự động nhẩy giá
da01723f-0d51-48c1-976b-09b70676ffd0,5,2024-08-12,1,Việt Phúc,Abc
605d269b-d4db-4d32-bb8d-e836b66fa0be,5,2024-08-12,0,Tranvandong Tranvandong,Ok tốt
856b887d-c4a5-49d5-817d-be347a7c11ea,3,2024-08-12,1,Ha Dinh Lady,"Ko hiểu sao cứ đôi tháng lại bắt cập nhật 1 lần, mà mỗi lần cập nhật là giao diện thay đổi rất khó dùng, rối mắt. Rồi mới quen đc 1 chút thì lại bắt cập nhật rất ức chế."
b75d8a42-25f6-45bc-b8ab-5934712fed3a,5,2024-08-11,1,Quang Bùi Gia,Quá tuyệt vời
e9275884-b9bb-4e6b-9b63-c70b9b5692f8,1,2024-08-09,0,Duy Nguyễn,Cả năm t ko vào dc acc. Gọi lên tổng đài éo con nào bắt máy. Dẹp mẹ đi
4e25f54f-680e-413d-83e1-fa206aaae7cb,4,2024-08-09,4,Nguyen Duong,"tính năng bảo mật 2 lớp trên app mobile không bật tắt được, mong admin chỉnh sửa"
9fd6dbe5-61b5-49fd-8aee-779ae5127ef2,5,2024-08-07,1,Tuấn Văn Vũ,Rất tuyệt
4d094006-c924-4d0d-b8ab-a52ab27fb752,1,2024-08-05,0,Lurkshire Graham,"App gì toàn lỗi. Đăng ký thì app nói là bạn đã có tài khoản. Đăng nhập vào tài khoản thì nói là tài khoản hoặc mật khẩu không đúng. Vào ""quên mật khẩu"" thì lại nói là tài khoản không hợp lệ. Muốn đuổi khách hàng nói thẳng 1 câu, hoặc không thì dẹp mẹ đi."
404f8fbb-99de-4f5d-aac0-865d00b37abb,3,2024-08-05,1,Nghĩa Nguyễn,"Cập nhật giá thị trường khá chậm ở phần Danh mục cá nhân, thường xuyên phải load lại"
26335197-0be8-4c43-9949-c4211987bcb8,2,2024-08-03,4,Trường Chu,"Đề nghị cho phần biểu đồ và giá đặt lệnh vào cùng 1 màn hình như trước. Tách riêng như này chúng tôi k xem đc nhanh biến động giá cp. Lướt qua lướt lại xem rất mất thời gian, TT bình thường thì k sao khi biến động mạnh nó rất lag. Từ biểu đồ => chuyển qua tổng quan để đặt lệnh thì giá nó lại chạy mất rồi => tôi lại phải qua xem lại biểu đồ xem còn điểm mua hay k thực sự quá chán, nó lại còn bị lag giá nữa chứ. App quá chán"
f9084836-2a22-44dc-a8dd-b54040ebb498,1,2024-08-01,3,Nhi Võ Tuyết,cập nhật lại rất khó xem
6eabf15d-6c36-4a95-84d2-fb11cf5dc751,5,2024-08-01,3,Tiên Lê Đình,Trải nghiệm tốt
8a21f3ff-e637-461d-a400-8be770e71761,1,2024-07-31,6,Ken Curtis,"Càng cập nhật, càng đổi giao diện càng tệ nhé ạ."
4f2a9803-1733-4136-a2c6-f5ab5168bc55,1,2024-07-27,14,Thành Công,"App quá tệ, có mỗi xác thực khuôn mặt để đk tk thì lỗi lên lỗi xuống mặc dù làm theo tất cả các yêu cầu, top1 thị phần ck mà cũng không làm được 1 cái app ra hồn"
25b91e9e-8eaa-4f57-8a59-5046d3fb8cd4,1,2024-07-24,5,duy khoa,Xác nhận khuân mặt quá tệ cần khắc phục
84691531-0f02-4f51-8217-faa2f3097b63,1,2024-07-24,10,Minh Hiển Nguyễn,App mới tệ quá. Cứ để app cũ thấy rất ổn.
45acc213-b65a-4cd9-9337-5899be78c0e3,2,2024-07-24,7,thieu nguyen,Cập nhật mới không zoom được. Rất khó theo dõi
bda601c3-e3f7-44eb-b44d-bd53d5ad5976,1,2024-07-23,8,Minh Nguyễn Ngọc,Không hiểu vì sao cập nhật mới của app mà không được chi tiết bảng điện. Đó là lợi thế của vps trc đây. Giờ như này thì tệ quá
71fbf670-853c-46a5-87be-24cae7d2d504,5,2024-07-22,2,Trần Quang Tuân,Tuyệt vời
44bfe5b0-ca95-4aa4-b624-4cfa098705f1,2,2024-07-20,2,Việt Trần Đức,Như trò đùa có đăng nhập được đâu
4f3b8cc7-2552-4ad8-8b64-d60a4b911077,1,2024-07-18,5,Ba Ha,App như bùi . Ae đừng tải
aeb7fa1c-563b-4717-982f-e2f20c669341,1,2024-07-18,5,Mjnh U,"Ứng dụng khốn nạn mẹ xác nhận ekyc lon me kich chụp cccd thì chữ có dấu? Thành dấu huyền chứ có dấu huyền thì lại mất không có,cuối cùng nói xác thực sai không khớp.mong các set xem lại tính năng nhận dạng nay dug cái"
096137d1-ff6c-4acf-b6d6-61da870d9b54,5,2024-07-17,0,Hanh Huynh,Tuyệt vời
63e0670a-1111-4bd0-8848-31ace8a71e1f,1,2024-07-16,5,Cuong Le Cong,Cần rút tiền về tài khoản thì lại tạm ngưng chuyển tiền. Lỡ bao nhiêu việc
6a8a4fb6-12cc-4233-810b-05255e6bb765,3,2024-07-16,0,Hoa Nhu,"Khó quan sát danh mục cũng như thị trường, tải dữ liệu quá chậm"
d5038beb-2abd-4554-87dc-20079d3fddba,1,2024-07-16,5,Tam Nguyen,Có nhân viên gọi điện đến cho tôi sau đó mời tôi tham gia vào 1 nhóm trên zalo.Tôi cx rất bình thường trả lời bạn ấy nhưng cuối cuộc gọi bạn ấy hỏi tôi sinh năm bn r sau đó k cho tôi tham gia vào bất cứ nhóm nào.thái độ như vậy là thực sự k tốt.Tôi k nghĩ rằng sau khi tôi cân nhắc rất lâu để lựa chọn một bên môi giới uy tín mà thái độ của nhân viên bên các bạn làm tôi suy nghĩ rất nhiều liệu rằng nếu tôi k lấy thông tin của con tôi thì làm sao biết đc lại có chuyện như vậy.Thất vọng về thái độ
19424bc0-cee6-49f0-8b90-dbc194696fc9,1,2024-07-16,6,Thủy Ngọc,Cần bảo mật thông tin khách hàng
1f9d2572-3099-4df7-8d55-091a01cf199d,3,2024-07-14,0,Buddy GD,"Ứng dụng tệ, đăng nhập nhiều lần không được"
e767cd53-f179-4ae7-9850-cd54a3d20661,5,2024-07-13,0,hai nguyen,Trải nghiệm tốt
a0ef5108-5b75-4a63-b31d-81ad3589ab70,3,2024-07-13,0,TS N,Trải nghiệm không tốt lắm.
23aa7cc4-68e9-4545-a4b4-70741b5e8572,1,2024-07-12,6,Binh Nguyen,"Nạp tiền đến bước cuối nhập mã otp số điện thoại mà mãi nó ko gửi, trong khi đăng ký có 1 số đt"
032fb824-494c-4d6e-ab45-09269cfb42f9,1,2024-07-11,5,Quang Thoại Hòa,Phí giao dịch cao nhưng tạm chấp nhận đc. Tuy nhiên cái bực nhất là vừa đăng ký TK bên VPS là ngay lập tức bị bán thông tin cho nhân viên mấy cty chứng khoán khác. Sau đó suốt ngay bị bọn telesales làm phiền. Mình đã ngưng và chuyển sang bên cty chứng khoán khác.
026c08f9-d3e8-4c5d-b9f0-204aca3ae164,1,2024-07-11,5,khoi tran,App như l. Ứng dụng giao diện mà chả hiện thì kl. Xong còn bán thông tin người dùng. Toàn bị bọn lừa đảo+ môi giới nó gọi
6cd6ee02-f2f4-4956-a65a-796c83b92510,5,2024-07-10,0,vu bach,Tốt
a636da3b-06bd-4f83-b13d-ee9e0e53fa2b,1,2024-07-10,0,Phu Nguyen Truong,"App như c. Ăn gian chốt lời cắt lỗ, ăn gian khớp lệnh"
6d16066d-c1a9-423a-a65b-3d2ddff043cc,1,2024-07-08,9,Chiến Cowboys,Cập nhật xong và đăng nhập lại báo thiết bị lạ. Đề nghị sửa lỗi ngay
a50179c2-720a-4f68-ba9d-703d5ba9d7fa,5,2024-07-08,0,Dung Pham,Ok ok
7cbed924-0882-4889-a57d-5161fb0af85b,4,2024-07-06,0,Quang Phung,4 sao cố lên
1b6383e6-0c1b-4cf1-b3b9-2db537401ad5,5,2024-07-04,0,Tèo TRẦN VĂN,tốt
ccf89963-1892-476e-b26c-a934f4156f44,1,2024-07-03,15,Oanh Hoàng,cập nhật xong là ko biết check các mã ở đâu. Ad sửa lỗi giúp đi
ed3f6b02-1a1d-47d2-b5d1-ac36d7ef9bcc,4,2024-07-03,0,Thu Caovan,"$:-, 37v z: 8,,3,"
99a371d0-12a3-4e41-a73f-601b9c148a5e,5,2024-07-02,1,Phương Nguyễn Thu,Quá hài lòng
af6c30d6-a45d-4007-8901-8413f4453c47,1,2024-07-01,4,Van Quy Le,"Cái phần đăng nhập TK, nói thật là tôi bất lực. Trải nghiệm không thể tệ hơn. App này còn không đáng 1 sao."
c1937f90-595c-4666-97c9-530165c2f3b4,1,2024-07-01,2,Dân Lý Thái,Aap như cc.ll.
42ca4f51-5405-436b-9655-aa8b88b3b2b8,2,2024-07-01,2,Tư Phạm Văn,"Tí tí lại bắt đăng nhập, ko cập nhật thômg tin thị trg các mã ngoài danh mục"
bb4c5306-2477-4e7a-8d48-6ce91db2bee7,5,2024-07-01,0,UYÊN LÊ,Tiện ích
90531cc6-afaa-4bae-b3d7-9e518b9755ea,1,2024-07-01,8,Tuấn lê tiến,Sao đăng ký và đăng nhập trên cùng 1 thiết bị mà khi cập nhật lại aap lại thành thiết bị lạ cần xác thực các kiểu thì xác thực kiểu gì vậy trời hic
abf82df5-8ea3-45dc-9ad0-8cccd99a89a5,5,2024-07-01,0,Ao Cuoi Thien Ky,Tuyệt vời
3b67d7a8-3e95-45db-883e-b340f925f3cc,1,2024-07-01,5,Phi Hùng Nguyễn,Cập nhật xong ko đăng nhập đc
a4d0187e-b549-4962-ba12-7754f307463f,5,2024-07-01,1,Viet Dung Nguyen,Rất tốt
c454c1d0-bcba-4c7c-981f-a7666b190797,1,2024-07-01,6,Vu Nguyen,"Apple chậm, hay lỗi,rườm rà phiền phức và cực kỳ chật vật mỗi khi muốn đăng nhập Sáng bắt cập nhật phần mềm rồi xong không mở được nữa luôn. Quá tệ"
22e0e2ad-df01-476f-b5b0-e77d771eb699,5,2024-07-01,0,Tinh Bui,Ok
e33cc83c-8d08-4da9-aba0-7a19da388777,2,2024-07-01,6,Huynh Nguyễn,Giờ giao dịch mà kiểu hệ thống đang khởi động tụi mày ngứa háng à. Cập nhật mất danh mục của tao rồi mía làm riết nản ko lẻ đổi mịa sang áp khác
041f8f51-bd74-4920-b59a-2e4191442c1c,5,2024-07-01,0,Bá Lương Sơn,Ok
61c590c8-d950-45ab-8f20-bc69839908b9,3,2024-06-30,0,Vũ Hoàng Nguyễn,Ít tính năng
e1b81bf4-65e4-487d-9abd-220386f90b8b,1,2024-06-30,0,Tien Nguyen quang,Rất chán
abb1454d-383e-476a-a32a-f2e6aecea180,1,2024-06-30,8,Tiệp Nguyễn Tiến,Cập nhật xong thì không vào được ứng dụng. Báo thiết bị lạ
d8efdcc0-d216-42e2-8675-6afd1c398bec,1,2024-06-30,22,Trong Hokim,"Mở cái tính năng yêu cầu truy cập trên thiết bị khác,khá phiền phức,thiết bị gốc đã mất,hư lâu rồi lấy đâu ra để xác nhận"
ffd6e5d3-dd31-4d6f-b072-5fd8c38cd48f,1,2024-06-29,1,Minh Nguyễn Văn,App khỉ gì vô đăng nhập éo hiện cái bàn phím
832387e8-1cfa-49bc-9839-bdfc18974b10,5,2024-06-28,0,Nghiêm Nguyễn,Dùng rất tốt
20ef32c5-453d-4f0f-bf76-732e55e858c3,1,2024-06-25,19,Hà Lê Nguyễn,Lâu ngày ko vào thì thấy phí phải trả hơn 500k dù danh mục có 10tr :)))
1b6bd52f-06d8-417d-a7f2-252656d0dc2e,1,2024-06-25,3,Only My,"Nội các bước tạo khoản đã không tốt, nhận diện khuôn mặt cứ mãi ko được"
96b98f13-ee54-4588-8cee-cbb381c4a34e,4,2024-06-23,1,Chi Ton Nguyen,Đặt lệnh bị chậm
be823794-d862-4e7d-82e4-847e9515f0bb,1,2024-06-20,0,Phuong Luong,"Như ẻ. Đky không có chỗ nào biểu thị tỉnh/TP mà cứ báo lỗi, bắt điền. Quẹt."
5aeeec0f-21ad-46e6-a260-4810666484bb,3,2024-06-14,3,tung dangthanh,"App rất hay bị lỗi cũng như chậm khi không hiển thị chính xác giá cổ phiếu những giờ cao điểm, công cụ hỗ trợ kém như chưa hiển thị tự doanh hoặc giao dịch nước ngoài, muốn trở thành công ty chứng khoán số 1 việt nam thì công nghệ là yếu tố cốt lõi, cần tập trung nâng cao chất lượng app, nếu không sẽ mất rất nhiều thị phần như vnd!"
ed6c50a9-bb6f-48d8-9614-d1a13fa0f01c,1,2024-06-13,5,Duân Van,Ứng dụng không bằng ai . Chuyên lùa gà 🐔
da88d62f-20d2-4fec-bf0c-e39f7bb3d7e8,1,2024-06-12,1,Chiến Phan,Bán cổ phiếu xong chờ tiền về cái mất tiêu luôn
42b2e0c4-4064-4070-a098-ccad4cbfdbf0,5,2024-06-11,0,Tuan Vuong Tran,Mình thích app này
34a62b40-252d-4bf0-a1f7-d7ee642ab3ac,1,2024-06-11,1,Minh Hoang Duc,Lảm app mà từ cái bước đăng ký đã lỗi đầy ra. Đ hiểu kiểu gì. Ngu
4ff92d1d-ebaf-4af2-ae27-88c650e8a542,1,2024-06-11,9,độc cô cầu chợ,Cảm giác như bị lừa gạt vậy. Ứng dụng sơ sài nguy hiểm
19cbaba9-b1c0-4f17-a194-2f21e9d6ebe4,1,2024-06-10,2,Tâm Huệ,Tệ nhất trong các cty chứng khoán. Mọi người nên né ra
848c6173-2edc-4a02-a539-b91721ed3d35,1,2024-06-08,3,Xì Hoi,Không đăng kí được
ada73ba5-5702-442a-b25b-d0277bf5db28,5,2024-06-08,0,LÒ VĂN THÀNH THAN-ĐB,Tuyệt vời
2fc6f2cc-7644-4a4d-b1f7-e6419c89638d,5,2024-06-06,4,Liem Nguyen Thanh,Rất OK
b5a09cc7-2f4c-4762-a16f-47f003570312,5,2024-06-05,3,Kim Phụng Nguyễn,Tốt
cb291240-3253-497b-beb5-5725c4b1ae2f,1,2024-06-03,1,Ha Thanh,Vô KTIEN . VN nhận ngay 9 triệu hem
da5c76e2-ffb2-430d-a2a3-10b176aa66ba,1,2024-06-03,3,Truong Nguyen,"Ứng dụng quá rối, nhiều tính năng ko cần thiết. Nhiều loại phí quá trời. Nhân viên gọi điện tư vấn đau hết cả đầu."
e1bce627-00cf-4d1a-ae88-a97c60b32aae,5,2024-06-01,0,Ss Thanh,Ủi
a82fa21b-b474-4037-a0a5-1140746eb486,1,2024-05-31,1,Pham yen,"App cướp tiền khách hàng vô tội vạ, broker ngu dốt phán láo. Gọi điện spam nhiều"
054610af-0a69-4267-9a31-5193dd384e7c,5,2024-05-29,0,Ba Bui,Xác thực khuôn mặt như l gở m app đi
326a887c-5e6c-4454-8a9a-507dfc3110c7,3,2024-05-27,3,NguyễnQuốcViệt,"Nhiều chổ nền trắng mà chữ mờ rất khó đọc {như giao diện nạp tiền,thông tin thị trường), nhìn nhức cả mắt. Kiến nghị nên xem xét lại. Giảm 1*. Reset lại ĐT thì không nhận được mã OTP, bảo lấy mã OTP trên đt cũ, nhưng chỉ reset đt chứ có đổi đt đâu. Phải điện lên tổng đài cung cấp thông tin để lấy lại OTP."
3e3886cc-e68e-4369-b939-2af194932ea3,1,2024-05-26,0,Hero rơm,Đặt tên kiểu gì cũng không được. Đúng là súc vật
4591c8e9-4ed6-4532-ad8d-08b78acbb238,5,2024-05-24,1,Thanh Hoan,Tot
612670ce-2929-4809-9e5b-16bb77998773,1,2024-05-23,0,Nguyen Duc Minh Dat,"mất máy, dùng sim chính chủ gọi bắt xác thực lên xác thực xuống"
b06ed7f9-8964-41cd-8588-ae46040c4fea,1,2024-05-22,8,Loi A,"Bảo mật kém, Vẫn chưa fix lỗi chuyển tiền ra ngoài."
9f72cc14-8331-4bf5-a403-5868b604885c,5,2024-05-22,0,CX Test,Ứng dụng quá xịn
57717358-a6f2-4744-ab70-41bf94f0e036,1,2024-05-22,0,hiep ngo xuan,Quá nhiều cuộc gọi môi giới
d2a8c7be-f36c-43d2-8cdc-deec0c35fa50,2,2024-05-21,2,Linh Phan,App lỗi nhập otp đúng mà cứ bảo sai bực mình
cf1b644e-b74a-4e40-9b90-4f56e479e146,1,2024-05-20,9,Vũ Tùng,Rất bực khi đăng ký tk xong suốt ngày bị làm phiền bởi các công ty chứng khoán
d46354e7-5284-4647-bf6b-01d8fededb82,5,2024-05-20,3,Chứng Khoán Dream,Trải nghiệm tốt
0b5f1ad0-7d82-4150-8f32-f4c5252f77ad,5,2024-05-20,0,Thach Bui The,Tốt.
74c1ca91-9b20-4583-bd20-7c1f75e29382,1,2024-05-19,5,Yen Tran,"App như lừa đảo, sau khi chuyển tiền vào mới báo yêu cầu xác thực thêm, cả tuần vẫn báo lỗi k xác thực được, hệ thống đang xử lý ? H chuyển tiền vào k cho đặt lệnh, k cho rút tiền ??"
d0c14279-0823-4cdb-971d-b306b6831677,1,2024-05-17,2,Nam Hoang,Quá tệ
26add8dc-276e-4071-b118-dff32580a8aa,1,2024-05-16,3,Trần Hoàng Quý,App khó xài
2b410180-d3ca-4ab2-aabf-724df4af18f8,1,2024-05-15,3,tín thịnh,Ap lỗi đặt lệnh xong treo luôn
24e3e9bf-d347-4bf0-b494-0b60e0592e27,5,2024-05-15,0,Ngụy Văn Mão,Ok
aac490ec-9461-46a5-8035-1e9118653697,1,2024-05-14,2,cuong tran chi,2 Tuần rồi vẫn chưa xác thực được khuôn mặt App lỗi
a4c37a65-5dea-4209-af76-6e5f29fd3d54,1,2024-05-14,1,Ta Thang,phí cao. rất hay trừ tiền linh tinh. mỗi tháng mất gần trăm nghìn tiền phí linh tinh. sang mbs giao dịch miễn phí ngon hơn.
36917235-ea7a-47a8-9384-fd9e426077ff,1,2024-05-14,41,Thành Luân,"Đăng ký tài khoản song, bạn cho cả thế giới biết số điện thoại của tôi, làm phiền tôi. Khi tôi không yêu cầu trợ giúp thì các bạn không có quyền liên lạc với tôi."
c431e653-21aa-4aa2-9c43-71dd982cb8ca,1,2024-05-14,1,Dũng Nguyễn,this app this so slow and stupid
6e162a6a-6238-433a-81cd-88ad03fedc4c,4,2024-05-14,5,Phong Thanh,Ok
38b386c6-90a1-4528-92f3-d0f7ac4d4549,5,2024-05-14,0,Hương Phạm,Đừng làm phiền khách hàng quá đươc không các bạn.các bạn chặn hoài làm lỡ giao dịch của chúng tôi.
c7fb1100-62f2-4d86-a249-d61efaccf21c,1,2024-05-14,0,Huynh Da,"Đag gấp mua,bán mà cập nhật"
2fbe107c-42f9-4b65-a2d9-41ccbc5c6763,1,2024-05-14,2,Phạm Hoàng (bò sát thủ),Xuất ngày cập nhật. Tuần cập nhật 1 lần.
7f780a78-220b-461d-b83c-dceab5c88378,5,2024-05-14,0,Duoc Vo Minh,Tiệc vời
d5e6d528-f10b-4cee-9aaa-c684abe1a72b,5,2024-05-14,1,???,Dịch vụ tốt nhiều chức năng
60cb97f3-690f-474b-b8ca-f4ffff4b8433,5,2024-05-14,0,Trần Quân,Ok
372180ea-becb-438a-81f9-7943b4a9b45b,5,2024-05-14,2,Oanh Nguyen,Good
9028ce1a-55d6-467c-b279-15f44d54e275,1,2024-05-13,4,Khoa1983 Nguyenba,lởm quá
05f48832-c33e-45f1-81e7-b92c759ce473,5,2024-05-13,0,Tiến Kim,Tốt
f523e4aa-42a7-4119-a1c0-e558d36a8e0c,5,2024-05-11,3,Thành Nguyễn,Tên có hai chữ ko cho đăng nhập
eee6a62c-ab93-47cf-b440-4793c7fdcecc,1,2024-05-03,6,Hoàng Trịnh Quốc,Ko xac thuc đuoc khuon mat
8fd7f0e8-806a-4a86-8a67-905ab24a514c,1,2024-05-02,1,Nguyễn Lanh,"VÔ TRANG VAY5. C0M là lựa chọn hàng đầu. Chúng tôi cam kết mang lại dịch vụ vay tiền online đáng tin cậy, đơn giản và tiện lợi nhất."
57474ea9-d891-464a-baa2-2c6b19d4e7eb,1,2024-05-02,5,H An,Mình vừa thử loadLOAN33 . C0M và điều tuyệt vời là đã có ngay 9tr trong tài khoản. Dịch vụ quá tuyệt vời!
fcee842e-6626-447f-a473-224ede49b2c2,5,2024-04-26,0,ha nguyen,Ok
6b60d60d-5ac7-4dc7-bdad-700dc4ec1842,1,2024-04-25,2,Tho Vũ Đình,Chịu
e53c3a41-f173-4d17-ac26-8c1e4f708bac,5,2024-04-22,3,Tâm Nguyễn Văn,Hay
b50f5647-9fab-4587-b743-f799f0587277,1,2024-04-20,2,Darwin Nguyen,Tạo tk mà cứ bắt chọn tỉnh /TP trong khi không có chỗ để chọn???
fdc793c9-5b00-4af1-aee8-45fcd8913af9,1,2024-04-16,2,KHỞI NGHIỆP 2018 BTC CUỘC THI,Tệ
0d5cf32a-8b6d-4579-948d-14fccc117011,1,2024-04-15,2,Quốc Dinh,Nạp tiền 3 hôm vẫn chưa vào
13057c93-ce53-45ed-b6b7-c315b2c09a80,1,2024-04-14,0,Trương Tài,App lon. Ae ko nên đầu tư vào đây
252fbf01-fcbe-42a6-884f-1d265f5a8727,5,2024-04-13,8,Nhân Cao,Quá ok luôn
3afa44b5-e578-4d2c-a315-23089da6d011,5,2024-04-13,0,Minh Tín Lê,77 uh 0 . . covey
222943fb-5949-4b6d-866a-356232ee1536,1,2024-04-12,7,Anh Quang,App gì mà xác thực cả ngày đều không được vậy. Có cách xác thực khác không. Tiền thì nạp vào rồi không chuyển đi được.
6dc0ecb3-752d-4246-af90-93ae73ef7629,1,2024-04-12,3,manh nguyenvan,Gmail có ai trả lời ko.hơn tuần ko thấy phản hồi
49b77617-2ec7-4f6d-94b5-704857e46346,1,2024-04-12,4,Bảo Ngô,App như cc á.nhập mã otp đúng mà cứ bảo sai.sai cmn
a97c5020-ec28-450f-9717-43d592899424,1,2024-04-10,8,Huy Bui,Chụp mãi ko xác thực dc khuôn mặt
ae885c23-23ce-496d-abc4-9228a6c69b25,2,2024-04-10,2,Tien Tran,"Trong mục hỗ trợ khách hàng online, gọi điện qua app, chỉ hỏi được mấy câu, chưa trao đổi xong, đã tự ý tắt và gọi lại k được. Mong sớm khắc phục tính năng này"
940abbda-68a6-4122-807d-96072f0dc0f9,5,2024-04-09,5,Duy Nguyen Duc,tại sao mã otp lại ko về nhỉ
cd36c684-f2de-419f-a94f-b2734cfbc673,1,2024-04-08,11,Nguyễn Quang Duy,App nên có số tiền tối thiểu để kích hoạt 1 hdong phái sinh. Có lãi trong ngày của từng cổ phiếu thì càng tốt. Phái sinh giá sau 2h bị thao túng. Mọi người lãi lỗ thì chốt trước 2h chiều. Mẹ tụi mà cài cái ký quỹ tự động thì nạp nhanh cmm lên. Nên có mục ký quỹ tất cả tiền. Làm mất mấy điểm của nguoeif khác đm
d6a9b4d8-d893-41ee-8638-8e00b77c400e,5,2024-04-04,1,Nhật Tình Anh,"Vô ₫iachỉ VAY5 . C0M có thưởng 5 triệu, mình nhận đc rồi"
f9d0e837-efd7-4912-938c-7be0aa8e2b24,1,2024-04-04,0,Quang Nhật,App như quần què. Dẹp cha đi
efe3002b-9cc4-4846-9f9e-33fbd9f8e16e,5,2024-04-04,0,Loan Phạm,Okokok
8ce1750a-6761-4fc7-acfb-8e259f67a03d,1,2024-04-03,1,Tuấn Mạnh,Tệ
b98f5506-9a72-4e67-bd2c-ec66064445a3,1,2024-04-03,6,Nguyễn Được,Cái đm mày cái app lol . Tụi mày bú lol não bị úng nước sao mà làm cái xác thực khuôn mặt nó cứ không nhận . Dcm tụi mày làm cái app ra bực hết cả mình
1e3a47a7-44d5-40da-bc00-249bd345ffbd,1,2024-04-02,6,tuấn phan,không cho chọn tùy chọn cách lấy mã otp mà bắt buộc phải có app. lỡ đăng xuất khỏi app thì xong. ngu vậy còn lấy trên smart :))
20041036-cee1-4483-b8cd-096313fa2557,1,2024-04-01,6,Quỳnh Trang Nguyễn Thi,Xác thực khuôn mặt rất nhiều lần không thành công
80cc535a-26fb-4a8b-a485-63fc4a5126f3,1,2024-03-30,0,Hieu Nguyen,"App thường xuyên bị Delay dẫn đến đặt lệnh mua bán bị sai lệch,xảy ra thường xuyên trên máy tính.Tôi phải sử dụng thêm sàn khác để tránh bị delay cập nhật trễ các lệnh mua bán.Cần cải thiện tránh delay trên máy tính."
f6e60d7e-2712-4cd7-8c7c-b310f2d662c9,1,2024-03-29,5,Minh Dương Trịnh,Không xác thực được khuôn mặt ☺️
38a23061-7072-4274-ac50-2ebbd236824c,5,2024-03-29,0,Kaka Vang,rất dễ sủ dụng
90f12f90-6ffd-4990-884f-d5d28542a8c8,1,2024-03-27,1,Huynh Minh Tam,App như lol
cf17cadf-9757-4e68-bd39-e9f045b7c378,5,2024-03-27,1,Phượng Phạm,Tốt
bdcc2aa6-dde5-40e5-b37e-0178a12dd60c,4,2024-03-26,0,Nguyễn Sơn Hải (Nguyễn Gia Khoa),Rất hài lòng
6a695d65-e457-4623-8497-07d2200c2151,4,2024-03-26,0,tu uyen le thi,Tốt
d358830d-9dad-43da-a4ac-e5dad3e9ae70,1,2024-03-26,12,Giang Diệp,"Đòi OTP từ thiết bị cũ, thiết bị cũ đã đổi???? Lấy đâu OTP ???"
26f90b11-9415-4561-b6d3-6a4b0fcbc470,1,2024-03-25,7,thao ngueyn,"Có cái kích hoạt tài khoản, nhận được thư xác nhận thành công rồi mà không vào được. Gọi tổng đài hỗ trợ cũng không vào được. Tải 1 lần và không bao giờ tải lại ."
6fb1dd29-c9a5-471a-8922-dc4306cf851c,1,2024-03-25,7,Thiên Mai Văn,Viết họ tên đúng mà nói Sai.....lạy luôn
59863283-0ef8-481c-b425-637740d692ba,1,2024-03-25,3,Tùng Hoàng Văn,Bịp + bán data người dùng. Ae report app này
f1fec3c4-13b1-4f02-800b-21956d51c134,1,2024-03-23,1,Linh Nguyễn,"app cùi, xác minh đủ thứ. nạp dễ rút này nọ..."
8fd243cb-ecd3-4989-b992-201cde3395e0,2,2024-03-23,1,Thuỳ Linh Lê,"Bảo trì gì mà lâu vậy tr, vào ko đc mấy tiếng r"
81253461-324a-4cb1-b7dc-86e2b6317e93,5,2024-03-22,0,Qúy Trần,Tốt
b25c059a-8058-4771-80f4-a209d15a3e05,1,2024-03-22,1,Thang Phuong,"Thay vì việc cố gắng nhồi nhét những tính năng chả bao giờ dùng, thì nên cải thiện hiệu năng ứng dụng. Việc lag đơ thường xuyên xảy ra ảnh hưởng rất lớn đến người sử dụng. 1 sao vẫn là quá hào phóng cho ứng dụng này."
b9b4ba03-5f69-4502-adb9-9c910fcf8027,1,2024-03-22,1,Long Hoàng,Quá nặng. Đơ lác. Chán
b1ec8ec9-0a94-436c-a8a6-bc1f06d582ee,1,2024-03-22,8,xuan hiep Nguyen,"app như đầu buôi, suốt ngày cập nhật mà vẫn lỗi, đăng nhập toàn bị out ra, thế chúng mày ko muốn khách giao dịch à"
a279566e-f99d-4f7e-9f27-679cb7e2d1e1,1,2024-03-21,4,VŨ Mr,Cập nhập song không đăng nhập được luôn . Gây ảnh hưởng rất lớn đến công việc của khách hàng . Mọi người nên xem xét kỹ
6df2107d-be82-4571-aa24-fd00bb9d1ee5,1,2024-03-21,0,dung Ma,"Ứng dụng tệ nhất mình từng gặp, xác thực khuôn mặt 180lần mà chưa xong.chán"
8ba93fd0-cefc-4918-b20f-fbc2fa412d92,1,2024-03-20,2,Dien Nguyen khac,Quá rờm rà những thứ ko cần thiết.
27a12492-3356-47ca-95ce-a9e8098f146e,1,2024-03-20,2,Huy Nguyễn Anh,Chuyển 1tr vào xong giờ ko xác thực khuôn mặt được để chuyển ra lừa à
4d631914-5899-482c-9e2d-ba2a2cd424c8,2,2024-03-20,2,Châu Chấu,"không vào được, văng ra hoài"
1b006a20-b4f0-4a4d-933f-f0e34bd317f8,2,2024-03-19,13,Minh Nguyễn,"Xác thực khuôn mặt mà chụp 20 lần chưa xác thực được, mệt mõi quá. Chưa giao dịch chứng khoán, chớ giao dịch mà như xác thực khuôn mặt chắc xỉu ngang"
eb798b83-5579-4d57-9e7c-a7a0bba758c7,5,2024-03-19,0,tạ thông,Ok rất tốt nhé moi người
f9de4194-b74b-4f36-a640-bcc0b2d337cc,1,2024-03-19,2,Nguyễnquang Sáng,App bị lỗi liên tục.vào app k được là sao
03b440d9-391d-433d-993b-c69127c4f3af,5,2024-03-19,0,An Hoang,Oke
6012c0f6-ab2b-42a1-baac-83027ec4767b,1,2024-03-19,8,anh tuan nguyen,"Update xong cứ đăng nhập là out ra. Thông báo ứng dụng tiếp tục dừng. Ủa, chê điện thoại cùi rồi hay sao à?"
4625c93f-a20a-4307-8eb3-c9019629b57b,5,2024-03-19,0,Quang Nguyễn,Very good
7c2580e6-75f0-4af2-a8cd-b01fa946428a,1,2024-03-19,0,Hải Đường Bạch,"Update xong k vào dc, vẫn mã otp cũ mà báo otp bị sai. Công tu lớn mà cái app như hạch"
28275428-a025-443c-8f69-cf0c32e2fe7b,1,2024-03-19,3,Ivon Tran,"Giao diện xấu, rất bất tiện. Chuẩn bị đổi app khác"
21324544-e076-4e52-b92d-984adf1ea183,5,2024-03-19,0,CONG DOAN,Tốt
294e53a3-36e3-4c23-b930-74edcd88839e,5,2024-03-19,0,Duy Le Van,Rất ok
b129f3f0-c563-41a3-9013-d8e12e93715b,5,2024-03-19,0,Anh Tú Hà,Tuyệt vời
8661b06d-ce4f-442e-8b37-e023c5be4f5c,2,2024-03-19,4,Than Truong,Không vào được app
f65f574a-0fb7-4209-9e7d-8973077ec5ce,1,2024-03-18,2,Hữu Cao Cường Nguyễn,App không nhận diện được khuôn mặt. Mặc dù điều kiện ánh sáng tốt
a4257216-b010-42bb-b3e8-abbcb19c58af,1,2024-03-18,19,Ung Dung Nhân,Liên tục bảo trì hoặc ko giao dịch được. Nghi ngờ có hành động thao túng nhà đầu tư. Chuyển tiền cũng ko nhận đc do lỗi hoài. Mất nhiều thời gian. Nên chọn hệ thống khác
487674a7-4d3f-4ae6-be76-c56c17987536,2,2024-03-15,2,bùi quang Long,"App gì chán hết sức, muốn phân tích mã thì ko có công cụ để phân tích,"
052e691b-65a8-4233-b3d6-3a1d56a7fb30,1,2024-03-15,9,Đặng văn Cường,"Có cái lưu ký thôi mà gửi ship đến 4 lần -L1 thì hẹn 8h làm vc. Ship đến 35 Thi Sách lúc gần 8h30 vẫn chưa có ai nên k giao được. -L2 thì giao đến bảo vệ k cho vào. Hỏi giao cho ai. Bảo giao vào quầy vs lễ tân cũng k cho giao. Gọi thì gọi sđt tổng đài, tổng đài bận. -L3 thì gọi đc tổng đài rồi, anh ship bảo Cường giao cho chị Hương tại quầy mà giao đến bảo vệ vẫn k nhận. Lại phải gọi tổng đài lần nữa và tổng đài vẫn bận. Lát sau gọi lại thì bảo gửi cho cskh. -L4 còn chưa dám gọi ship"
091257dc-628f-4b57-9a46-26539b3c0dbe,5,2024-03-14,0,dat vu,tốt
2bc653a2-e058-4ab9-9eb8-47c2f909dad4,1,2024-03-14,14,Hải Nguyễn,"Không xác thực được, không cho rút tiền ra, nạp vào thì không yêu cầu xác thực chuyển ra thì xác thực hoài đêo được"
8c92017a-b989-4411-b49f-c608acd551dc,1,2024-03-14,3,tèo nguyễn đình,Thái độ nhân viên với khách hàng rất tệ
c3f84eb3-0594-4d85-ae9f-a6e5ef681815,1,2024-03-14,24,Nguyễn Hải Trường,Update xong không bật dc thông báo ứng dụng trên redmi note 12 l. Vl. Khớp lệnh 1 tiếng sau mới báo. Đm làm cái app cho từ tế vào.
269e9488-7137-42b5-8e5c-97ccd3d2a881,5,2024-03-12,0,Ngô Hạ,Ok e ơi
b948faa2-d8c0-45c5-8cd1-480007716ef9,1,2024-03-12,7,Linh Nguyễn,Tại sao không khắc phục tình trạng nhận diện khuôn mặt??
4b7af0fe-9018-48e9-bd59-3a0d22d588db,1,2024-03-11,10,Truc Trung,"App đểu, xác thực mặt mãi không đươc"
54e25077-0ace-4485-b995-47f02b193f02,1,2024-03-10,6,Thành Lương,App không chụp được khuôn mặt mặc dù điều kiện độ sáng rất tốt
3eba066e-a060-4b71-90ff-5421b1539bcf,1,2024-03-09,6,Lê Trường Sa,Không xác thực đc khuôn mặt
6382e61d-5760-4f11-8758-06f7f9596adb,1,2024-03-07,0,Đăng trịnh xuân,"Cập nhật cccd, quét mặt hàng chục lần vẫn báo lỗi, ánh sâng không đủ. Làn giữa ban ngày nắng, làm ở vỏ bật đủ điện các kieue vẫn kêu lỗi. Đau đầu app Smartone. Cùng điều kiện không gian thời gian tôi làm ở TCBS đã thành công. Thực sư nản vì VPS. Muốn đầu tư tí mà mệt mỏi"
4715e07c-5378-4bf8-923d-b3f02fdb2e14,1,2024-03-06,1,phuoc nguyen,"Ứng dụng lắc lắc đơ đơ mỗi ngày như cơm bữa, vào xem khung giá 10 giá bên mua bán thì hay đứng luôn, nhất là phái sinh. Đã vậy cứ bắt cập nhật thường xuyên mà không thấy khắc phục đâu"
432b4e77-7205-46e5-85ae-8998fedc0e82,5,2024-03-03,0,viet anh lê,Vps luôn uy tín.
f0d92e49-57b9-4c56-896b-a485218a0a20,1,2024-03-02,0,Duong Duong,"Nản kèo với cái app, chuyển qua SSI dùng"
5e66bd7f-62ca-4df0-9159-67d2037ecac5,1,2024-02-29,3,duy phuc Nguyen,"Ứng dụng kém. PTKT rất tệ, không nhìn được gì. Load thì chậm, hay đơ. Báo cáo kết quả kinh doanh thì ko update từ 2021. Nay là 2024 rồi."
b4308f19-4d33-4c94-8604-cf6b1f73af8b,1,2024-02-28,3,Tuyên Đào,Cái ứng dụng như qq. Dùng bực hết cả mk
51b5b7ae-218c-48cb-9a0c-0134654b7ad1,1,2024-02-27,2,Thanh Thanh,Vô mạng á gõ VAY333 . C0M để nhận 3 triệu và vay 0%
d48003bd-be60-4d99-8d28-8c8590a5d86a,5,2024-02-27,0,Nhân Trinh,Ok
75198d8d-88b6-45f6-ac7c-7aa6526a8fd6,1,2024-02-26,0,Hung Tran,"Đm làm ăn kiểu gì mà đưa sđt khách hàng cho nhân viên gọi làm phiền cả ngày, ngày nào cũng gọi, liên tục mấy tháng trời. Thằng nào quản lý cái công ty này mà ngu vl, làm ăn kiểu đó khách hàng nào mà muốn dùng sản phẩm."
187cf48c-a75a-444e-951f-d2ca273c1ee1,1,2024-02-26,0,Thùy Xuân,Alo. Vô web: KTIEN . VN để kiếm 5tr đồng và vay 0 lãi
76ae759a-f6b7-4dba-ad7e-4b2104912ab6,5,2024-02-25,0,dat vu,Ok
d78057e4-6c19-443d-9073-8809d8596aa8,5,2024-02-24,1,Quang Cường Phạm,App hay... Chúc Cty ngày càng phát triển
91fb4547-69f4-4835-86db-a8dc9c3bc1d5,1,2024-02-22,0,Mitus,"Ứng dụng tệ quá. Tạo tài khoản mà app toàn bị crash, liên tục bị ứng dụng dừng."
5ead3687-9e81-41e5-b57f-5eebf8bdacc5,3,2024-02-20,5,Truong nhat truong,Khó ekyc và sử dụng
1fec4050-e362-415e-9dc0-7a933eb70cf7,1,2024-02-20,6,jfodjfo jfodjo,Cái phần mềm thiết kế ngu đ chịu đc
75127425-83ad-41f6-9a18-728bd7771279,1,2024-02-19,0,Đình Khương,"Nghỉ 1 thời gian, tính quay lại mà app như cái quần què, smart otp đăng ký rồi mà đăng nhập không được, yêu cầu quét vân tay trong khi đăng nhập bằng mật khẩu và chưa hề đăng ký đăng nhập bằng vân tay! T quét 10 ngón tay bonus thêm 10 ngón chân cũng không đăng nhập được. Sẵn chê luôn nhân viên VPS ăn nói bố láo, lúc mời chào kh ngọt ngào như mía lùi. Lúc kh chỉ nói đùa 1 câu liền kick kh ra khỏi group và có giọng điệu bố láo. Giã từ VPS từ đây!!!."
53fc45e0-e728-4b8e-83eb-ac84df936fb1,1,2024-02-18,49,Phú Đỗ,"Càng cập nhật càng NGU! Bây giờ không đăng nhập được, app báo lỗi java script. Bọn chó chết VPS lừa đảo hút máu khách hàng vô tội vạ!!! PHÍ CÁC LOẠI RẤT KHỐN NẠN!!!!Sao kê KHÔNG BAO GIỜ KHỚP với số tiền thực tế. Giao diện rất khó sử dụng. Khốn nạn!"
4598cfad-b9ef-4efb-849e-a7f158740f3a,1,2024-02-18,0,family happy,Mật khẩu đăng nhập chước tết vẫn đăng nhập được giờ lại không đăng nhập được hiển thị đã thay đổi mật khẩu vân tay 😡
cede8373-f5c5-43c9-9e0f-a8b4c6382e7d,1,2024-02-17,4,Cát Bụi,Nhận tiền thì nhanh lắm đố rút ra được .
7a3d476c-f81a-4628-85da-0c97a40c732d,4,2024-02-17,0,Khám Phá Việt,Ok
c54c931b-6a71-445b-9243-c0a7ea2286f1,1,2024-02-16,6,Tính Nguyễn,Má nó k giao dịch cũng trừ tiền. Mà có giao dịch cũng trừ tiền tốm lại làm cái l gì cũng tiền. Vậy mà quảng cáo ít tốn phí
3dae6a86-5264-4222-97f6-3c279a0d9a01,1,2024-02-07,0,Dang Dam,bán chẳng được bao nhiêu tiền thu phí thuế hết nữa phần tiền của lợi nhận bỏ aap là vừa
061c23d2-eb2b-4c86-baa3-c13f89e53e67,1,2024-02-05,5,Thắng Nguyễn,"Bảo trì cho lắm rồi lỗi đủ thứ, ko hiện đc biểu đồ giá lên luôn"
9228747c-2a41-4e0b-90e9-3409af1c73fd,1,2024-01-30,7,tuân nguyễn,càng ngày càng tệ. chuyển
f7cc61c0-4015-4bfd-8a82-8ebc6c52d3da,1,2024-01-30,2,Thao Dodt,Dịch vụ hỗ trợ KH quá kém
54f459bb-7352-4450-b701-2996fd7faa2d,1,2024-01-30,0,Tuyen Ngoc,má nó mở mãi có đăng ký được đâu
276fa136-d433-449f-9b54-a6e93a8abd0d,5,2024-01-29,1,Than Tung,Okay sir ^^
02e03ee1-c05b-43c7-89f2-9239e5728dd8,1,2024-01-29,27,Hoang Trong Ta (HoangTa BK),"Thái độ nhân viên mất lịch sự khi trả lời khách hàng. Khi cổ phiếu được khớp lệnh, thì giá bị đội lên so với giá đặt lệnh. Không hiểu nổi. Mọi người tránh xa quân lừa đảo này ra, nạp tiền vào không mua bán gì vẫn bị trừ tiền."
8d4cd498-b845-4b06-9c93-e4a6aeaa2af0,5,2024-01-29,1,Vyvy Nguyễn,Oki
3828988e-58e7-4caf-aed8-90f104aa2883,5,2024-01-29,1,CHÂN THIỆN,Good ❗❗❗
8ba233b4-fc59-4cae-885d-aa509a895cbb,2,2024-01-29,1,nhung296,Bắt cập nhật lắm thế
91b0a5ce-3169-4032-9b12-394a09ea01c0,1,2024-01-29,10,tuan tran,App tạo r hut mau nđt. Phí quá nhiu mà k biết phí trừ gì
e8d6ac0e-8cdd-44db-b82e-ac3e1974ade2,5,2024-01-29,1,Quỳnh Tiêu,"App chất lượng, phục vụ tốt, giao dịch chuyển khoản nhanh"
95d774d6-39b7-4f86-92b3-432723427e0d,1,2024-01-29,0,Hai Hoang,Như ship
8bbde7de-efcd-4017-a874-44d3360b833b,5,2024-01-29,2,Tien Nguyen Huu,Dùng khá ok
4b30ebaf-a2fd-4518-ab17-3199367b4b78,4,2024-01-29,1,Phi Lot Vo,Tốt
471f304b-b1d7-4398-85bb-af1e281e9747,1,2024-01-24,7,Tung Nguyen,Áp từ tiền quá nhiều mà ko biết từ mục gì mọi người không nên sài áp này
21542033-74ef-4115-8366-cd4a252f2c61,5,2024-01-23,2,bui quy,"Cải tiến Danh Mục xem cổ phiếu theo dạng list nhiều nhất coa thể giống vnd thuận lợi cho việc quan sát để mua bán, còn muốn xem chi tiết thì click vào ( xem bước giá, chart,..)"
88d3ae43-accf-4331-b932-edb5827dff8e,1,2024-01-22,0,Ý Lê Nhã,Nâng cấp xong vừa rờm rà. Vừa khó dùng. Lắm tác vụ làm rối cả mắt. Tôi không thích giao diện nâng cấp này 1 chút nào cả.
1e21da98-003d-41db-b440-5b58289fcc37,5,2024-01-18,0,Phùng Sa Cường,Very good
acbf7b38-fba8-4569-8598-72b12a36f18a,1,2024-01-16,4,Le Quoc Viet,Lỗi đăng nhập vân tay
f59dc501-f2c4-486b-b74c-2a29e4630a1f,1,2024-01-16,1,Hử Giàng a,Vào mua nó tự van ra ngoài
3a9a1d2f-e3dc-48d8-9f2a-c55c4dbeec7a,1,2024-01-10,12,Tin phan trung,"Otp lu bu, làm khó người dùng khi đổi điện thoại"
433bc746-07cb-475e-8ccf-c8ca274cb063,1,2024-01-09,23,dao tran hung,"Ứng dụng quá tệ. Nạp tiền không vào tài khoản. Nên học hỏi vndirect khoản nạp, chuyển tiền. Fanpage FB nhắn tin admin ko trả lời."
38b5b12a-54a7-4fcc-be8f-a08bd57ba8d9,5,2024-01-06,4,Anh Nghĩa,🤓👍
03d5cfef-c8e9-49dd-b1b9-19a96efcc100,1,2024-01-04,7,Huu luan Nguyen,Ko hủy được dịch vụ chăm sóc khách hàng (trừ khi đến xóa tài khoản đăng kí lại) thế nên phí quá cao. Đặt có lệnh chưa đến 80 triệu mà phí 110k thì chịu.
17a1cc3c-6491-49c0-a7ef-56a47f97a91f,3,2024-01-04,1,Dung vovan,Chờ gửi mã OTP về xác nhận mà sao không thấy vậy
10f38b08-dd68-43f6-85b6-488b3bdf697b,1,2023-12-29,4,Thanh Bình Nguyễn,Đã tịt ngóm không vào được màn hình đăng nhập từ mấy hôm nay.
18231bc4-8c58-476a-86b9-03ccc61885fc,1,2023-12-29,3,onee-chan tv Tran,Lác vãi
8095ebf2-65c9-43cc-951a-aa76f15adb71,1,2023-12-28,1,Nguyen Tuyen,Quá tệ
0e40660e-bd95-47c1-9f1d-0135230d4b24,1,2023-12-28,3,Nhi Nguyễn Lan Quỳnh,Đăng nhập mà không gửi mã OTP
e944a248-e337-4ca6-a1f2-1f408b8fffb2,2,2023-12-28,2,Hạnh phạm,Tải về mà k mở dc ra là sao mọi ng nhỉ
6453cc68-419f-4efb-b22c-cab484e6e2ba,1,2023-12-27,6,Mr Bi,Đăng xuất ra. Không đăng nhập lại được lý do không có otp yêu cầu mở từ ứng dụng?! . Ngáo thật sự
272b202a-2448-4da8-b732-799a8a43b1ab,2,2023-12-26,3,N.H. Hải,Càng nâng cấp càng chán. Cập nhật mới mất luôn đăng nhập bằng khuôn mặt.
cdc25fd7-63ad-445c-8c4e-92286dff9242,1,2023-12-26,0,djjsnsks nguyen,Phiên bản mới không biết đặt lệnh ATC. Chán vl cập nhật suốt
45f4d919-808b-41b5-a45b-0ba142fa1365,1,2023-12-26,3,Nhon Ho,Sáng giờ mờ app k được.
81ed742a-2f27-4d88-80a1-d889d0d012cb,1,2023-12-26,8,Tai Phan,Để giao diện cũ đi Cần đặt lệnh nhanh chứ không phải ngồi mò
5fd796af-f9cc-4fb2-a3ba-e8a788d6ef27,1,2023-12-26,10,Quốc Tư Trần,Giao diện mới thật sự khó sử dụng. Nên đưa về giao diện cũ. Cách thức đăng nhập thay đổi liên tục nếu không nhớ mật khẩu thì ko thể đăng nhập được
3c606691-d5e4-4411-83ae-2c9cae6f72b6,1,2023-12-25,13,Doãn Thiên Sầu,Chức năng xác thực khuôn mặt ko xác thực được dù đã thử rất nhiều lần. Nạp tiền vào thì dễ rút ra rất khó khăn.
05d480aa-655d-406d-958d-761e1cb8a5db,1,2023-12-25,12,Thảo Nguyễn Thị Thu,"Ứng dụng quá kém, bắt update liên tục chục ngày update 1 lần, không update không đăng nhập được. Mỗi lần cập nhật mới là tốn rất nhiều dung lượng, hệ thống gíao diện xấu, chạy sai dữ liệu rồi còn vẽ vời muôn vàng thứ phí nào là phí hệ thống, phí SMS. Mình sẽ bỏ VPS qua Tech"
b1e7c347-e602-4937-b124-dd26917f595e,1,2023-12-20,7,Long Nguyễn Hoàng,Lộ thông tin điện thoại làm phiền khách hàng
9698cc61-5184-4e2a-a040-372c7bf4be4d,1,2023-12-19,7,Minh An Võ,"Càng cập nhật càng khó dùng, nên cho đám IT nghỉ việc hết là vừa."
facbd81c-90bf-47c9-a81f-2d9fa3926980,5,2023-12-18,1,Chu Văn Hanh,Tốt nhanh
6f16bb73-bed5-4da6-a190-701987351849,1,2023-12-15,10,Hợp Lê khắc,Bị lộ thông tin cá nhân Ngày nào cũng có người gọi tư vẫn làm phiền Rất rày
76c32965-353d-41f1-91c7-31e3aef56f1f,1,2023-12-14,6,Minh Đức,"Mã giới thiệu BBQK Nhập mã nhận ưu đãi 6tháng free phí giao dịch, và nhận khuyến nghị mua bán tốt nhất."
cb7ae439-651b-448d-b341-ab2e245ba671,1,2023-12-13,4,Phương Nam,"Giao diện không ổn, rất dễ đặt mua bán nhầm cổ phiếu, nên thay đổi"
0e016777-acde-4911-8d7d-4398ac978a4b,1,2023-12-12,16,Thanh Nguyễn Nhựt,Tệ hơn chử tệ mà không biết dùng từ nào hơn chử tệ. Giao diện như cái giẻ rách. Cty tăng phí vô tội vạ xem khách hàng ko ra gì. Tẩy chai.......
bd2adf14-da3f-4035-96c7-7ac59cf22e66,5,2023-12-11,0,Van Quynh Ly,"Đổi mật khẩu thành công , đến khi mở lại bằng vân tay hay khuân mặt thì vẫn hiển mật khẩu cũ."
3c121e3b-008c-4fc7-a3d8-ed73bc619965,1,2023-12-11,4,Nguyên Nguyễn,Thích phiên bản cũ hơn
e3933350-af8e-4cb6-9fb0-74c18c9fd2d8,5,2023-12-09,0,Nhathao Nguyen,Ok
563bb3b3-f124-4a35-bdb6-73d091ad09f5,4,2023-12-08,2,Kiên Sinh,Còn hay đơ khi tìm cổ phiếu...
3014aecc-10cf-48fa-9efd-b7e3d2f6d36b,4,2023-12-08,1,TUẤN Q2T-,Khá ổn.
16694114-0907-48a7-9c17-3e5574ca083e,1,2023-12-06,6,Vinh Nguyễn,"Sau khi đăng ký tài khoản với công ty chứng khoán VPS, một ngày bạn sẽ nhận được 3-5 cuộc gọi làm phiền."
15c43c33-464e-4b31-97b8-547fe556fad6,5,2023-12-03,0,thanh sang,Ứng dụng tuyệt vời cải thiện tính năng hay..
94e65948-a556-45d5-9264-8d08c33d6e07,5,2023-12-02,0,Bảo Nam,Quá tuyệt vời
6cdfdcff-a263-4621-b9e1-53befdacab23,1,2023-11-29,2,Phong Bùi,App cập nhật phiên bản mới quá khó dùng
e538dbe1-828d-4c85-9284-8077fb636875,1,2023-11-28,3,Quân Hồ,Chờ cả tháng chưa thấy kích hoạt tài khoản
bc413cb1-0886-443c-b371-2c5a189d0731,1,2023-11-28,2,Acoustic Hạnh,Không đăng nhập vào được
4da37480-8df8-49ce-b422-fd95b7e50030,1,2023-11-27,8,Xen Bùi,"Sao dạo này cập nhât lên mà lag quá,giao dịch suốt ngày quay quay là sao vậy? Cần phải nâng cấp và khắc phục gấp."
a0881595-9a0a-43dd-90cc-73a0ba742778,1,2023-11-23,2,Luận Trương,Mấy anh chị em hỏi. Sao em vào app được mà không giao dịch được
b5b70c2d-0033-4904-8335-1d3bccf372af,1,2023-11-22,1,Thinh Nguyen,app quá tệ
4524c2b5-4789-454e-82f4-3d139af2b894,1,2023-11-22,13,Truong An Nguyen,Ứng dụng mới cập nhật lên phiên bản mới cứ bị lỗi liên tục. VPS xem sao chứ kiểu này chán quá.
d63615c5-e1c9-4232-8de4-1470b642334d,1,2023-11-21,3,Trình Hồ Duy,Bảo mật 2 lớp củ chuối
ca061065-3119-40b0-a57b-165180ed740f,1,2023-11-20,1,Tung Phan,Ko cập nhật để rút tiền đc
0b5261e2-d601-401f-8c9c-2188bc2cef73,1,2023-11-20,5,luân nguyễn thành,"app quá tệ, quyết định bán hết để qua app khác"
94bcc089-e991-45ef-8e9d-ee43fb3d03dd,1,2023-11-20,0,nguyen thanh hieu,"Mọi người đừng tải về, đăng ký xong nó gọi cả ngày, gọi cả năm, đang trong giờ nghỉ ngơi cũng gọi, phiền vcl luôn, biết thế chọn sàn khác cho lành"
df6801ab-0ebd-4d5f-96a4-a19038be5df0,3,2023-11-19,5,Dung Phamvan,VPS làm lộ số điện thoại người dùng để suốt ngày các hội nhóm gọi điện làm phiền. Tôi có hỏi thì bảo cty vps cho số điện thoại. Tôi đã bị lừa mất tiền bởi 1 hội nhóm.
d45f5e36-4c94-42fb-a213-d2271e15b2d4,1,2023-11-17,7,Hoài An Lê,Cực kỳ phiền phức! Nhân viên gọi điện mời chào liên tục 24/24/7 báo cty cực nhiều lần nhưng k giải quyết đc! Tôi sẽ dùng sử dụng vps. Mọi ng cũng đừng dùng vps
3171d5d3-2e1b-40e5-a476-0a2cc9305b61,1,2023-11-17,4,Hiền Nguyễn,IT VPS như cái đầu b... Để bước giá đánh đố nhà đầu tư à?
ea5a3914-aee5-4d46-9401-b87412c77760,1,2023-11-17,3,An Dao,App tệ. Tự dưng đổi giao diện toàn tiếng Anh
795468b0-020b-4710-90b5-aeaafe5e78c1,2,2023-11-15,4,Hậu duệ Bảo Đại king Đặng thanh Dũng,"Sao mở tài khoản,nạp tiền vào ok rồi mà còn đòi xác thực tài khoản, chụp ảnh căn cước làm quái gì nữa?? Trong khi camera Smartphone tôi chụp mờ lắm.chưa cho chuyển tiền cũng như không thấy mục rút tiền nữa chứ..."
8bdf8b09-0cb6-434a-9a58-e1144eec3fa8,5,2023-11-14,0,Thanh Sang,Ứng dụng ok nhé
44f8e2e3-f395-407c-b19c-0d6f100440aa,1,2023-11-14,0,Nhiên Bùi Hiển,"Stop loss mà để giá limit, đừng đi lừa khách hàng của mình bất nhân lắm"
85c73ee8-b6ad-4d83-bf91-6e2990d8d1d1,1,2023-11-13,0,Tân Nguyễn,"Quá phiền, cứ gọi điện quảng cáo liên tục bất kể sáng tối, hay thứ 7 CN."
887c0f9c-4f0c-4d0f-82a4-bd15d854d48e,5,2023-11-12,1,Ba Nguyễn,"Ứng dụng khá OK , VPS không ngừng nâng cấp phần mềm ứng dụng , bảo mật cao, giao dịch nạp, rút rất nhanh."
eddcdb14-ce51-41c0-b8f1-82147a17a9c1,1,2023-11-12,5,N guỵ,"Mới mở tài khoản qua bên này , nhưng cái app củ chuối vào đúng mk nhưng toàn báo sai , xác thực ko đc . Chào luôn"
8ba39b5f-c28d-4766-8ae7-7aaff0eca576,1,2023-11-10,9,Nguyễn Trọng,"Đợt update vừa rồi thay đổi giao diện thấy app lag vl , lag ngay cả khi ko phải giờ cao điểm. Nếu ko cải thiện ngay tôi sẽ chuyển sang dùng tài khoản cty ck khác"
f7e44b4e-cccb-4eff-9263-19d433307d34,3,2023-11-10,0,Tiến Hoành Phạm,Khó xem
698773d9-4ac4-4132-b84c-28b5d10ad725,5,2023-11-09,0,Thanh Do,Tot
0fab633b-373a-4802-b251-0dd9828bfc95,1,2023-11-09,2,Chuyên Gia Tối Ưu,App rác lừa
7259e259-fbf9-4d74-9e8a-227d4443333f,1,2023-11-08,10,Đỗ Ngọc Dự (Digital Marketing),"App cập nhật liên tục, mỗi lần cập nhật là lại phải xóa và cài lại để đăng ký lại smart OTP; lần cập nhật này thì cài lại bao nhiêu lần cũng không đăng ký được smart otp, nhập mã pin bấm xác nhận cứ quay quay ko hoàn thành được, điên hết cả người. Không thể đăng nhập trì duyệt web chỉ vì cái này, thao tác giao dịch trên mobile rất bất tiện."
2f532862-fcf1-488b-979d-c3c4fe493f75,3,2023-11-07,0,Bùi Thư,"App tích hợp cho lắm các ""tiện ích"" vào (ko biết với đa số nđt là ""có ích"" thật ko chứ tôi ko dùng bao giờ) trong khi cái rất thiết thực với nđt như đăng ký quyền, thực hiện quyền thì lại ko có."
86d4b830-1f33-4137-830e-d68f2a8542e8,1,2023-11-07,1,Doanh Bùi Công,Mã OTP không gửi ???
d3946b89-7505-44de-a5b8-4e58a6c74611,3,2023-11-07,5,Nam Nguyen Thanh,"Sau khi bán CP, app không hiển thị tiền bán T0, T1 chờ về TK. Đề xuất bổ sung nội dung này như phiên bản trước. Thanks"
26589014-9189-46cd-9ed3-65301821f327,1,2023-11-07,1,Thành Phạm,càng làm cảng dở
0f4abcd4-32b4-48bd-bcf2-56a0939a61ec,1,2023-11-07,0,hero war,"Vấn đề bảo mật thông tin khách hàng ko tốt, tôi đã có tư vấn viên rồi mà hàng ngày vẫn nghe gần chục cuộc gọi mời tư vấn, tham gia nhóm này nhóm kia"
2ed5d528-a43b-4f85-a4b6-be6e3eb3e568,1,2023-11-07,10,Tuan Lethanh,"Suốt ngày thay đổi giao diện, chỉ ăn và đi thay đổi giao diện bắt update phần mềm, không hiểu làm vậy để làm gì ? Giao diện mới bất tiện khó dùng, phí margin trừ quá cao. Đánh giá VPS ngày càng tệ, người dùng sẽ dần chuyển hết sang các công ty chứng khoán khác là xu hướng chung"
cd048d7d-100c-433d-bd0d-3c9ae0970482,5,2023-11-06,0,Sat Nguyenvan,Ứng dụng tuyệt vời tôi rất hài lòng
276ff59f-3111-4547-a65b-0e1ebdff3e7c,1,2023-11-06,1,Chiều Nguyễn Minh,Giao diện mới vừa khó dùng và vừa lag. Đề nghị về giao diện cũ hoặc có tùy chọn chế độ chỉnh về giao diện cũ
b00a2132-d9b6-479e-ba15-10b015fb5f60,1,2023-11-02,3,ANH TAN,Quay lại bản cũ dễ dùng mé cập nhật đell dùng đc khó vl càng cập nhật càng tệ lên bán dell bao h dùng vps nữa cập nhật như lolll
d9a73f4c-da7b-4b75-98c0-a1bf3119f847,2,2023-11-01,6,LONG BĐS MINH,"Yêu cầu cải thiện việc xác thực tài khoản, xác thực bao nhiêu lần cũng ko được, xác thực hoàn tất rồi đăng nhập vào vẫn báo ko được"
9f129c1d-63e2-4828-b05d-3b03e9cc62f4,3,2023-10-31,2,Tai Nguyen,Vps ngày càng đi lùi. Giao diện mới này khó coi quá. Giao diện cũ nhìn vào thể hiện hết. Còn giao diện mới phải vô từng phần. Chắc qua fts phí rẻ hơn quá
7047ea1e-96aa-46e7-a57c-af2ef1806dda,2,2023-10-31,1,Ngọc Minh Nguyễn,Update khá tệ
b12c4be3-6471-49a4-bb17-43b65b0988ac,5,2023-10-31,0,Trang Phạm,Ok
3b30a603-fbc6-4efa-b7ff-5cca40358d9e,1,2023-10-30,1,Thái Minh,"Đổi giao diện suốt, rối cả mắt"
5ed639a1-cd75-4130-9489-1621040da44d,1,2023-10-30,10,Khac Linh Nguyen,App càng nâng cấp thì càng tệ hơn...nếu ko có sự thay đổi e rằng khách hàng sẽ quay lưng...nói chung đợt nâng cấp này quá tồi tệ😡
7df29041-7c37-494b-9983-b709ef4cd4b3,1,2023-10-28,1,Trọng đại Nguyễn,Bản cập nhật mới ko ra hồn.còn ko xem được cả bảng điện. Chửi cả lò công ty.
44c9423d-5d39-4248-a318-a747e5014a40,1,2023-10-27,6,Xuân trường Trịnh,Thay đổi phiên bản mới tồi tệ hơn vào tìm danh mục khó và muốn mua bán khó quá làm ơn để phiên bản cũ dùm cái tôi chỉ kêu nó vào hay bị đơ thôi nhưng giờ phiên bản mới còn tồi tệ hơn vào xem mà rối hết cả mắt tưởng bị mất tiền và mất các mã cp luôn....muốn mua hay bán thì lâu muốn điên nên mất tìm mãi mới dc... cái phiên bản cũ còn nhanh hơn mỗi cái tội hay bị đơ ko vào dc
c11e9e73-3fed-4881-a1e6-a772f59d3023,1,2023-10-26,2,Dieu Huynh,Giao diện mới rối quá
f2cdd994-0f9e-4734-946c-24778c0c557b,1,2023-10-26,21,Thang Nguyen Xuan,"2 thất bại của VPS. 1 ""chuyên gia"" khuyến nghị. 2. Phần mềm thay đổi tưng tưng không kế thừa."
de4c61a7-0c14-4a49-bcc6-8c68d0124bb2,1,2023-10-26,43,Như Phong,Liên tục update mà càng ngày càng như lol. Thu phí các kiểu mà vẫn chẳng ra gì. Cái thằng này góp ý mãi vẫn không thay đổi.
5e86e699-a4a0-4427-a2de-7d3779dae3ad,4,2023-10-26,0,Kaka Ngoc,OK good.
8103f7be-5a1c-47be-ac23-2b49b4f13f1a,1,2023-10-26,1,Hưng Lê Xuân,Đổi sang giao diện mới nhưng là cải lùi. Tồi
b190dec5-5bd5-4f44-9f21-a45fdade9cbc,1,2023-10-26,7,Mai Trúc Giang,"Giao diện cứ 1 tuần đổi 1 lần mà không thông báo hay training cho người dùng. Bản cập nhật mới nhất nhìn rối mắt, phải thao tác nhiều bước mới đặt lệnh đc. Quá chán 👎👎👎"
68d7c773-fa61-4c8f-ad86-d60a53c99a75,5,2023-10-25,0,Nguyễn Hữu Hoa,Bạn nhập ID giới thiệu BGLN để được hổ trợ tốt nhất nhé.
5451a401-fc5c-48a2-9d88-4035fe16c965,5,2023-10-25,0,Nguyễn Hữu Hoa,Bạn nhập mã giới thiệu BGLN để được hỗ trợ nhé.
b3997186-ef5d-43b4-9207-dcc57fdd35b0,1,2023-10-25,0,Khang Nguyen,Giao diện mới cực kỳ tệ.. không biết vps có não ko
84d73f4e-499e-4a46-a063-aa2814ce4b88,1,2023-10-25,1,THOMSON NGUYỄN,từ ngày nâng cấp báo lỗi liên tục
5e06e4c8-f5a9-4594-9309-954580f9691f,5,2023-10-25,0,Trần Minh Khương,Phần mềm thông minh.
2b2ce4a3-12b6-4826-86b9-3e5b435b876e,1,2023-10-24,1,Huy Hoàng SDU Official,Trong TK có 1 mã chứng khoán mà trong danh mục nó k hiện. Cứ tưởng làm sao. Vào phần bán gõ mã ra thì vẫn có cổ phiếu của mình
e1e88acc-622c-4730-9585-44d9467ea826,1,2023-10-23,4,Phạm Quang Huy,"ko đăng nhập đc, ko nhận đc smartOTP"
43815387-b735-4697-aee0-3fac238ba154,1,2023-10-21,2,nguyen vũ,"giao diện khó dùng, không thân thiên"
2a1a9495-dadd-4d47-80bb-dd70d7ed7fe9,1,2023-10-20,6,Khoa Pham,"Đăng nhập không đc, SmartOTP không thấy gửi"
ae695090-8816-4562-8a83-912e75a80158,1,2023-10-19,5,Law Of War,"Tạo tk xong book broker thì bảo tk dính DVKH ko cho đổi, muốn đổi phải xoá tk tạo lại hoặc dùng tk người thân. Quá sợ hãi. Chia tay."
ce9896f3-3e6b-4223-a9be-d60670c5f6f4,1,2023-10-19,5,AN NGUYỄN THỊ,"Khuyên mọi người không nên dùng, tư vấn quá tệ, app quá phức tạp. Lỗi rút tiền IT không xử lý được. Xác thực eKYC thì từ sáng tới chiều quét khuôn mặt cũng không xác nhận. Gọi điện tư vấn phán câu xanh rờn "" khuôn mặt không giống trên cmnd, cccd "" . Dịch vụ hãm không chịu được. Bắt lên trung tâm ký giấy tờ xong bảo xác thực onl, xong bảo đợi 30p mới có kết quả, xong hỏi ngồi đợi 30p được không thì đuổi mình về. Ra tận trung tâm rút tiền offline không luôn, nên khuyên mọi người đừng dùng VPS."
6d6558fc-c068-439b-8006-d79c26d78dfc,5,2023-10-18,0,chau le,Ổn
27ca1c99-dd6a-498c-bea1-7cae561fa87d,1,2023-10-18,0,Ngáo Tv,Không nhận được mã OTP rút tiền
4ecc1209-d3c3-4946-b28c-ae4a7189c4f5,2,2023-10-18,1,Cảnh Lý Sơn,App gì lag ... thị trường xuống app đơ ... Chơi bẫn
2613d84b-e506-43a1-84fd-0b6e32ca6114,1,2023-10-16,0,Thắng Nguyễn,Tệ
728d4320-2106-4c4a-867c-04158c9668c3,1,2023-10-12,4,Nhật Nguyễn Minh,Khi xác thực tài khoản chỗ chữ ký có phần hướng dẫn tắt không được sao mà tải chữ ký lên hoặc chụp hình được
4d2cb4e8-39cb-4db3-8a54-0d585b94ea5b,1,2023-10-12,6,Chủ Trang,"Trải nghiệm cực kì tệ, điện thoại reboot, nhập smart otp thì báo sai, muốn đổi thì có 2 cách 1 là web 2 là theo số đường dây nóng. Cách thứ nhất k khả thi vì hỗ trợ chán, chậm, cộng với hướng dẫn 1 đằng app 1 nẻo. Cách 2 thì đánh đố người dùng nhập 6 số cuối tên tk trong khi tên tk có chữ cái trong đó. Nhập chữ cái bằng bàn phím số kiểu j hả trời"
89cee8bc-fea1-44fe-9b57-ae279a633a54,5,2023-10-10,0,Lan Nguyen,Ok
ec0ee918-e893-4651-b69f-139dbc3fae15,5,2023-10-10,0,Nhat Le,Tot
606bd582-cc7d-4233-bfbe-43a5cc6dd19c,1,2023-10-10,8,Khoa Phan,Qua nay có ai bị lỗi chuyển tiền ko
6310653e-06df-47f7-bfd3-619f7d1827c2,1,2023-10-07,2,Đạt Đinh,Aap đơ
fe1ad819-6dad-4f48-8af3-b3e12f8d26bc,4,2023-10-05,2,Hoàn Phạm,"Ủa , chuyển tiền vào mà k thấy tiền đâu luôn"
7accf6ee-7aff-478e-90e0-6aeaebbc6f05,1,2023-10-04,2,Thang Nguyen,App như rùa bò.
2d8cd778-e559-4834-8586-75872630bc6e,2,2023-09-29,2,Đức Trần Thanh,"nâng cấp ứng dụng, mất phần ""Cảnh báo lãi lỗ của Phái Sinh"""
b0f9dd91-7d93-4bf8-9872-1bbe7accc48c,4,2023-09-28,2,Gia Giản,"App chán lắm. Sao mà đang vội, nó cứ lỗi đăng nhập bắt thử lại mãi jdkmjsiskjdbdjsks"
61b5a302-192c-414d-ad01-0afe2ba724f9,1,2023-09-28,3,long phạm hoàng,Nạp tiền phiền vcc
d95dd77b-96db-4fe7-bbae-292f34908fdd,1,2023-09-28,1,Baby Love,Má pm chụp hình như ccc tao
3804fdd0-4c6e-4c29-b736-b4c19a4def0e,1,2023-09-26,0,Linh Tran,Cái công ty làm ăn mất dạy. Không có đạo đức nghề nghiệp. Nên tẩy chay
25ef8e01-f6f1-461a-b040-80835e3e2f9d,3,2023-09-23,0,quoc nguyen,"App cần thêm chức năng sắp xếp bảng chứng khoán, cột abc, cột lãi/lỗ...cảm ơn"
87266fac-674c-46b4-a87d-8cf451160fd3,1,2023-09-21,7,Hoàng Nam Nguyễn,"Đây là đỉnh cao của sự thiểu năng Đăng nhập 2 lớp, vào smartotp nhập đúg mã r vẫn báo sai, đến cả cái ifa quản lý khách hàng mà quên mk cũg đ cho lấy lại Bây h đ đăg nhập vào dc cái gì nữa, đúg là tự hủy, IT lương nghìn $ hốc lắm vào r code ra cái app đần độn nhất store :))"
1d03419f-0407-4360-bad3-3283ba3f7cfc,3,2023-09-21,3,Viet Hang Nguyen,Bị mất chức năng hiển thị thông báo nhanh trên màn hình điện thoại.
c9f2803d-2345-44a2-8c2c-6c722932b4cf,3,2023-09-20,0,Dong Nguyenvan,Ko được mượt như mong đợi
2a564eaa-074a-4dc6-ac49-6ae3f6a0c05d,1,2023-09-19,6,Cửa hàng DT Smart,"Đăng nhập, Bắt nhập mã OTP nhưng không bao giờ gửi. Chịu chết ko đăng nhập được"
d64ebe9d-d267-40c1-a8d7-c7979a40a608,1,2023-09-16,1,Trần Tài,Không cài dc
4f9df6bf-25ac-480d-b8ea-b1df5a2b5100,1,2023-09-15,0,Anh Lương,"Dịch vụ kém, nhân viên thiếu chuyên nghiệp"
4bb0a658-fbd2-4cfc-9f7d-d13489865a02,1,2023-09-14,1,Võ Vân,Quá tệ..
4f027051-8e88-47d3-86f4-a1f070c4d783,1,2023-09-12,2,Thiết Bản-Công,"Cập nhật xong, vân tay ko sd được, mỗi lần lại phải đánh Pass là sao hả các anh VPS"
7169edb7-61f9-4d7b-b61e-8749d256686e,1,2023-09-12,7,Tiến Nguyễn,Ứng dụng lỗi mãi không fix dc.
ea923731-31ff-4f36-8235-b6536db71e3a,1,2023-09-11,1,Minh Châu,Quá Tệ. Càng cập nhật càng đơ. Mang tiếng phần mềm thu tiền hàng tháng
185f4d48-66f4-4478-900c-ef96d211d6d9,1,2023-09-10,1,Tuấn Lê Anh,Đăng nhập smartotp không được mặc đù đúng mã. Email gọi điện nhờ hổ trợ với kỹ thuật giúp thì giộng điệu như cha người ta nói chuyện vô lể mà làm việc chậm chạp gần 1 tuần mà không thấy hồi âm giải quyết gì cả. Quá tệ
3c00f422-c7c8-4307-9463-989e69d95cd7,2,2023-09-07,4,Ngọc Nhi,"Hello, để tránh bị lừa vào VAY9 . C0M mà vay, em"
2aa84640-239a-451d-b0ed-82ea5c88b574,1,2023-09-07,0,Cu Hoang,Cài lại liên tục
7b89158b-872f-4d93-8965-5b486aaeea33,1,2023-09-07,3,Troll olo,Update xong ko đăng nhập vào app nổi luôn @@
ca01f404-8a09-443f-a49e-7e00d0955fcb,2,2023-09-06,3,thảo trịnh,Cập nhật để tốt hơn mà tệ hơn bản cũ vào lệnh toàn bị đơ ko nhập được giá + khối lượng
8471eb74-32b6-4491-8145-133f5b1e5559,1,2023-09-06,3,Cảnh Lương Lê,Đăng nhập vào đòi smat otp mới vào được trong khi mình chưa đăng ký
944a1f9e-f1b7-4714-a7c7-1f84501fe0cd,1,2023-09-05,1,Man Luu Van,Quá tệ. Cập nhật cái sau k bằng cái trước. K đăng nhập lại được. Mất luôn tk nếu mất sim hoặc lâu knddang nhập
c3182bae-b664-4553-b7c6-76128db05f21,3,2023-09-05,2,Nguyễn Hà,Suốt ngày bị đơ Giá đang lên đặt lệnh bán cái đơ xog giá xuống mất Chán
198645e2-d43b-4c59-beb3-4c64e457b0a3,5,2023-09-05,1,Ngọc Nguyễn,"Alo OK, vô VAY5 . C0M vay 0 lãi OK nha"
c6375238-d705-413c-addf-5f3228a3bf0f,5,2023-09-04,0,Todung2009,OK
49bd9295-a2b5-4776-9b26-2e836fe3fcbb,4,2023-09-03,1,Joseph Louissol,"hi ae Ê, vào wed VAY9 . C0M mà vay cũng ok luôn"
f5496500-4842-4850-82a2-170340314c9e,1,2023-09-03,0,Xuân Tiến Trần,"nạp tiền ko cộng vào tài khoản, ăn quỵt tiền người khác, app zô đạo đức thế làm ăn gì nữa, dẹp đi nhé, phải j có 0* chứ 1* thì tệ quá rùi"
a0d8448d-4999-407c-895a-9b4c12f8b082,1,2023-09-01,3,Sơn Triệu,tạo tài khoản cả buổi làm như nào cũng bảo K hợp lệ quá tệ làm mất thời gian
9f8e971a-3c1c-4de4-b327-6c962bebca2e,3,2023-08-31,0,MT Tran,Tháng cập nhật 4 lần. Đm
9f4425cf-56ee-4bb8-ab6b-e2b78f282961,1,2023-08-31,7,công lê,"Thi thoảng không truy cập được. Khoản tiền ứng đã cao rồi. Còn sinh thêm khoản rút tiền. Ngân hàng xưa thu phí rút tiền, hiện giờ đã bỏ thu mấy năm nay. Vps làm ngược lại. Qua tháng 9 này bán hết và bye luôn."
545e6a78-b548-4597-ba13-92bb96db8025,1,2023-08-31,0,Vietanh Nguyen,Lác
a697918f-da3a-4ca4-9b5f-215635da16e4,1,2023-08-31,0,Công ty Phát Nhất,Cập nhập chậm chạp
7104603b-cad0-4508-a67f-e2408b43bd9c,5,2023-08-31,0,Chánh Trung,Tốt
75920523-9d47-45fe-ad50-c2353bf7b976,5,2023-08-30,0,Binh Luong thanh,Tot
e9fb41da-6dbf-4261-97a3-668a1dee8f59,1,2023-08-30,0,Nhu Y Phan,Quá mệt với xác minh 2 bước
23a98070-1a62-4dc9-83fc-0a0db697ea59,5,2023-08-30,1,Giang Nguyễn,Ứng dụng tốt ..
fc1fbd3b-48a4-4e96-a316-af14ac3235a9,1,2023-08-30,0,Lâm Thắng,Lừa đảo
c3c57b01-02b4-419a-8adc-3f4cb2588525,1,2023-08-30,3,Luc Vu,Cập nhật xong đòi smartOTP để đăng nhập. Bấm vào smart OTP thì đòi đăng nhập xong mới bật được nó lên. Tóm lại là ko thể đăng nhập được vào tk.
2671ab37-47b7-4ef9-8eef-db2c5fca8785,1,2023-08-30,1,Xuân Mạnh Lê,Lag
896841fd-28c8-43b9-beb1-570f392987fc,2,2023-08-30,0,chiến triệu,Suốt ngày thấy cập nhật
e98c4995-8326-4f20-b62c-3331c7f503d8,5,2023-08-30,0,pham toan,Ok
193fe196-77e6-4f74-97c6-f93d45cbe304,1,2023-08-29,1,Phú Triệu Phan,Tệ
427b4cc7-ea54-4505-a1a9-1f465207846b,5,2023-08-29,4,Lê Thanh Hải,Không xác thực chữ ký đc
24181b6f-0fdd-46bf-818e-ddf42ac7a1d9,1,2023-08-29,1,Bi Ken,Quá tệ.
eda334bc-9e5a-40d3-83e5-2533625fd35f,1,2023-08-28,0,Vùng Nằm,"Stupid app ever!!! Quảng cáo là xác thực 5p mà làm 50p chưa xong! 1/ chụp CCCD lên quét ra sai thông tin (ngày cấp, số nhà địa chỉ), làm sau đó phải gọi liên hệ tổng đài để thay đổi, rất phiền phức 2/ Sau khi quét CCCD, ở bước nhập thông tin cá nhân trên app ko có ô chọn thành phố, nên ko thể hoàn thành tạo tài khoản vì app liên tục báo lỗi ""vui long chon tinh/ tp"" ???? (Đăng nhập trên web thì lại có)???? Phí hết cả tiếng ngồi xác thực mà còn ko xong với cái app StupidOne này!!!"
e381cc64-5541-4422-8397-24b99b36bc76,5,2023-08-28,0,Quang Phú,👍
ca4bb34c-a966-45b9-a61c-4a8ae63b7f56,4,2023-08-28,0,Hằng Khánh,"Nên mở thêm thời gian chuyển và thực hiện mở sổ tiết kiệm,tất toán 24/7"
831ae7bb-effa-4d8a-96f1-43d01dc4d271,5,2023-08-28,0,Le Dan,Ok
0e1ddfd2-5d62-4204-a889-4a353222bf16,5,2023-08-28,0,Thong Dang,Giao dịch nhanh chóng uy tín chất lượng
443bce78-3d18-4131-932d-a858a411d48f,2,2023-08-28,1,Truong Chi,Khó dùng
48ddbfad-fb69-4edb-b20b-1d4e9c551cf3,2,2023-08-28,16,Tín Huỳnh,Cập nhật cái lag vl
81460671-9099-40a2-b67f-e70bcfae9871,5,2023-08-28,0,Hướng Chí,App nhanh
2ab1f2a7-8492-4f9d-8588-8c608e10d2bb,1,2023-08-28,2,Tu Pham,App quá đểu
6ebde4f7-12c1-4c9d-bc4d-a498855bf2db,1,2023-08-28,6,Nam Nguyễn,"Sau khi cập nhật k đăng nhập đc, k thay đổi mk đc"
6ad50056-c43e-4738-ac0f-0e0a3a234aca,2,2023-08-28,0,Van Thuc,Update quá nhiều
c1b3fc16-e5f8-40bc-928a-6a8ebb2942ba,5,2023-08-28,0,Thang Vu,Ok
237824f2-8349-41e4-912f-eaf6d2d6a61a,3,2023-08-28,2,Lucian Quảng Ngãi,Đk chụp cccd sấp mặt vẫn k đc
6e0a6d5e-5a3a-410e-adc3-063718af27df,1,2023-08-28,2,kasuya hamasuki,"Update 1 cái mất tk đăng nhập, mất luôn cả chức năng nhớ mk lun, quá hay"
6863a1e8-4a8d-4725-bf98-3c875b5b75c4,5,2023-08-28,0,Vinh Pham,Good
dc780f15-5714-41e0-b7fe-b27f3f196f93,2,2023-08-28,1,Vinh Hồ Sỹ,Ăn rồi cập nhật
0ed5eaec-b45e-4951-9e05-d2da56deeafd,5,2023-08-28,0,Nguyen Ngoc Tan,Tốt
a7ed324a-ebef-4d58-9b3c-d70d85477f42,5,2023-08-28,0,LÊ LỢI,Rất tốt
2a06b073-bca8-4b97-98ac-69ac9b68a827,1,2023-08-28,11,Bùi Đinh,Cập nhật liên tục mât thơi gian quá
f98fe3fc-eaa2-4ec1-bac9-e7922d1f95f5,2,2023-08-28,8,VAN VU NGUYEN,Báo cáo tài chính thiếu cập nhật
3dda9410-7e1c-4cc7-bec1-1c0849646ea4,4,2023-08-28,0,thanh binh nguyen,Chưa hài lòng
7ad02b74-8f48-4e9e-a6bf-35c3002f0ae2,5,2023-08-28,0,Mr Banh,Ứng dụng tuyệt vời
f2611c65-a4f3-4491-beef-facc39a5ac99,2,2023-08-28,0,the manh Nguyen,"không thể cập nhật qua CHPlay, gỡ app ra cài lại cũng k thể cài dc."
d21bdc30-0b96-44b7-9513-8572925a682a,5,2023-08-28,4,Chuẩn Duong van,Cảm ơn các bạn làm rất tốt
65f08563-3391-4fae-8275-1e96b404b45f,1,2023-08-28,1,Nam Nguyen Tien,Cập nhật mãi không được cứ bắt cập nhật lại là sao.
aa3f2e87-9c9b-48f2-83ae-f09381149ffe,5,2023-08-28,0,Khanh Tran,Tốt
7a6582d1-f6db-417b-85ac-7e3f7e6e4e7a,5,2023-08-28,0,Nguyễn Danh Ngọ,Ok
dcaba46f-2730-4eb0-85d0-f855ad3e695e,5,2023-08-28,0,người cá xì tin,hiện tại rất OK
d26a7c5c-b27a-4f29-b7ac-2762fb6ec9e0,1,2023-08-28,2,tưởng nguyễn văn tưởng,"Ưng dụng gì cập nhật miết, tầm nhìn tối thiểu 1 năm đi cho nhà đầu từ đơ phiền coi"
2e298ce6-0f56-4100-91dc-29d1c783b74f,1,2023-08-28,3,Tuấn Oggy,App ngu vl
7a17cd43-2421-4711-91d5-4d43a10977ff,5,2023-08-28,0,Quyen Nguyen,TOT
94aced9a-75e8-433a-a974-5f54525326cd,5,2023-08-27,0,Vũ Việt,OK
271d000e-7ede-4454-9de8-dbf9ff8ecb5f,5,2023-08-27,0,BuiVietAnh1987 BuiVietAnh1987,Ok
d537d006-8fba-4079-9b7f-02c0caf27581,5,2023-08-27,2,Phong AKA vlog,Anh chị Gắn Id : R870 để dc miễn phí 3 tháng giao dịch thưởng
e9393cbb-387d-4d4b-8985-b653d166971a,5,2023-08-27,1,-ducchungtrinh-,Ok
42b4b889-580d-422d-8e6b-fdd28a734528,3,2023-08-25,0,Định Phan,Lag liên tục
a2899beb-09dd-40d9-970c-391e844555e5,5,2023-08-25,2,VA Sương Gió,Ok
8c3a791a-4a28-485b-a1d6-0a1a88c3ad50,5,2023-08-25,0,Hưng Tuấn,Good
c674e823-3124-4d02-8510-e9d50fb827b2,5,2023-08-23,1,duc nguyen,Giao diện dễ dùng.nhập mã cùng nhận thưởng mở tài khoản 706480
adf02d2b-0a19-421b-9e88-d02fa7dcffb8,5,2023-08-23,0,Hà Vương,Dễ dùng
376e0c47-924b-4994-a908-78784074f94b,1,2023-08-23,6,an vũ,Muốn chuyển tiền thì bị out! Chắc sớm chia tay với app thôi
50c35135-08bd-46e5-9ec3-0541932c6259,1,2023-08-22,2,Trần Hoàng Nam,"Đăng nhập thì kêu app lỗi, làm lỡ cơ hội nên 1* xứng đáng"
574c9e30-84e1-48fd-9826-b26854094f5c,1,2023-08-22,1,yên vương,Lỗi liên tục
71408391-0012-48db-b05a-f5cbee55afde,1,2023-08-22,2,Người dùng Google,Lỗi quá nhiều
6d03206c-52e4-4392-92f4-b4246568af4c,1,2023-08-21,0,Quân Võ,Ứng dụng mà lỗi suốt v 21/08/2023 vô hoài báo ko tim thấy máy chủ
3e86397c-9f41-46c9-a3bb-dcac5ed2451e,1,2023-08-21,3,Phuc Nguyen,Đang nhập vào là bị đóng ứng dụng
e4a0d75b-4a91-483d-9a80-bee6f64e2bf9,1,2023-08-21,5,Chu Tuấn Việt,"Ngày 21.08.2023. App tự động cập nhật, app bắt người dùng login( ko lưu tk và mk như mọi ngày) người dùng sử dụng điện thoại samsung c9pro androi 8.0. Tuy nhiên, khi login thì App liên tục đóng, ng dùng ko login dc. Dùng web thì bắt có smart OtP,mà app thì lỗi. Gọi hotline thì tổng đài bận. Update mà cty ko kiểm tra và support, rất thiếu chuyên nghiệp"
15f78155-c10a-4556-bc87-c9cdb4da5ea8,5,2023-08-19,0,Lê Đặng Tuấn Tú,Chứng khoán
79aa8b82-8557-408d-bd84-fa7c2b98cd25,5,2023-08-19,0,Thoai Lê,"Mới dùng nhưng cảm thấy ổn ổn, ko vấn đề gì"
6dca34ac-8d6c-4fea-929a-8c19b3caf22b,4,2023-08-18,0,Dang Thia,Tạm
b42ac8cc-d2bc-4305-974e-1f9a45e94437,2,2023-08-18,1,Hồng Yến,"alo, Ê, vô VAY9 . C0M mà vay đi ngon đ"
61296dbe-55cc-4b47-94b9-a1a9506282be,1,2023-08-16,6,Dư Đinh,ngày 16/08/2023 lúc 9h17 hệ thống vẫn chưa khởi động.
3a4147c1-c9e7-4d97-b292-a6fef56b24a7,1,2023-08-16,0,Huỳnh Trịnh,"Sa thải gấp đội IT của VPS, rất hay lỗi hệ thống, gây thiệt hại cho NĐT"
59e1afa9-ec89-4fa6-993c-f6d0281c5524,1,2023-08-16,1,Tấn Hưng Phạm,Đang lúc all in không kết nối được
34c54933-a1ba-410d-963c-d4be950e6e56,1,2023-08-16,0,Bao Lua,VPS cứ chứng khoán lập đỉnh là hệ thống bị lỗi đăng nhập. Không cho F0 chốt lời . Hài thiệt sự
6d267075-ef21-4e02-9978-55a7415d70ae,1,2023-08-16,3,Phú Tùng Nguyễn,"Đ**, vào phiên giao dịch thì lăn ra lỗi, mấy thằng IT ngu quá không làm được thì vất mẹ hệ thống đi"
5c25addb-f1aa-4c98-998b-7c856116a200,1,2023-08-16,2,The Trung,Kém
803199ff-844f-44bc-a99a-e1781ac9614f,1,2023-08-16,3,Thoa Le,Kích hoạt smart otp giao diện kém. Mã kích hoạt điền vào ngay sau khi nhận sms thì báo quá thời gian
a3ec0030-e684-4275-b034-5ade73b33798,1,2023-08-14,2,Anh Luong,"Trải nghiệm rất tệ, lúc 1 lớp 2 lớp bảo mật hết dùng mã pin xong lại sms, lằng nhằng lại còn k đăng nhập đc"
73beb6fd-ee43-473e-8609-03fb39e0af1c,3,2023-08-10,2,Tiến Phạm,Ứng dụng thêm phần hỗ trợ xoá tài khoảng nữa thì ok
d32af593-b640-4d5d-859a-9f1510cbb8df,1,2023-08-08,2,Trung Bùi quang,Của mìh ghi hệ thông đã bị khoá bàn không thể thực hiện là sao không hiểu làm sao mà bị khoá khi vừa tải về và đăng nhập
8071a9a7-5a78-483c-a35b-7f068c134613,5,2023-08-07,1,VÕ NGHĨA,"Em là nhân viên chứng khoán VPS, bác nào chưa có người chăm sóc thì ở phần giới thiệu gõ ID của em :BGWR để em hỗ trợ ạ! Cám ơn mọi người"
a5574fd5-eebf-4347-aed2-8849d88cfbc0,4,2023-08-04,4,Tuấn Anh,Vào VAY9 . C0M để kiêms 5000k
3d54e246-13ec-41b3-a476-37fdc19d3e9a,4,2023-07-31,1,Duc Pham,Rút tiền mất phí không như của MBB
407a04b1-9db3-4283-9e31-d582d3b1e3d4,1,2023-07-25,6,Nhung Mai,"quên pass đăng nhập, vps gửi pass mới qua sms nhưng vẫn ko đăng nhập được"
3fb01034-a54f-4d03-8a87-68cc84c2c2e2,1,2023-07-22,3,trang trang,Tệ. Suốt ngày bảo trì
b03e50b7-7670-43fa-8803-2a339044b8c7,4,2023-07-19,1,Hoa Tươi 4T - 4T Flower,K chuyên nghiệpvmưt ơ e
eea4ebef-b67a-4c25-a3b3-4c1486f9bee7,5,2023-07-17,0,Ngọc Quý Nguyễn,"App cái gì cũng tốt. Lặp lại cái gì cũg tốt khi có ""Smart OTP trên thiết bị cũ"" còn đăng nhập trên thiết bị mới thì dù có mail đk,sđt,khuôn mặt,căn cước cũg vô hiệu k đăng nhập được. Lời tâm sự của 1 thanh niên lỡ ngu k biết bán máy thế là khỏi giao dịch hay rút tiền vì có đăng nhập được đâu."
172fc797-c55f-407d-a0dc-9c8d0f8af51a,3,2023-07-17,0,Duy Nguyễn Quang,App nên thay đổi hình tròn nhiều màu ở sổ lệnh Điều kiện bằng số thứ tự. Để dễ nhận biết lệnh đó đã kích hoạt chưa. Cổ phiếu nên có thêm lịch sử giá khớp lệnh và góc nhìn kỹ thuật (giống vndirect)
0ef31cc7-b5b8-49f7-8764-1f39bd12a25a,5,2023-07-17,1,TrangWEB: VayTotNhat.C0M,"Vào web VAY9 . C0M mà vay mình vay rồi,"
f359751b-10d9-43e5-a17f-cceac0e8088f,5,2023-07-17,0,Trang: VayTotNhat.C0M,Vào VAY9 . C0M để kiêms 5000k nha
93bae366-49d2-45fb-89c3-c0bf31e998d8,5,2023-07-17,0,hung xa,Ok
5f57cd7a-a9f5-4a36-af96-db42be69ec0b,3,2023-07-14,0,Nhi Phương,Hữu trí tuệ và
f56f279a-a743-4faa-968c-01af0ebedd39,1,2023-07-14,0,Hung Vu Thai,"Quá đơ, sau khi vào app thì ko thế thao tác tiếp theo đc."
8297f95f-7461-4365-867c-e5314df86735,1,2023-07-12,1,Thanh Phạm,ko cập nhập được
d9a8b80c-d79f-4334-9787-2a62b02d26d0,2,2023-07-10,7,Minh Hai Tran,Ứng dụng khó dùng
6d37f400-14e5-4481-9449-1c03a71df22f,5,2023-07-10,6,WEB: VayTotNhat.C0M,Vào web VAY9 . C0M mà vay mình vay rồi
e68a879e-01ff-4da0-bad3-bda7a59ef12f,4,2023-07-08,0,hưng nguyễn việt,Ok
93c500ba-a99d-457a-a6fc-dee822163e8d,1,2023-07-08,0,Yến Trịnh Thị Hải,"Tới phần ảnh chữ ký, chụp xong là crash và không một thông báo. Nếu chức không dùng được thì đừng để nó tồn tại trên màn hình cho người dùng"
2765df7e-3104-4561-bd4a-5448072a867c,1,2023-07-07,1,Hoa Dx,Giới thiệu từ app vietin ipay. Cài xong nạp tiền. Ko xác thực đc ekyc. Cứ báo cấp quyền. Ko rút đc. Cũng ko làm gì đc nữa. Làm ăn ra cái app chất lượng kém. Như này vietin cũng hợp tác.
ba8259f9-7fc1-4071-933c-9c12b0651786,1,2023-07-06,2,754339 0349,Vào sác thực tài khoản không được. Đòi cấp quyền trong khi đã cấp quyền đầy đủ. App quá kém. Thật dại dột khi không xem dánh giá trước lỡ nạp tiền vào giờ ko bắn ra được
798b9a6c-a364-4f83-9ab5-f1d0aa8c937b,5,2023-07-04,2,WEB: VayTotNhat.C0M,Vào VAY9 . C0M để kiêms 5000k.
c0dd2bd0-0351-4562-a7b0-3b9be8898928,5,2023-07-03,2,Thang Nguyem,Tốt đẹp
41aa3dd1-f681-4ab6-b2c6-9b27758a4d34,4,2023-07-03,0,Đa phúc trang trại,50tr mày 🙃🙃🙃ffrerrt to từ4rtf5
7249298f-f74c-455d-b494-6eb7f6946091,5,2023-07-02,0,Hưng Ngô Thành,Fffc session đ
057848fe-f2d4-4f0b-88d4-991b512030a8,5,2023-06-30,1,Ref ID bonus: GZ33NNN8,Vào web VAY9 . C0M mà vay mình vay rồi
c7f6b465-7900-462c-813a-a381abad3c67,4,2023-06-30,1,Minh Phước Nguyễn,Cải thiện rất nhiều so với ban đầu
7a20cb55-43d8-4582-a25d-6d7b2db3da56,3,2023-06-29,2,Tuan Nguyễn,Cần nâng cấp thêm tỉ lệ % của cổ phiếu trên tổng nav
0b9a10ce-a03f-4a6b-87af-2ddaa8093b85,5,2023-06-28,0,toan ngv,tốt
9d94eaec-27f4-4aec-9651-a3703e9fbdd1,1,2023-06-28,5,Thong Phan,quá tệ.app đầu tư giao dịch mà đơ lag suốt.
29cc0520-6e30-456e-b406-e51d8f5fa9a5,1,2023-06-27,6,Manh Dat,"App như cẹc. Càng cập nhập càng như hạch. Lag, đổi mật khẩu đổi mã opt không báo trước tự thay đổi"
40083c33-e0e1-42d8-930a-6511c66e3464,4,2023-06-26,7,Trang: VayTotNhat.C0M,Vay không lãi & kiếm tiền free thì vô trang em nh nha
529a9620-738a-4b3e-90e9-4b05f28f07b7,2,2023-06-26,6,Ngô Ngọc Hạt,"Chuyển từ MBS SANG VPS mà thấy app SmartOne như con cẹc ấy! app MBS và S24 (trên web) quá dễ sử dụng, đẹp mắt, lại đồng bộ thông suốt. Ông kễnh SmartOne thì toàn chức năng phụ là nhiều, chức năng chính thì khó sử dụng, bố trí không hợp lý, biểu đồ thì ôi thôi. Chỉ vì mấy thằng Brocker mà mình phải chuyển."
5199d75d-5aa2-4e63-8bea-a69cdbec6f3b,1,2023-06-24,0,Ducc Bui,"App như cái đ.ầu c ă.c, vào thì suốt ngày bảo trì"
854e0c8b-0955-454f-9757-70211b7bcf34,1,2023-06-22,2,Trung Ha Quang,Ứng dụng kiểu gì mà suốt ngày yêu cầu cập nhật
3b026e7f-d790-4ff9-aa95-68d5e50b04e0,3,2023-06-22,1,phuc do,"App đơ, chậm"
04a9d8b2-d012-46bb-9b12-9e7d4725b688,3,2023-06-21,3,duy nguyen,Suốt ngày cập nhật. Có thể nào cải tiến hoàn thiện mới cập nhật 1 lần không
1cd7d421-abf3-40f3-899b-4f9f75a0a37e,3,2023-06-21,2,Minh Phương,"App hay bị lỗi khi đặt lệnh, rất gây cho chịu cho nhà đầu tư"
c37bfd75-425b-4b07-afa5-c4c232113848,1,2023-06-21,2,linh pham,Cập nhật liên tục
649f109f-0564-429b-b362-9e94159757c0,5,2023-06-20,5,Ref ID bonus: GZ33NNN8,Vay OK thì vô VAY9 . C0M nhận thưởng 1.000K.
e279e8b0-6ed4-40c9-8646-eec2a61e4e52,5,2023-06-20,0,Thu lieu Pham,Ok
00638235-e619-47c0-be4a-65b12bdddae4,3,2023-06-20,0,Lê Sang,Xem nến châm
1a4d27f6-5a36-407d-b164-fef67a901561,5,2023-06-20,0,Zelda Phượng Đinh,Tuyệt vời Ứng dụng thông minh. Gửi mail sao kê cho KH rất đầy đủ
2918b335-b11f-4f7b-97f7-1fd3386ec0b1,4,2023-06-20,0,Phấn Đặng,Cập nhật lắm quá😥
e6919a06-4815-4300-bb47-ab47c283e7c2,1,2023-06-19,2,mascow mascow,Đòi cập nhật hoài
94c28be7-34d7-434a-856f-e5d5b68f3b70,1,2023-06-19,3,Sarry Lương,Cập nhật quá nhiều ngày càng làm rối hệ thống
f728c54f-c1c5-4266-8e67-c1738af5b398,1,2023-06-19,2,Thanh Bá Hồ,Phần mem te qua
3bae3133-c6dc-48bc-bbed-77afa17fcf10,1,2023-06-19,0,Sinh Phạm đức,"Liên tục cập nhật phiên bản mới,mỗi lần tải rất bất tiện."
5bf4e615-94d9-4e18-abe2-29dda08f2c3b,1,2023-06-19,10,Nguyên Nguyễn,Chậm chạp. Cần cập nhật liên tục.
9c06592f-ffcf-49a5-835f-08885f2387bf,1,2023-06-19,4,Viet Le,"App hãm ch.ó vãi, quá nhiều cái tốn nhiều thao tác. Không nên dùng VPS"
675b6cac-0cb6-461e-a635-328916054f39,3,2023-06-19,2,Vĩnh Lê,Báo cập nhật hoài
bd0b9f32-39ac-4356-8416-0c948b7489b9,1,2023-06-19,4,Thi Nguyen,App ngu như bò..CTY lớn mà thuê máy thăng IT ốc chó..ngu..cập nhật suôt ngày mà cũng k khá..dẹp mẹ đi ..
b7c36e84-235e-4624-acbf-966fe2e39bfb,1,2023-06-19,3,Chống sét Nhất Phát,"Chậm, cập nhật liên tục gây khó chịu"
7d9efa64-d237-40d6-b18f-c02315d32a62,2,2023-06-19,11,Minh Tân Lê,Dành cả thanh xuân để bấm nút cập nhật
a7629178-4d87-43e5-bcb2-d7b06a120f0f,5,2023-06-19,0,Tuyen Nguyen,Tốt
41fb0d32-2cd1-49e5-81aa-6f1ff9a229eb,1,2023-06-19,2,day Giang,Suốt ngày bắt update mới dùng đc. CTy khác ngta ko làm vậy. Coi chừng phải bỏ Cty này sang CTy khác
a2c88f9b-2628-4c38-9916-cf9fd072a812,1,2023-06-19,2,Hóa Đỗ,Tôi vừa mới cài xong hôm trước .nay vào đã bắt vào cập nhật cái mới là sao .bất tiện quá.
19650b03-05b8-4ed0-98e6-4b22af36ceeb,1,2023-06-19,4,Nguyen SinhThai,suốt ngày cập nhật. mà làm mãi không ra hồn. xe ssi họ làm kìa
519d8db1-a32a-4cfa-97a6-c947f9291faf,4,2023-06-19,0,Bac Nguyen,Bình thường hay đơ
c5977923-baf8-43a7-88bf-38146a4d3ad1,3,2023-06-18,1,Zen Mind,Chức năng ato atc mp dùng bất tiện. Khi bán cổ phiếu đều báo thành công. Nhưng thực ra cổ phiếu vẫn đang nằm trong sổ lệnh chưa khớp giá. nên nhiều khi không để ý chạy không kịp. Chức năng gây hiểu nhầm
3c0460e7-ce7e-4fd8-8213-d27715c24ef0,1,2023-06-16,3,Vũ Trần,Ko rút dc tiền đâu
786f29b6-d63f-4fa0-a865-2b1f96082e2c,2,2023-06-16,19,Ich Le Van,"Dùng rất bất tiện, giao dịch đặt/hủy lệnh bị mất thời gian vì giao diện thiết kế không thân thiện với người dùng, nhiều khi muốn vào lệnh ATO/ATC phải tua lên tua xuống tìm đi tìm lại nên bị mất cơ hội; font chữ thì nhỏ li ti rất khó nhìn; Rất chậm và gần như không thay đổi nhảy số theo sự biến đổi về giá cả/ giá trị của cổ phiếu trong giao phiên GD. Cứ phải thoát ứng dụng rồi vào lại mới có số/giá trị cập nhật mới.."
3a13d5da-f9ed-4ff2-b57d-aa793b92186e,1,2023-06-16,0,ETERNITY 1,App như cái quần què
a07fadff-3e74-46f7-9b36-8c68f896e6ea,5,2023-06-16,1,Gia Hoàng,Ok
3aaa570a-6af9-4546-8400-3bf011f29503,1,2023-06-16,2,dai phu ho,Tệ
5aebcd47-489d-4767-91ef-2b2a69fd3086,1,2023-06-16,18,Công Minh,CTY chứng khoán top 1 mà app kém thu phí cao top1 bỏ đi mọi người
d6983e96-67e6-401a-87f9-976ec3c5ff47,5,2023-06-16,0,Thị Trà Mỹ Đào,rất ok
f1b8b83e-5ae6-4273-b540-c4b2c7234f13,5,2023-06-16,6,Thuan Dang,Rất ok! Ứng dụng dễ sd
207e28d3-317d-446b-bd9a-f7ec54e54c86,5,2023-06-16,2,VT Nguyễn,"Giao diện đẹp, dễ sdung."
b6b0c6d9-a3fe-4f50-9a48-a485eefe764b,2,2023-06-15,3,Hiệu Đỗ,phiền phức
1690992b-53a6-4931-9435-72f8839f2988,3,2023-06-15,0,Văn Nam Nguyễn,Tốt
3e23ea2f-6949-4180-a2e2-9cf7aa19abba,5,2023-06-15,0,CONAN PHAM,Ok tôt
bd0532f0-5160-4a36-b754-e01e971c6a70,1,2023-06-15,7,van dang thi,Thường xuyên lỗi
b711b4b3-2faf-457a-a0f3-eccf58b58b7d,5,2023-06-15,0,Trúc Đậu,Quá hay
332952ff-6a49-45b8-b447-6aba3aea447a,5,2023-06-13,0,mã lan võ,Ok
4cf80d78-fd3f-4985-b388-541ee084d4b8,1,2023-06-12,1,The Nguyen,"Áp rất tệ, lag, đặt lệnh xong ko báo gì hết cũng ko hiện trong sổ lệnh tưởng chưa nhận lệnh, đặt lại lệnh khác, một lúc sau nó chồng thành 2-3 lệnh mất một mớ tiền. Quá tệ!!!"
c3e1b165-9756-43e0-b163-29ee51ff2e09,2,2023-06-12,6,Phạm Duy Anh,"Chán chỗ đăng nhập mỗi lần nhập lộn thông tin đăng nhập là hiện thông báo nằm chắc 10 giây ngay bàn phím chả bấm được, KHÓ CHỊU thật sự !"
23c940e2-4f21-46d4-8b76-2a977ba6c634,1,2023-06-11,14,Đắc Nguyễn Kim,"thu 1 tháng 27.500đ phí hệ thống, rút tiền còn bị tính phí rút tiền chứ, các công ty chứng khoán khác hoàn toàn miễn phí rút tiền và không thấy phí dịch vụ hệ thống mỗi tháng"
7214301e-63d5-4102-a729-78fbe921b8b6,1,2023-06-09,12,Trần Hậu,App này lấy phí đắt quá mới lâu mua cp lâu về 3 4 hôm nó mới về chán
6d574e66-c42f-41c4-b8d8-057e8dd43445,1,2023-06-09,10,Thịnh Đỗ,Update xong vẫn ngu không tả nổi. Giao diện thì khá hơn đc tí nhưng vẫn ngu hết chỗ nói. Đặt lệnh thì cũng chậm chạp Tìm kiếm sao kê thì đc 1 phát 3 tháng xong chỉnh lại dù cho có ko quá 3 tháng cũng báo sai. Thằng nào làm app này thì nghỉ về quê chăn vịt mọe đi. Ức chế
0f719cf6-120c-4fad-816f-062b66c96700,5,2023-06-08,0,Cường Nguyễn,Tuyệt vời
8d32a582-2f61-4bb0-aca1-218963a3bbd3,3,2023-06-07,41,Vũ Quang Hưởng,"Danh mục bị lỗi. Mất tất cả danh mục theo dõi đã tạo, ngoại trừ ""Đang nắm giữ"""
7c4792e2-9b2f-4994-84ef-ec799fcbe484,1,2023-06-07,9,Tam Ho,"Tệ! Khó dùng hơn so với VND, vậy mà còn bị tính phí hệ thống phí dịch vụ hàng tháng trong khi VND free toàn bộ."
3148e84b-8ad6-4141-a4b3-0f8c1115fa56,1,2023-06-05,0,Beo Hang,Đăng ký đi rồi spam cuộc gọi
54771c58-3a78-4e9e-b5e5-9314016b8a57,1,2023-06-05,0,Lin Lin,App cùi + bán thông tin khách hàng
32903d50-cbf5-4b0f-b77b-c09fdae103df,1,2023-06-05,1,Ref ID bonus- 4110ᒿᒿᒿ5,Hãy vào VayFE . C0M vay OK lắm các bạn
86bf1eb9-86c4-4b59-991d-e81afbc8f663,1,2023-06-04,0,Nhật Vy,vào FBVAY . C0M vay OK nhận thưởng 800K nha
2d31b5ea-fdda-47ac-89ce-0998f79e313b,5,2023-06-03,0,luc sy,Ok
0403fa14-60ec-419d-8e22-ccb50f4ba8aa,5,2023-06-03,0,Tham Nguyen,Ko bit:))
a8e3d816-a351-4215-b374-909a213ef761,5,2023-06-01,1,Referral ID- 4110ᒿᒿᒿ5,"Vào FBVAY . C0M mà vay, mình vay rồi ok lắm."
986c8b57-fc7a-4a02-912b-ee0c2f20962a,5,2023-05-31,0,Hoang Le Ngan,"Trải nghiệm tuyệt vời, sản phẩm đa dạng, giao dịch đơn giản thuận tiện. Vote 5 sao cho VPS."
ae44e261-9378-4abb-98f7-b648503ec537,5,2023-05-31,2,anh Nguyen,Trải nghiệm mượt và công nghệ thông minh
56b2dd91-836d-4ad1-b9b0-67c7897f1c63,5,2023-05-31,0,Khoa Le,Tuyệt vời
f176a2c7-24e0-48af-9bf7-07627e9ad6ba,5,2023-05-31,0,Dương Nguyễn,"App cực kỳ hiện đại, tích hợp nhiều tiện ích, dễ sử dụng và giúp người dùng quản lý dòng tiền hiệu quả nhất !!!"
ec105485-eb0e-4a3e-a9c3-236472f9d29b,5,2023-05-31,0,Cao Cuong,Hoạt động ổn định.
073b7408-e359-4f93-99e1-26fde53d9971,5,2023-05-31,1,NTH Vân,"Thuận tiện, nhanh chóng, dễ hiểu"
ecccfadb-04ef-4fac-a87e-467f25a72457,5,2023-05-31,1,Thái Dương,Chưa bao giờ thấy app gửi tiền online nào tiện và msl tốt ntn. Tin tưởng vào VPS
576a2fe5-38f1-4a5a-af7b-e1bc4b66c0ad,5,2023-05-31,2,Khanh Tran,"Kip thoi, chinh xac, an toan. Nhung cần hoat động thứ 7"
2909a19c-5d84-44a1-98ea-8ffba373b0e2,5,2023-05-30,1,Huong Ngo,"App tiện lợi, giao diện dễ nhìn"
cb3825b4-3080-459c-b5eb-3a55ea614b88,5,2023-05-30,2,Rainy Bùi,"app nhanh, giao diện đẹp, dễ sử dụng"
24de27c9-9ba0-40b7-97ee-f68acfe5bf98,5,2023-05-30,0,piggy,Smooth ❤
81686ff9-850f-48e1-9e07-a1f968479631,5,2023-05-30,2,Truong Thanh Anh Quang,"1 app tuyệt vời với đa dạng các công cụ, tính năng"
e3764c95-737d-4852-8feb-a330277c2ad6,5,2023-05-27,1,Chu Quỳnh An,Ok
87e3f5ef-ec83-468e-a592-9ee9f41fbecb,4,2023-05-25,1,Thước Nguyễn,Tôt
5ec7c4e2-2dc7-4d06-aba9-efb000bdb70d,1,2023-05-24,4,Vinh Hoàng,"App thu phí cao, mọi người mở mới cần xem xét các app phí thấp hơn nhé."
4a934430-ea45-457e-98b8-2b3f7db146ea,3,2023-05-23,0,nguyen anh tuan,Bản cập nhật lỗi.Vào k thao tác được.
50bd46c5-396f-4d48-bef9-cfd6367cd848,5,2023-05-16,0,sơn nguyễn,Rất ổn định
213570c4-1852-4445-b5ec-0cf814a71b2f,2,2023-05-15,3,Nguyen Hoan,Cập nhật phiên bản mới mà sao làm hoài ko đươc 😔. Mấy lần trước cập nhật cái thì xong.
d67955f4-4668-4b80-8185-5c34a95aa4a4,5,2023-05-15,1,Cường Thân Nhân,Đag hoàn thiện u
da2ee9f2-d3c0-44a5-830f-817410ae4ad2,5,2023-05-15,0,Dong Vu duy,Good
e88124c9-a3ed-44a5-946a-b24a77fbb0d5,5,2023-05-15,1,Thuyết Phan Viết,Ok
6087c941-e5bb-4554-8ead-68dbe320e6b6,1,2023-05-15,4,Hoa Tran Hiep,Cập nhật quá nhiều. Toàn tính năng vô bổ. Một ngày vào app có 10p cũng cập nhật
6dea08b2-9baf-47e6-816c-cbeb7342bfac,1,2023-05-15,2,Lọ Lem,Chán
5f0b53f6-9642-49a1-b416-4d8989620647,5,2023-05-15,1,Thọ Đặng,Tốt lắm
22212584-7232-41e1-ab43-5ef60184ba7b,5,2023-05-15,0,Đức Huỳnh,ok
96db8918-fbcf-4d9a-81c9-3eb2a5486e81,5,2023-05-15,12,Hung pham van,Bản cập nhật lỗi
92d29767-491d-4cc4-b5f4-41e05e42ca94,5,2023-05-15,0,Hoàng Sơn,Ok
34f65de0-57a2-45de-aa7c-6ed0cbb25847,5,2023-05-14,0,lương Dũng Phạm,Ok
cc0f60a2-039c-4e4a-b51a-cef3466adaa6,4,2023-05-11,3,Nhat Duy Ha,"Update biểu đồ, chỉ báo cho nhà đầu tư luôn cho tiện lợi"
bb537fa4-1578-445e-b360-c12c1c64b3e0,1,2023-05-09,3,uyên nguyễn,"Chứng khoán nắm hơn 5trieu thu phí quản lí 27,5k 1 tháng. Moi người cân nhắc. Còn tự động bật ứng trước tiền bán. Ủa ai mượn? Phí ứng cao khiếp. Cá tra ăn tạp"
92ddfd8e-76db-4593-a4a1-2326364e66b6,5,2023-05-08,1,Tân Hoàng,Tốt.. dịch vụ đầy đủ .đăng ký dễ dàng không cần giấy tờ rườm rà. Mình dùng ứng dụng được hơn nữa năm và thấy rất hài lòng Về phần thông tin thị trường có vẻ chưa được đây đủ.không có email cập nhật thị trường hàng ngày nhưng có bản tin trên app App khá đơn giản . mình muốn có được nhiều biểu đồ trực quan hơn nữa
c6f27aeb-662c-4cfa-a5ce-f5645f6dc7af,5,2023-05-02,2,Văn Y Trần,Rất ok
d2d0bdad-0ea9-4448-9301-a962087ac70d,5,2023-05-01,2,Doanh Tran Cong,Ok
09188fec-6918-4afd-8f72-763120e39507,5,2023-04-27,0,Chien Bui,Khá ổn nhưng k tối ưu bằng các ap cty khác
aec87811-6db5-46e7-9fd9-5d3a77e97a1b,5,2023-04-26,0,Ly Khánh,Rất okie
3df69dfc-48a6-4bfb-9f83-66fcbdedfa4e,5,2023-04-22,0,HCM IT,app nhiều tính năng dễ sử dụng
83085f52-687f-4fcb-a36e-e3190c25ead3,1,2023-04-21,0,Test Demo,"Mất dạy phái sinh, thu phí bịp"
b00b7115-6f47-4a5c-8b71-e713ce8402d6,5,2023-04-21,1,Kaster Cuong,"Giao diện thân thiện, dễ dùng"
97c7b918-be1a-424e-b216-4c974e30ba79,1,2023-04-20,0,Lan Ngọc,Vay 0% & kiếm tiền thì vô VAY333 . C0M
7029c2c3-4086-4f63-ad43-83d0d7e7a565,5,2023-04-20,1,Maihoa Vu,"App mượt mà, sản phẩm đa dạng"
7392f8ee-d906-4a66-aebe-5c332cd5c355,5,2023-04-20,1,nguyen vi,Giao diện tốt
5f66eb3c-a6e1-48ab-9bd5-4737c210a34a,5,2023-04-20,0,HOÀNG MINH,"App hiện đại nhất trong các app mình trải nghiệm, có nút bán tất cả danh mục mà app khác không có"
656c52ca-81cf-48df-ba31-8c21077e6504,5,2023-04-20,1,Phạm Thị Huyền Trang,"App có giao diện đẹp, dễ sử dụng"
c3017e1f-eba1-4812-accc-1223c720e1e0,5,2023-04-20,0,THANH NO TRUONG,"App có nhiều tính năng, giao dịch tiện cho người dùng giao dịch đẹp, dễ sử dụng"
bba0d718-a9f6-4fb1-bda0-5b22c2d10f08,5,2023-04-19,0,Thanh Nguyen,"Giao diện thông minh, tiện lợi ,app có nhiều chức năng tiện cho người dùng , giao diện đẹp và dễ sử dụng."
c00a481f-f55b-44fd-bcee-2d50d953297a,5,2023-04-19,3,Khang nguyen nam,"App dễ sử dụng, gọn. Ít lỗi"
94373775-ebb5-4993-9c66-0ce0610943d0,5,2023-04-19,1,Huấn Hoàng Hữu,"App dùng tốt, dễ sử dụng"
45e69dd1-cdaf-4d6a-96b9-5b6db882e7b4,5,2023-04-19,0,Hieu Hanh Gia,PHẦN MỀM TUYỆT VỜI
0a5e2c4e-e0b8-4256-91c0-5ef3917dd502,2,2023-04-19,0,Ha Ngo,"App có nhiều tính năng tiện cho người dùng, giao diện đẹp dễ sử dụng."
ec5ea834-991b-434b-b815-7469d09fca42,5,2023-04-19,0,thanh huy le,"App mượt, nhiều tiện ích"
b19d7da0-c4d1-4856-a758-55e1818121ea,5,2023-04-19,1,Hải Lưu,"App mượt, dễ sử dụng"
05c7bdb0-4721-4dbc-ada9-6f9dc9544ec6,5,2023-04-19,2,Niem Nguyen,"Ứng dụng nhiều tính năng đa dạng, hay ho, dễ thao tác"
5d3525c5-191f-452c-bafd-231980a17495,5,2023-04-19,0,Thành Phạm,"Giao diện đẹp dễ dùng, mình dùng quen bên vps sẽ k muốn dùng thêm bên nào khác nữa"
b902b63a-729b-4457-8910-9c1fd662c6b9,5,2023-04-19,0,Nhan Thanh,"APP VPS SMART ONE rất ok,giao diện dễ sử dụng, app nhiều tính năng và giúp cho Khách hàng trải nghiệm thành công và tối ưu các giao dịch."
285b30f0-5bc4-4bbb-b28d-4e4e111f6043,5,2023-04-19,0,An Việt,"Ứng dụng nhanh, dễ sử dụng."
152e51e4-7264-48d4-a124-070e6f4ffb4d,5,2023-04-19,0,Minh Thanh,Tốt
932ef6b4-ceee-4978-9e72-c079b03003dd,5,2023-04-19,0,Nguyễn Định,Phần mềm quá tuyệt
10f1dca0-2098-429a-bc9e-57cf587b56b1,5,2023-04-19,0,Phuong Do Minh,Sản phẩm tốt.
81530cee-9b05-41ee-b366-95a6975d128d,5,2023-04-19,4,Hieu Dinh,"App dễ dùng, nhiều tiện ích, chạy mượt"
e413f2de-4d02-4941-8c10-21d0200694b2,5,2023-04-19,0,Huong Mai,"App dễ sử dụng, tích hợp nhiều tính năng."
cbd8cb03-1fa0-4869-8c2b-2723ac627cf4,5,2023-04-19,2,trang huyen,"app dễ sử dụng, rất tốt"
23f4a53a-d604-46da-9548-d53f0883d6c9,5,2023-04-19,2,Thế Hùng Trinh,"App quá hay, giao diện dễ sử dụng, nhiều tính năng mới."
156851f3-8baa-4838-8ccc-eab5b5470af9,5,2023-04-19,0,Hung Le,"Ứng dụng có giao diện đẹp, dễ sử dụng"
04a9dbcc-3514-4979-8479-d575d36c0957,5,2023-04-19,1,Nguyễn Tùng,"Giao diện thân thiện,dễ dùng,nhiều tính năng hữu ích"
73234335-49f0-4257-ad3e-97ada6929dc4,5,2023-04-19,0,Ngan Huynh,Dịch vụ tốt. Hỗ trợ tuyệt vời cho nhà đầu tư
0c68c8b7-23b5-4df0-8729-e7c25735767a,5,2023-04-19,0,Ngọc Ánh Trương,"Trải nghiệm rất tuyệt vời. App rất đa nhiệm nhiều tính năng, có thể vừa chơi chứng khoán, vừa chơi phái sinh còn có thể gửi tiết kiệm và thanh toán hóa đơn. Tôi sẽ tiếp tục giao dịch dài hạn ở đây"
8acce897-544d-4436-9c28-c0210ce6c6e8,5,2023-04-19,0,Hưng Nguyễn Quốc,Trải nghiện k giật lag khá ổn
fe0276c1-6ec2-439d-9fc6-45614796a7e8,5,2023-04-19,1,Trang Huyền,App mượt nhiều tiện ích
59c72c5a-daa8-4758-b705-f020e1063139,5,2023-04-19,0,Võ Dũng,Ứng dụng tuyệt vời
e094bdc4-7620-41d1-8283-099fd170fd52,5,2023-04-19,0,Chung Khoan 24h,"Rất tốt, app mượt mà, nhiều ứng dụng, tính năng hay"
5e5585e5-ff44-4154-86e2-f3b24da76017,5,2023-04-19,2,Thuy Nguyen Thi,"Giao diện dễ sử dụng, thân thiện, nhiều tiện ích"
7930f3dd-fcdc-4a23-b081-733c443bb140,5,2023-04-19,2,Lam Binh Tran,"App nhiều tính năng hữu ích, chạy mượt, giao diện đẹp."
33dff214-d566-47fd-b8bd-d6d19d88ef70,5,2023-04-19,0,Tần Hy,"App giao diện đẹp. Cải thiện rất nhiều tính năng, đã có chứng khoán quốc tế"
80c0ade8-6c19-481f-98da-400d6cb102d0,5,2023-04-19,1,Nguyễn Thị Ngọc Mai,"Giao diện tiện lợi, dễ dùng"
7b67a062-b845-40d3-b327-bf8d3143f872,5,2023-04-19,1,Nguyen Thanh Tu,App rất dễ sử dụng; tiện lợi
881b1933-5d8d-4035-8648-15eaa97ee5f3,5,2023-04-19,1,Nghia Nguyen,App có nhiều tiện ích đầu tư
a82518ff-ea4c-46dd-9750-a7310d6fc89f,5,2023-04-19,2,Thương Trần Thị,Ap giao diện dễ sử dụng
b109c1ed-4d01-4c6d-a67b-5b6d9cc3813d,5,2023-04-19,1,Kim Oanh,App dễ sử dụng và đầy đủ tiện ích
d84ac49c-7ea4-4a45-a148-d7f715b7e4ea,5,2023-04-19,2,Đào Hà,"Giao diện thông minh, tiện lợi"
962c12eb-ba67-4554-ab20-a03dadd8e970,5,2023-04-19,0,Diep Anh Luu,"Giao diện app thông minh, tiện ích"
cbae802d-4f38-401b-b7c6-fcc6e8ceebd6,5,2023-04-19,1,Nguyễn Thị Hằng Nga,"App có nhiều tính năng, dễ sử dụng"
8203049d-b0cb-489d-95d9-cc610afb2923,5,2023-04-19,0,FS Duy Hanh,Hữu ích
b6b2f82a-4e74-4b7c-b9f0-65644873760f,5,2023-04-19,0,trung nguyen quoc,App có nhiều có nhiều tính năng tiện cho người dùng. Giao diện dễ sử dụng.
cf095114-024e-40ee-9b0d-d45e6828558e,5,2023-04-19,0,thach pham,"Giao diện thông minh thân thiện, dễ sử dụng, app tích hợp nhiều tính năng thú vị."
245e9290-3bc7-4e35-a0eb-46ea2733e6fb,5,2023-04-19,0,thúy hà dương,Siêu app smartone vượt trội pro
2bc75a6e-624f-4d79-821b-e2ff193134ce,5,2023-04-19,0,hiền phạm,App siêu nhanh giao dịch mượt
d0125249-120c-4635-8e74-ba70ba0fca36,5,2023-04-19,0,Huy Nguyễn Tiến,"App dễ sử dụng, giao diện đẹp"
df4fddb8-1892-48d7-87cf-676763746170,5,2023-04-19,0,Linh Pham,"Trải nghiệm app khá tốt, giao diện đẹp, dễ sử dụng."
69a180bc-716c-46c7-8713-21306fe54ff4,5,2023-04-19,2,Nguyenduc Tu,App dùng rất mượt . Ít khi bị lag . Cập nhật liên tục nữa
6f8c96a7-c3a4-494a-b40f-2a42bdfafb13,5,2023-04-19,0,Van Tranhuu,Nhanh và mượt
c43b3a60-9f2b-481b-ad76-62ded05d39c9,5,2023-04-19,1,Mua Thu Vang,"Giao diện thông minh, tiện lợi."
0dd78a89-5dd3-4f05-a76d-5361219e3f3f,5,2023-04-19,0,vuong vuong,Tốt
3d275af1-8f6f-4ca8-9ac3-a9a81c8feade,5,2023-04-19,1,Tố Nga 1712,Giao diện dễ sử dụng
a6854495-96bf-460e-8dda-8ca69999397d,5,2023-04-19,0,Tien Nguyen,"App có nhiều tính năng tiện ích cho người sử dụng, giao diện bắt mắt."
db75c162-88a2-456d-80fa-06b5485d562b,5,2023-04-19,1,Hằng Tô,"Giao diện thông minh, tiện lợi. Chuyển tiền nhanh, đặt lệnh dễ dàng"
63cd338a-1ca7-491c-898e-cbb1f9357a85,5,2023-04-19,1,Duc Nguyen,Ứng dụng tốt
fafe1e1d-6f74-4fd3-840d-e71c22537982,5,2023-04-19,3,vũ lệ Quyên,"Dễ sử dụng, nhiều tính năng hỗ trợ KH, mượt mà, nhanh chóng"
fc088094-64a8-4129-a4f5-7a35d88d455a,5,2023-04-19,0,Hoàng Lê việt,App ok
1dfb966f-0c29-4430-8423-3969a5ca2fd5,5,2023-04-19,0,nguyễn hường,"Giao diện thân thiện người dùng, dễ sử dụng. Hôm bữa giao dịch MM nhưng gặp chút vấn đề mà gọi tổng đài hỗ trợ nhanh chóng luôn. 10đ cho cả app và cả dịch vụ hỗ trợ của cty nha^^"
80407653-d134-479c-a740-6a20095609ab,5,2023-04-19,3,Tra Nguyen,"Giao diện đẹp, tính năng tiện ích, dễ sử dụng."
d155a0a7-3957-4996-9197-bf814a9062c8,5,2023-04-19,0,Bội Chân Nguyễn,"Giao diện đẹp, dễ sử dụng. Nhiều tính năng hữu ích cho người dùng."
a727f4c4-bd84-4772-9ae6-b6ad25df991f,5,2023-04-19,0,Thanh Huyền,"App rất tiện ích cho người dùng, giao diện đẹp và dễ sử dụng"
0fd0a055-8fde-41ec-b209-d545c5514d34,5,2023-04-19,0,Đăng Phạm Thị,"Nhân viên nhiệt tình, hỗ trợ tư vấn tốt"
db08bd3e-b4d2-46fb-9dc7-ef5eb1aae21b,5,2023-04-19,0,Yến Hoàng,Giao diện thông minh tiện lợi
d50a0b1d-9d68-45bf-a22f-23dfe1314334,5,2023-04-19,0,Ngọc Thạch Phạm,Ứng dụng thật tuyệt vời và tiện lợi
285486b6-debc-4da5-88cd-f8e003af6600,5,2023-04-19,1,Nam Vũ,Rất thông minh
f7bee7e0-50a5-42dd-9af7-b0937304ada0,5,2023-04-19,0,Yen Lehoang,"Giao diện thân thiện dễ sử dụng, app tích hợp nhiều tính năng hay"
056c942d-61c4-48bc-a981-c2ba27953963,5,2023-04-19,0,Vinh Tran,App giao diện thân thiện dễ sử dụng
a28aeccd-b453-43e0-a3c7-c97c9e3fcc0d,5,2023-04-19,0,Long Truong,Tốt
2a27dbf4-a30f-4949-9ea7-6323953251d2,5,2023-04-19,0,Hương Nguyễn,"App tiện dụng cho người dùng, liên tục nâng cấp ngày càng hiện đại và nhiều tính năng và đặc quyền"
1ef3f687-6902-4ce2-8368-0aa5d7497392,5,2023-04-19,2,nguyen duc,"Ứng dụng rất tuyệt, tôi rất thích. Cua My"
4a86c559-4766-4d92-a12e-234571657f0d,5,2023-04-19,0,duong nguyen,Quá chất lượng
b23bee74-60c6-4b16-a29d-08e080b07b2a,5,2023-04-19,0,Thinh Nguyen van,Giao diện tốt
0e29ea7e-6bbc-4c56-a22c-22c0076de8c2,5,2023-04-19,1,Tuấn Nguyễn,"Giao diện tốt,dễ sử dụng ,app nhiều tính năng tốt"
16faaa57-c985-4718-8b18-67dcbf958124,5,2023-04-19,0,Nga Phạm,"Giao diện dễ nhìn và sử dụng, app có nhiều tính năng hay nha, mình hay sử dụng gify để chuyển tiền qua 2 tkck"
baed543a-5a2e-42c9-956f-f8fb01653d1b,5,2023-04-19,2,Hải Trần Trọng,Ultr từ khi dùng app này tôi là người thắng cuộc
9aaa5610-5b17-4296-b24a-b98f6bd1fc47,5,2023-04-19,0,Huy Vũ,"giao diện hơi cũ, được cái nhiều tính năng hữu ích, mong VPS sớm update giao diện mới hiện đại hơn"
3f911eda-dcfc-4c1e-9af8-846937b9fdc8,5,2023-04-19,1,Tien Thang,Ứng dụng ổn định hữu ích cập nhật thường xuyên
bb9c3a41-754e-4f0e-9abf-eb118c44983f,5,2023-04-19,2,Luu Quang Phap,"App dễ sử dụng, nhiều tiện ích, giao dịch nhanh và dễ dàng."
8583ce2a-0235-4b24-91fa-7bc0c1870fb8,5,2023-04-18,1,Vũ Tuấn Nguyệt Minh,"Nhiều tính năng, dễ sử dụng, đổi mới liên tục"
0cb4c682-6dd4-4e3b-8852-7dfc64193144,5,2023-04-18,1,hoa le,"App nhiều tiện ích, dễ dùng"
0a59c5d5-b345-4e96-830c-65729c8755d3,5,2023-04-18,0,ha thu,Giao diện dễ hiểu.
d909f0dd-e4bb-4556-893e-85aefefa8e23,5,2023-04-18,0,Đại Nghĩa Trần,"Công ty chứng khoán số 1 thị trường, app dễ sử dụng, dùng quen app VPS rồi, sẽ tiếp tục ủng hộ"
86bb0d44-463c-4c6b-a8c5-329e7ffefa0b,5,2023-04-18,0,Loan Nguyen,"Ứng dụng nhiều tiện ích, chuyển tiền dễ dàng"
1f502c42-d931-4e6f-8eae-35c8b5453f3e,5,2023-04-18,0,Thang Truong,Good
910ae7ff-e7a9-43b6-9166-0ac328c14303,5,2023-04-18,0,Dat Duongxuan,"Tiện dụng, dễ dùng, ổn"
094cae1f-62b6-4c68-9dc4-e74bb3cb0f3d,5,2023-04-18,0,Nguyễn Vân bình (01200 nguyễn vân bình),"Sử dụng app thân thiện, nhiều ứng dụng trên app, nhanh mượt, tuyệt vời🥰🥰🥰"
b66e163b-585c-4931-9cf4-7d05b818d1bb,5,2023-04-18,1,nhan nguyen,"Trải nghiệm tốt, giao diện dễ sử dụng"
069b476f-786b-458d-9095-13a5e9ae9963,5,2023-04-18,0,đức anh nguyễn,"App nhiều tính năng, dễ sử dụng"
ed2853c5-52b5-456c-9fd8-b84b2a96ea1a,5,2023-04-18,0,Đại Nguyễn Anh,"Tiện ích, thông minh"
bfebe143-5e01-4322-ac2a-d6c34fad70f2,5,2023-04-18,0,No Naem (Mr.N-NN),App hay
e7ca3dc1-3e0d-4b04-9381-772d56191e7e,5,2023-04-18,0,Ngọc Quỳnh,App nhiều tính năng
be65a813-8488-4d39-a4a3-5f29652f6c56,5,2023-04-18,2,viet nguyen hoang,rất tốt
624df2a6-9412-4019-b6bd-b94a57c4a3ad,5,2023-04-18,0,Quang Nguyễn Đăng,"giao diện đẹp, nhiều tính năng, không lo bị delay khi chuyển tiền từ tài khoản ngân hàng sang tài khoản chứng khoán"
725381e8-cd1c-4aba-b1d4-5ac77fe3a387,5,2023-04-17,1,Minh Vu,"trải nghiệm app khá tốt, Hi vọng app sẽ tối ưu với Samsung Dex để khách hàng có trải nghiệm tốt hơn nữa."
5ca3c468-e440-4535-9602-4b360f2bcb8f,4,2023-04-17,0,Mạnh Hùng Đỗ,Ok
305892fe-4203-428b-be69-050ba285b976,5,2023-04-17,1,Tiến Dũng Trịnh,app hay quá
5016e56b-ff69-41ab-a497-53a717217c9b,5,2023-04-17,0,Mai Hương Bùi,"App giao diện đẹp, dễ sử dụng, có nhiều tiện ích mới"
beab229b-c81b-4b0e-8daf-3aa314fe5cf2,1,2023-04-16,1,Ngân Khả,gõ vào trang Vay9 . C0M kiếm 900k
5c610868-77e4-468b-b2cd-1365f80db4b7,5,2023-04-14,0,Hưng Thịnh,Oke
dcd827c3-4bab-410f-8c52-5d8e4e66d1b0,5,2023-04-14,0,Sơn Hữu,Dùng tốt nhất trong các app chứng khoán
0d462e26-7802-4e05-b548-cc532db7fd19,5,2023-04-14,2,Nhung Nguyen,"App thân thiện, dễ thao tác, đa dạng tiện ích."
3a2b9e51-81a2-4e73-b10a-9fad6d061a3c,5,2023-04-14,0,Sơn Nguyễn Văn,Ứng dụng dùng oke. giao diện nhiều chức năng
b4737dd9-6569-4135-9953-c246a06963c7,5,2023-04-13,0,Tiep Le Minh,"Giao diện thông minh, nhiều tiện ích, dễ sử dụng."
e6024f28-a485-46a6-838b-c331cd615538,5,2023-04-13,1,Nguyen Le Thu,"Nhiều tính năng, dễ sử dụng, cải tiến liên tục, tặng 5*"
43d2bf95-1e95-4169-b437-7eddf8d779a3,5,2023-04-12,0,Thi Phuong Hao Nguyen,"ứng dụng chạy mượt, nhiều tính năng tiện dụng cho KH, giao diện thân thiện"
1a8a33ef-1c07-4e84-94a4-fb5fdf60a575,5,2023-04-12,0,Trang Le,"App có nhiều tính năng tiện cho người dùng, giao diện chuyên nghiệp, dễ sử dụng."
46ed7c25-9e49-48bf-baed-12be934bce47,5,2023-04-12,1,Tiến Thiện,"Siêu ứng dụng, mọi thứ đều ok"
e0569b68-5551-4007-a0c1-baeca05429c2,5,2023-04-12,0,QUYNH TRAN,"App thân thiện, giao diện dễ sử dụng cập nhật thông tin nhanh chóng"
51a26535-fb9a-417a-88db-17d11b2731de,5,2023-04-12,1,Nam Đinh,"App dễ sử dụng, giao diện trực quan, thông tin cập nhật nhanh chóng"
fd650d2f-24f7-4a23-8fe0-42ba9ed06c5b,5,2023-04-12,0,trung ng,Ok giao diện tốt
cf4c152e-5039-4926-9aa4-a5f083759172,5,2023-04-12,0,Dac Ha Ngpfjduyen,"Phần mềm dễ sử dụng, tính năng chuyển rút tiền tiện lợi, hoạt động mượt mà ít bị đơ"
fff7ecbb-11dc-4fb8-8fb8-022430b2981a,1,2023-04-12,0,Thu Hương,Mình đã kiếm đc 800k tại: KTIEN . VN
4c06a704-8f38-4af9-a753-b38b70913297,5,2023-04-11,0,Hung Le,"App giao diện tiện lợi, dễ sử dụng và có nhiều tính năng."
ddd985f7-9797-4f29-a59b-a2ec61355eef,5,2023-04-11,0,Mộc Miên,"App có nhiều tính năng, giao diện đẹp, tiện lợi và thường xuyên cập nhật mới."
ed8ab171-e9c3-4f59-af5d-d3182d0031f2,5,2023-04-11,2,Dieu Linh Do,"App cực ok. Giao diện thân thiện, dễ chịu, dễ sử dụng. Nhiều tình năng và sản phẩm dịch vụ hấp dẫn, riêng có tại vps. Thích nhất đặt đc nhiều lệnh, gửi MM, tiền gửi...Tất cả những gì liên quan đến tài chính đều có trên app SMO rồi. Cực pro. Cập nhật hơi nhiều cũng là do vps thường xuyên ra mắt sp dịch vụ mới nên chấp nhận được. Android ok, ios cập nhật hơi vất vả tí thôi😜 Nói chung rất đáng để tải và trải nghiệm!!!"
fb655263-6e4a-47a5-a4b9-b0a43b527a5a,5,2023-04-11,0,Tiến Đạt Trịnh,App tốt
b81d2d06-3474-4dad-b91b-bc54b5fb63ef,5,2023-04-10,0,Nguyễn Thị Doan,Trải nghiệm tuyệt vời
e58e54e5-5169-4761-9609-924f2e5beada,4,2023-04-10,0,Phúc Happy,K tốt lắm
cd507219-3c3f-4a04-9543-34de1b252f7f,1,2023-04-09,1,Hong Quan Nguyen,Cap nhat ko dc
ca3aac7f-4b6f-4600-871e-4446e6763d29,5,2023-04-09,0,Hoang Tran,"Anh em sài VPS chuyển quản lý BBN0 để được tư vấn phái sinh và cơ sở,"
261ef267-abd9-4632-9212-1cd37f1b51f0,1,2023-04-08,3,Thái Sơn Đồng,Phần xác thực thông tin không gửi mã otp sao mà vô được đây
6e1a61d5-1b0b-469c-9380-0a97b5e09a8c,5,2023-04-07,0,Thu Trang Nguyễn,"App tuyệt vời. Dễ dùng , dễ nhìn , giao diện thông minh tiện lợi, thân thiện với người dùng"
6c33bd95-e225-4768-bd67-f6ec750ae954,5,2023-04-07,2,Lý Thu,App hơi nhiều tính năng. Dùng một thời gian mới quen được.
111103de-c06d-409e-8069-1a40959dcc8f,5,2023-04-07,2,Phuong Nguyen,"App tiện ích, tuyệt vời. 5 sao!"
a5ca9628-44b9-4ed9-be4a-c2e9fb7a9754,5,2023-04-07,1,Nguyen Nguyễn Thị Vân Huyền,"App dễ nhìn, dễ sử dụng được cập nhật liên tục"
b041f262-0492-4586-b90d-a11444018a90,5,2023-04-06,0,doan tien,"App dễ sử dụng, nạp, chuyển tiền nhanh, đặt lệnh dễ dàng"
182cf8ac-99ca-48f2-9be2-33eaf6092f6e,5,2023-04-06,1,ngoc tran,"App rất tiện lợi, giao diện thân thiện thao tác nahnh chóng dễ dàng"
0192e386-f8f6-43ed-9c64-3cc9d229049f,5,2023-04-06,0,Nhu Khong,Good
f7f5347b-4031-4a1e-aaec-ec8a0a5197aa,1,2023-04-05,1,thinh nguyen,Làm ăn chán thật sự bắt cập nhật liên tục
d7fa9539-eefe-4f49-9226-2f4992fc27ee,1,2023-04-05,2,Thi Công Toàn,Ap như lòn họ. Chụp chứng minh 10 lần vẫn ko nhận diện dc
b244f01d-5197-4701-9d7d-869a243ef454,4,2023-04-02,2,Sala Cường,Mỗi lần đăng nhập pải viết lại stk rất mất thgian
8cbcee30-1169-4621-8902-055104624d85,1,2023-04-01,6,Luc Tran,"Hút máu phí cao hơn các app khác thua xa ssi ,mà cập ngập liên tục rất phiền đội ngũ id quá ngu ngu hơn bò 🐄"
7c4f8d38-4df4-4500-8e50-66d752068f31,1,2023-03-31,1,Huy lê văn,Ngu
a3a2f9be-7c23-4ea6-ba0b-1e92d93031f3,1,2023-03-30,1,Tấn Nghĩa Trương,Cập nhật riết phát chán
f0146018-cbba-4d4f-a141-e392d97ffbfe,2,2023-03-29,8,connected,cứ vào app là bắt cập nhật. biên độ cập nhật vừa phải thôi. đôi lúc vội nhưng không cập nhật thì ko vào giao dịch được.
c673e1cf-2091-47f4-8749-d60c00101e86,1,2023-03-29,1,Thanh Hào,Cập nhật hoài. Phí thì cao.
9da18910-4074-41f9-8142-71badd1d1b64,1,2023-03-28,1,Samlaogia Nguyen,Sờ đến là phải cập nhật.
52349820-2c1b-4cae-b914-8c02a44cd25a,1,2023-03-28,1,Hà Tân,Quá thất vọng với ứng dụng.vai ngày lại bắt cặp nhập lại .
530a66db-bebb-4edf-95f4-7a3452932420,5,2023-03-28,0,Thạch Nguyễn,Đạt
71926655-2fed-48bc-a3b0-610d7d639f43,1,2023-03-27,2,Thanh Nguyen,"Nên tẩy chay vps. Phí cao nhất thị trường, làm gì cũng mất phí"
a99e58f7-1da1-4c18-a19a-47399ba1668a,2,2023-03-27,2,pubg 47 BmT,Phí quá cao
db610b0b-ffcf-4737-8bc4-0190ec32a1a7,5,2023-03-27,0,Minh Thư Việt Nhật,Tốt
68d29eb0-d4b3-404b-9b76-f515b104e26f,3,2023-03-27,1,Thanh hằng Lê,Ừm thực sự app bắt cập nhật rất nhiều Mọi thứ xem thông tin đều ổn nhưng bắt cập nhật nhiều quá ạ . Mong app có thể cải thiện điều này. Nay bắt cập nhật và bị lỗi khiến mình còn không thể cập nhật được.
09a9fd74-dcdb-4d85-a4f0-09ae89522a0c,5,2023-03-27,2,Trang Nguyễn,"Tải mãi mà ko đc. Cứ quay vòng, suốt ngày cập nhật"
90b01d72-966d-42a4-ba49-2b7ff6599aba,1,2023-03-27,2,Nguyễn Trung Kiên (Middle Kiên),lợi thì cũng lợi mà chỉ chăm chăm thu phí nên cũng tạo acc lên xem rồi trade bên mbs 😁
f2d87a81-bc03-47ab-ac6b-ae381d16bffc,1,2023-03-27,0,thihanh do,K tai dc
ea1c4065-7ae8-401f-9d92-186b01a8c849,2,2023-03-27,15,chăm anh nguyễn,"Gì mà cập nhật hoài , đôi lúc giao dịch chậm, lại còn thu phí"
89cce537-9a6e-42d0-81f2-4e3d97ee6da2,5,2023-03-27,0,Liem Pham,Tốt
5eac9a3c-2d0d-4aa2-87ea-f249cbb2a751,1,2023-03-27,10,Thường Nguyễn,Chan app suốt ngày bắt cập nhật .moi người lên dùng app khác
c507ae0a-26ff-4b97-8e5e-27d78e802ee6,1,2023-03-27,8,Nguyễn Hoàng Thảo Ly 2A,Gì mà cập Nhật hoài.chán hết muốn nói
63a2742b-d994-4314-b915-c03b6afcd798,1,2023-03-27,1,nguyễn tiến,"App như lờ. Bắt cập nhật theo yêu cầu, cập nhật xong rồi lại tiếp tục cập nhật, giờ éo vào để đặt lệnh được. Như vậy khác nào giết khách hanf"
81fa1882-ac2b-47a3-8e39-a614483ad6b0,1,2023-03-27,0,Hán Lê,Bán thông tin của khách hàng cho nhóm lừa đảo T+0.
2534ac2a-4e93-4f31-b1fe-6fa94d457fce,5,2023-03-27,0,sơn nguyen,Ok
0d4f5940-0a15-450e-8388-5a18709a6083,5,2023-03-26,9,Đức Trọng,Mới Cập nhật app tự out ra 16-1-2023
b1e0358b-4a66-4bbc-81ed-f2b17adf228c,2,2023-03-23,3,Le long,Iuuy
a7c84f99-cc0c-4e68-bf5c-d86189fd5d96,1,2023-03-20,1,Minh Ngọc,"App gì mà hở tí là update lại phải cài đặt mới, vào thì chả cải thiện gì chỉ đổi mỗi cái theme"
6cf3e79c-4b17-4fc3-9973-41ffeb6aa095,5,2023-03-17,0,Quân Nguyễn văn,Tốt
abf976d7-f7c9-407e-a3c2-5ca2e1542cea,1,2023-03-17,0,hoang Huy,"App giao diện thì như cái cc, xong đủ loại phí. Thua cả mấy app crypto tao chơi, cùi bắp."
6deaa02e-9a2c-4540-9daf-33f28a93e6d8,3,2023-03-17,3,Dam Dang,Cỗ phiếu lỗ thì bán nhanh lắm còn cổ phiếu lời bán ko thấy ai mua
7dd737f2-e8dd-49f5-a5ef-e6012e9f7425,1,2023-03-17,1,ngoc anh,Cập nhật nhiều thế. Phiên bản hiện tại phần biểu đồ khó hiểu hơn phiên bản cũ
1edc38b7-75cc-45d9-9bb8-3d639956eee2,5,2023-03-16,0,Minh Thao Nguyen Duong,Ok
240ff791-abc8-4e56-9870-796f357ede77,5,2023-03-10,3,Khương phú Đại,Good! Lệnh chuyển tiền vào - ra nhanh! Tuy nhiên giao diện chưa đc đẹp!
336e05e6-6397-49b1-bd2d-7b5d94d35dad,1,2023-03-10,0,Vida Ho,Cập nhật rõ lắm. Mà vào toàn ko cập nhật được. Phải gỡ ra cài lại. Giờ cài lại cũng không được luôn 😰
7cc9066f-f683-40fe-935b-b596d18f7ad7,1,2023-03-09,1,Thủy Nguyễn,K thể cập nhật đc. K hiểu vì sao
a516938f-43f8-4a1a-92fe-eb3650090b64,4,2023-03-08,1,Safina Doan,PW dùng vân tay lưu lại mà thoát ra vô lại phải đaeng nhập lại chứ hok có lưu như trước khi cập nhật
ea9ba3b3-d895-4469-ab44-a64872766c9d,5,2023-03-08,0,Thanh Le Mai,Ok
24c67a81-0804-41c2-a9fc-497c36a1b2ea,1,2023-03-08,11,Chu Quyet Thang,"Cập nhật éo gì lắm thế ,"
1cf85b25-9953-4e50-8ebc-1c20e6d98386,5,2023-03-07,0,nông dân Gamer,Thanks ad đã phát triển app này
3edb04fe-2df0-49b4-9c38-4865871aea68,5,2023-03-07,0,ngọc văn phạm,Ok
a984b20f-ef19-4651-b6d6-f35ef849b70b,4,2023-03-07,1,Kiên Đặng Trung,Ko đăng nhập được
0af6dec1-7374-40f6-ac5d-341d7227d2b6,5,2023-03-07,1,Ph Badan,Ok
9063e41a-b79c-4ab2-a19a-62b016c4c842,4,2023-03-07,0,TUYẾT TRẦN,Cập nhật hoài qua mới cập nhật nay mở lên cập nhật nữa bực
328807d1-0d1f-4747-8e05-2035243087bb,1,2023-03-07,4,THANG NGUYEN,Làm ji cập nhật tối ngày. Mới qua cập nhật xong nay lại cập nhật. phải cập nhật mới xem được. 3G cũng phải tải haiz.
11a03a18-895a-4f4b-83a1-4fef2aa236b1,1,2023-03-07,5,Anh Thư Nguyễn,Suốt ngày bât cập nhật. Chang cai thiện dc cái gì
fb173511-278a-4d3e-9e50-c1020aa14384,1,2023-03-07,3,Tuyet Nga Pham,"Sao ko cho mình vào TK để giao dịch vậy,chán"
4fbff4b7-bf1c-4607-ab51-e6ae698b2f04,3,2023-03-07,0,bua gori,Càng đưa vào nhiều tính năng app càng ì ạch. Khi cần chạy thì không chạy. Nhà đầu tư người ta cần nhất là thời gian những lúc quyết định. Tốt nhất những tính năng nào không cần thiết nên bỏ đi cho nhẹ
8c1459b3-651c-45cf-8f05-ef390fd6d384,4,2023-03-07,2,mạnh hùng,Rất ok!
fe258017-6b93-4dc6-9f55-a8dad272a883,1,2023-03-06,2,Thái Mai Đức,xác nhận chậm. quá tệ
eaadbbd8-c8df-4a9d-b659-f2645b2d7213,1,2023-03-06,5,PTM TM,Cập nhật lắm thế
dda88f69-d4dd-4b6e-9250-97b8ddbf7d35,1,2023-03-06,0,Loc NGUYEN TAT,Cùi
7e6c0cff-5fe1-4131-b99a-6f703078c8db,5,2023-03-06,0,GIÓ NHẸ,Quá hay
589f298e-ff2e-40e5-ad0f-54f9fde4b9d2,5,2023-03-06,1,Mocphong G3,"App có nhiều tính năng thân thiện, dễ sử dụng"
eae148b3-8002-4bff-8242-de49a9d3eb8d,1,2023-03-06,2,Lâm Tô,Cập nhật gì sáng h cập miết ko được. App như qq
fa0e15e0-781a-4424-955a-c2fec787f9ba,1,2023-03-06,3,Dương Nguyễn,Rất hay bắt cập nhật nâng thống rất khó chịu mất thời gian mong đội ngũ IT nên hạn chế cập nhật nhiều gây phiền toái cho người sử dụng
ee8da13c-0b55-42e3-8c0c-44819015753b,5,2023-03-06,0,Đề Nguyễn Duy,Siêu ứng dụng xuất sắc.
691b2c51-64fe-431a-bc11-2d77df27e3d3,1,2023-03-06,1,quang huy,Dùng zfold 4 ko truy cập được
dec77f42-9f81-41af-b473-bf82f214a33b,1,2023-03-06,8,han ngoc,Cập nhật xong ko vào đc
3d4a7d02-1978-4ee3-a61f-cc8be396d89c,1,2023-03-06,7,Duy Vũ,"Cập nhật xong vào toàn lỗi k vào dc, bực mình"
8e9abb1e-3913-4bd8-98ba-ce3b08f83c7e,5,2023-03-06,0,Thu thao Ly,Tốt nên sử dụng
987f05fa-ed3c-4c21-8e55-148786eb1b4d,5,2023-03-05,1,A Philippines,Oke
aa6bc170-0dad-487a-bfac-359fa8a8c432,5,2023-03-04,1,Thứ Nguyễn “Web: KTIEN . VN nhận 9tr”,Vay 0% + kiếm tiền 0 vốn vào KTIEN. VN nhé
1c3fd2f4-0447-4490-b71b-ec646b9e563f,5,2023-02-21,3,Hồng Vũ,Rât tốt. Mà sửa cho SỐ To lên chút cho dễ nhìn
0a6a4497-f4a7-431a-bdde-6c9870af0064,1,2023-02-13,5,Nguyen Nicky,"Xác thực tài khoản không được, mãi báo lỗi, app quá tệ ,"
b71b09df-31d7-4573-b045-5d04222fdada,4,2023-02-13,0,Hường Mạc Thị,Hum y
45ed599e-3d29-4144-90d5-81b013186a47,5,2023-02-11,0,Phương Anh Đinh Thị,"Phiên bản mới giao diện đẹp, đầy đủ, xem dễ hơn cả trên máy tính"
4d877a2c-635f-49ce-b657-b9e6ebf14ac7,1,2023-02-10,2,Yêu Công Nghệ,"Nếu có 0 sao thì cho điểm ứng dụng này cũng xứng đáng. Danh mục chứng khoán ai cũng lỗ nặng, mở cái ứng dụng ra toàn tiếng anh, khó dùng nên rất khó chịu và bực mình!"
09333a54-ac05-470c-8488-a96eb89320b8,1,2023-02-09,0,Vô web KTIEN. VN vay OK ạ,Vô luôn trang VAY333 . C0M vay 0%
930e5e83-32d7-4f3c-b8e5-05c1e2e9a708,5,2023-02-07,0,Khach,Ok
867f4b59-77c0-4a89-9b39-ec973f34401b,1,2023-02-07,7,Sang phạm,App cùi quá . Đổi mật khẩu đăng nhập hoài không được là sao .
aa907f4f-28ce-417d-8150-8999c7b8172f,1,2023-02-06,4,Lực Hoàng,"Mới đăng kí tài khoản xong thì hôm sau nhận 3 cuộc gọi telesale, sđt dùng lần đầu nên khỏi nghi ngờ. Bảo mật dở tệ hoặc có hình thức bán thông tin khách hàng"
89a368dd-791c-42e9-9de1-2fb546301586,1,2023-02-06,3,NAM SON TRINH,"Không hỗ trợ được khách hàng, thu phí thì nhanh, nộp kí quỹ mất 20p thì đánh đấm j"
82209ef3-8fcd-4629-8846-941a8587a045,1,2023-02-03,0,Tú Hoàng,Nạp tiền thì lỗi liên tục
0cf96568-e960-4db0-b031-752710368353,1,2023-02-02,1,Văn Tuyến Khổng,Liên tục phải cập nhật phiên bản mới là sao.chán quá
afe052a6-a2cf-473e-9ef0-03f9fb6e0db9,4,2023-02-01,0,Thanh Tran,Hy vọng app tạo đc khoảng trống để người sử dụng thêm các mã tiềm năng vào đó để tiện theo dõi
afe8a1a8-71dd-46ab-a69d-329e2c1f2b20,1,2023-01-31,3,Tuấn Ciber,"chất lượng kém còn thu phí hàng tháng, chưa thể đóng tài khoản online( thủ tục quá rườm rà và ngu xuẩn) ,tư vấn kém, toàn lên youtube lùa gà..."
3c04f57e-79d7-4cb9-888f-d15f9afbda78,5,2023-01-30,0,Lee Quoc (Kẻ Trồng Cây),Good
bdb48f64-ba7b-411a-9826-7e9027d05907,5,2023-01-25,1,Trong Tran,Rất tốt
37544a30-33a2-4259-9826-fe46a59bcf29,1,2023-01-24,14,Teo Quang,ông nào muốn test thì nhớ là mua ít nhất 100 cổ phiếu cùng loại nó mới cho bán nhé :))) nạp 1 củ mua 30 như tôi là mất tiền oan
a6dfff3c-f1a1-43b9-92ff-f74bb71bf1e4,5,2023-01-19,0,Tư Thông Vương,Ok tốt
2c47f943-f704-4f1a-9b43-7f1b912f5a83,2,2023-01-18,1,ttrug taditimem,"Chẳng ra cái gì. App khó xem, lố bịch"
60e5f300-948a-4a7b-89e3-9689c4867322,5,2023-01-18,0,Trong su To,Tốt
1bbbdeef-4336-47e3-a0ee-0c1539c281b9,1,2023-01-18,0,Mỹ Ngô Đức,Trở lại phiên bản củ
6f2d5a4b-46d1-42f1-bd15-4a697b37a442,5,2023-01-18,0,Phạm Dung,Ok nha
5633e085-d4d2-4cb9-bfc5-920f1b236b37,1,2023-01-18,1,Qui Nguyen,Đừng tin vào con số số 1 thị phần. Mọi người nên tìm hiểu kỹ trước khi mở tài khoản.
855812b1-4d68-4fac-8c59-749f5374b453,1,2023-01-18,5,Châu Bảo,"Đăng nhập hệ thống thường xuyên báo lỗi ""hệ thống đang khởi đông"" là sao không muốn ng khác giao dịch nữa hay sao?"
aab24467-151a-4d49-8684-54326e7f0514,1,2023-01-17,3,Nguyên Nguyễn,"Thấy app vietInBank điều hướng để để tải cái này, thấy hay cài thử, chuyển tiền vào thì xong xác thự ekyc mãi k được. Cũng k lấy đc tiền ra, cũng chả làm được gì luôn."
e45945b3-2521-4afb-9739-858250418d45,1,2023-01-17,4,Dang Trung,Ứng dụng quá tệ
3733ea13-08e4-4309-a653-3307b769cfcf,1,2023-01-17,1,Mai Nguyen,Trải nghiệm tệ ươn!
860552dd-6aa1-44d2-b159-6f3f9b2f413c,5,2023-01-17,0,Đình Huy Nguyễn,Ok
a7d5b0bd-93c9-4bee-b8cf-60fb5748c300,2,2023-01-17,1,hằng Nguyễn,Mât thời gian
ba7ea502-5924-4d50-a877-fe05327822e4,5,2023-01-17,0,Tan Loi Nguyen,Ok
a3ce9857-b596-4f8f-9e95-dab6c03cddfc,1,2023-01-17,8,Son Le van,Các vị có lắng nghe người dùng không vậy
13ceaeee-6eb8-431f-8694-042fb276576f,4,2023-01-17,3,24-Nguyễn Thị Hằng,Quá tệ
576b7bad-a61f-4090-810f-041c42ee7033,1,2023-01-17,1,Tinh huynh,tệ
9e88393b-592a-403e-8f63-41ab2d312293,1,2023-01-17,1,Quốc Bảo Nguyễn,222222oźoo2
a48f03b2-10a7-4de0-aa71-b6d047ddcc6b,1,2023-01-17,1,dũng trần văn,Luôn cải tiến lùi...
c0cb6c20-83c9-459a-b5d9-cdd6a9e3eda5,2,2023-01-17,2,Su Ninh,Khó dùng
99f590a0-a8f6-4f86-985c-d46b7b2c149d,1,2023-01-17,1,Ngọc Trường Bùi,phien ban moi rat khó xem
e8bc40d2-8b02-4ab8-a3a8-1dca34775958,1,2023-01-16,1,Mobile Quan,Chán
18157fc3-1867-4038-ba98-75b784fcd84f,1,2023-01-16,0,hồng ngự nguyễn,chán
cb61fb3b-61cd-41b6-83a1-e31924577c96,5,2023-01-16,0,Quốc Toàn,"iD tư vấn: B274 Đào Quốc Toàn nhé, ai gắn id thì cmt mình add vào room VIP"
af561f95-cf8d-4683-9999-77404adb6346,1,2023-01-16,2,Bac Hieu Sugar,Quá tệ
fa32cd46-2575-43b9-8256-8323876a50e9,1,2023-01-16,4,Sơn Tống,Ứng dụng đang lỗi sao ko vào đc v
4380ffd5-43f1-4c30-af0f-973741ed2917,1,2023-01-16,10,Văn Dũng,Thường xuyên lỗi không đăng nhập được.
6741d23c-8380-4636-adbe-e107c858aa1f,1,2023-01-15,1,Tăng hoang,Tệ
eae07f86-7396-41d0-a8b6-d02bb1b7ef53,1,2023-01-15,1,nguyên lê,Xin vĩnh biệt cụ
73ef7733-5db7-4681-9201-ca5181e636b2,4,2023-01-13,0,The Phuong,Ok
7af91761-2ab9-4c13-a66f-7613e8384018,1,2023-01-12,0,Nguyen Quynh,Vào KTIEN. vn để nhận 700k
7bff1671-2814-453b-b6b8-334aaf58c8c6,1,2023-01-11,0,Ninh Hoang,Cái ưng dụng tệ nhất nào là đặt mật khau đặt mã bin toàn gủi cho mấy cái otp nhật vào toàn không đúng đúng là rất tệ âqm sao
4c896997-d411-420a-9c61-9ca13f117a8c,1,2023-01-11,0,Bát Thiên,Vay Online 0% thì vô VAY333 . C0M
a04c5006-fdb8-49c7-8bd0-698a38a1045e,1,2023-01-05,12,Cường Nguyễn,Mong muốn được về lại phiên bản cũ. Pls !
0da30e3b-54df-4b20-b2f4-3fe18b5f1414,5,2023-01-04,0,Lê Thu Hằng,Tốt
702dad9b-93d1-45d0-83f5-f0903604fcd0,1,2023-01-04,3,Bắc Bá,Nhìn giao diện thay đổi liên tục. Sắp xếp khó hiểu và khó nhìn.
f8d8541e-0132-4e67-9c9b-49a776bdfff2,1,2023-01-03,10,thanhthuy le,Trả lại phiên bản cũ đc ko
0ecf5cf2-57b9-480c-9ad1-eddc038f5fd3,5,2023-01-03,1,Hậu Hoàng Văn,ID CHUYÊN GIA TƯ VẤN VPS: BDW3
ee4806ef-4f2d-40dc-9acd-c9f8a587fd24,1,2023-01-03,5,tung pham,Hết sức tệ.
73cfd348-38db-4a34-b8f5-94523abe97e5,1,2023-01-03,3,Diêm Vương,Quá tệ nặng máy
f0bf2c29-fc1d-4d0b-bd53-8e48cda8cc0a,1,2023-01-03,4,tu huynh dinh,Nhìn đau con mắt.
9ea32817-3d1d-4aa1-8c84-de315b5e4d30,1,2023-01-03,0,Gía Sỉ Mua Lẻ,"K nhìn được tổng quan, tệ hơn giao diện cũ"
a9cd72d2-01d5-46cb-919f-98f974f7bab2,1,2023-01-03,0,Thu Nguyễn Ánh,Nâng cấp riết thấy nó chuối dễ sợ
8b2aaf08-1b17-4e83-b748-02d3a6f2a5c3,1,2022-12-29,2,Vivi Nguyen,Không liên kết được tài khoản vpbank
4f1d69ce-2eb7-48f6-a479-d66d90df4777,1,2022-12-29,2,pain khoa,huy lenh thì bi treo ma cha nha chung mày
cbdcd64b-ea6c-4f63-bba2-fb9d2cd1564c,5,2022-12-29,3,Tan Ngo,tệ quá rôi.khó nhin khó khăn cho viec gdich
17d74dd7-412c-49b7-8809-357fd4da461b,1,2022-12-28,4,Minh Lê,"Giao diện mới xấu, khó dùng, rồi app chứng khoán hay app ngân hàng vậy :D"
93d03a03-00b6-4f1a-920a-f7b1254a21d0,5,2022-12-28,0,Nga Bui Thuy,Rất thuận tiện Tốt
951d6288-ee86-4b97-9daa-d237bfb7e8e7,1,2022-12-28,5,Phạm Văn Thành,Tởm lợm thật sự. Ai bày ra cái nâng cấp này vậy nghỉ việc đi
44f03c2b-f8e2-4bc5-ac2f-74f2908c341d,1,2022-12-28,3,Khánh Ngô,"Phần danh mục thông tin thị trường phiên bản 5 nhìn xấu xí, loè loẹt. Quá tệ"
9f2819df-492d-41f0-9ee2-951c7128318e,1,2022-12-28,46,buivanhao buivanhao,Giao diện bảng giá nhìn quá chán. Để như phiên bản cũ dễ nhìn hơn.
05ac9290-5b41-4baf-beb9-02c682580e67,1,2022-12-28,4,Anh hong Dang,"Giao diện mới xấu , rối mắt, không có giá cao nhất , thấp nhất trong phiên. Quá bực mình. Cập nhật xong muốn đổi sang tài khoản sang app khác luôn... Nản với vps"
6a09a1b7-037a-4eea-8970-92762b43bc5b,5,2022-12-27,0,Thu Tran,Dễ sử dụng
4fa3f167-b356-4149-8f07-2fb2ca753995,1,2022-12-27,0,Nguyễn Văn Yên,Ko cài đc
d19e807b-ad26-4916-b789-a50992d4cc6d,1,2022-12-27,3,Si van Le,"Phiên bản mới quá tệ .khó sử dụng. Nhập lệnh mua số tiền nhập không gõ được dấu .,"
57e43c42-292a-41d5-9aef-45e3379dd86d,1,2022-12-27,4,Tuấn Khang,"Giao diện mới cực tệ hại, quá rối mắt, không hướng đến người dùng."
ec79d387-ecfb-4f49-b723-8eafd51cb2f3,1,2022-12-27,4,Vinh Nguyen,Càng nâng cấp càng thấy quá rối mắt
d4d3f023-7152-4bda-b29b-f8f8c583073e,1,2022-12-26,2,Tro Nguyen,Hừ
d38ecde6-8c75-44ac-8480-7463bf705456,1,2022-12-26,3,Minh Phạm,"Giao diện mới gây khó chịu cho người dùng, giao dịch bên vps 2 năm chưa bao giờ thấy khó chịu như bây giờ."
9b7b77b2-5433-4739-8997-5f9fd5dd5f16,1,2022-12-26,8,nhipham pham,"Giao diện xấu, ko nhìn đc tổng quan"
ceb6d374-c1d6-49c4-891d-91a12440b253,1,2022-12-26,4,Long Nguyễn,App đổi giao diện như cướt.... 😤
3a186a30-c6b9-4930-b1c2-82e4d7b2cd2f,5,2022-12-26,0,Tân Trương,Tốt
46eec935-0dff-4c15-a6ac-320550d5d2ad,3,2022-12-26,3,HT Orient,App mới chán giao diện quá
b64ca793-09d9-45fc-8e6e-8f9bff2c259d,5,2022-12-26,0,YHP CK1RHM,Oke
f7f4f0cd-bdd6-48ce-97f1-89e1076da931,5,2022-12-26,0,son dao,Phần mềm rất tốt
38e3561d-aecb-467a-a86a-867058f90bb7,5,2022-12-26,3,Chứng khoán Minh Khiêm,"Mình góp ý chân thành, nói thật app nhìn hơi tệ, nên học hỏi VND. K cần siêu app gì, chỉ cần làm tốt phần cần làm. Mở app ra nhìn siêu rối, phần quan trọng nhất là chứng khoán thì thiếu chuyên nghiệp thực sự. Cả cơ sở, app phái sinh cũng thế, nhìn nến, chỉ báo,... Không rõ ràng. Cần học hỏi VND, nhìn rõ, app đẹp gấp chục lần VPS. Mình thích VPS nên vẫn dùng, nên góp ý vậy hy vọng cải thiện được cái đó. Cả nạp rút tiền, giao diên, ... nên học hỏi VND."
ffca99db-0476-4087-bb4e-183aa0cde213,1,2022-12-26,0,Long Nguyen,Giao diện khó nhìn
840ded6a-e5fe-4e8a-b3d1-46a6f2a7200f,1,2022-12-26,4,Phone TV,Quá kém
dad09f88-8f68-4cb9-a196-6d481ba6a9fb,1,2022-12-26,4,Phat Trong,"Đang yên nâng cấp hay hạ cấp không biết, giao diện như củ lìn, đợi bán hết sẽ chia tay app đầy tai tiếng này."
d5bc0dd3-1ff5-4f97-b501-8985ebe1fb56,3,2022-12-26,1,huong nguyen,Đơ đúng lúc đúng chỗ phí cao
a276b6d7-610f-4d27-9eab-f40e2fcd6a27,1,2022-12-26,3,Hoàng Long việt nam,Tệ
06559e6f-9ae1-4744-9754-26c5378f9b5d,1,2022-12-26,8,Thanh Phạm,Phiên bản mới khó dùng và khó nhìn hơn phiên bản cũ
d25345f0-1814-48eb-8605-55c5acac690a,1,2022-12-26,2,Vung Nguyễn hai,Suốt ngày thấy đổi giao diện. Ng dùng mới quen 1 tí lại thấy đổi. Đến chuyển ck khác mất thôi.
2e93dfdb-cc5d-4676-996b-1372b6e37436,2,2022-12-26,4,Đức VCB,Có phải game đâu mà suốt ngày đổi giao diện
6dbaffb1-757b-4701-a1c2-cdea8bded093,5,2022-12-26,0,tiktok Idol,Oke
59fbd159-4003-4ba8-94d8-278a9a94fc9f,4,2022-12-25,0,Sáng Lý,Ổn app
dc3d2e40-020d-44e0-a942-0cc0dac032f0,2,2022-12-21,1,Giàu Phạm Văn,Phí phải trả là loại phí gì chả hiểu??? App muốn liên hệ bộ phận chăm sóc khách cũng khó nữa.
329b400d-419c-4cf1-9698-ec064f4b2fb4,5,2022-12-19,1,Thành Nguyễn văn,"ai có thể cho mình xin mã giới thiệu với họ tên người giới thiệu cho mình được ko ạ, mình mới chơi"
2999908f-69d8-4a3d-bf21-2235da1a5fed,3,2022-12-17,0,Hoàng Anh Lê,Mong VPS Sớm phát triển phiên bản giao diện tối Dark Mode cho app để bảo vệ mắt nhà đầu tư Vì thời gian nhìn bảng điện rất nhiều Nhìn nền tối sẽ tốt hơn
3248bb6a-317c-4993-8a99-05cc9fc76d78,1,2022-12-16,1,Hehe,Đợi mãi không thấy gửi mật khẩu về tin nhắn. Không đăng nhập được. App vui lòng chỉnh lại lỗi này!
58c7c9c1-f111-453c-84c8-2e6ba3cdbac3,1,2022-12-16,1,Nhân Nguyễn Dương Đạt,Quên mật khẩu xin lại mật khẩu lại đòi mã pin Mã pin muốn có thì phải đăng nhập Lập trình như cái qqqq
4e6a7fc7-eead-4e18-9fe8-eb617661406f,2,2022-12-15,3,Truong Minh Bang,"App tích hợp nhiều công cụ nên khá rối mắt, khó dùng, biểu đồ giá khá là chật chội."
62b175b1-b9ae-47fc-b72c-8df679ee9b0e,1,2022-12-15,0,Global Misterio Global,Vô nhanh KTIEN . Vn để kiếm tiền online
95bfaea0-3ebb-4a16-8e8c-a969d82d643f,5,2022-12-14,0,Văn Nghĩa Trương,Ok tốt
0742a034-b202-48b3-b8d0-46805d985596,3,2022-12-13,0,quy hoang,Không lấy được mã otp
9527b4fe-59d4-4716-b619-84af1a7ea073,1,2022-12-07,2,Dam Dang,Phí mua cổ phiếu quá cao
34f9cbbd-608c-4f44-abe9-d6976daa2a37,4,2022-12-05,0,Phong TrầnVăn,"App đủ tính năng, nhưng giao diện phân tích kỹ thuật, zoom và kéo rất khó và không đạt hiệu quả mong muốn, đôi khi ko thực hiện được luôn."
f8bafb51-274c-45f8-8704-0803da3225bf,1,2022-12-04,1,Manh Nguyen the,Lag tổ bố
2a18a686-612d-478f-9fd7-0c3c4df58235,5,2022-12-04,0,Nguyễn Mai Thi,Trải nghiệm dùng khả tốt giao diện đẹp dễ sử dụng
e15d95a8-ff59-40f1-a7e3-fa762d121abb,1,2022-12-04,0,pierre amodt,Hỗ trợ vay tiền 0% uy vô F88vay. C0m
d4226efc-af45-4315-9c95-b43aed31e25d,1,2022-12-04,0,Ngoc Anh,Kiếm tiền Free truy cập ngay KTIEN. VN
0fdb1e1f-609c-4808-870e-972367d8ef77,2,2022-12-03,1,Tuấn Văn,Nạp không vào :))
540bd97b-bf97-4099-a4cc-8ddad7cec4df,1,2022-12-02,2,rolland zuck,Vay Online 0% tại F88VAY . C0M
c68d13a9-1075-4ae8-815c-5516b3f526a4,1,2022-11-30,1,Nguyen Dong Tien,1 trải nghiệm thật tệ. Giao diện khó dùng đến mức khó hiểu
0434fef3-6750-4973-9118-b88193284abe,1,2022-11-30,2,Quang Vinh Lê,"Khuyên chân thành mọi người đừng dùng app này nhé, hút máu hơn kotex"
8b24cae9-c5ce-4c4a-a344-1252b7e131c3,5,2022-11-29,9,Vũ Quốc Trưởng,App nên đổi giao diện hoặc có phần chọn giao diện tối hoặc tím chứ để màu đỏ NĐT nhìn thấy tâm lý đã ko thích rồi. Hy vọng App sẽ dc cập nhật phần này.
660984ef-129b-492c-a4ba-b1176d268b08,4,2022-11-29,0,Anh Mai,Êrrerurưưr r . Êê..
efe80172-0153-4683-b3fc-30a4397c148a,1,2022-11-28,0,Tuong Vy,Gõ vào trang Vay333. C0M vay 0% tháng 11
b24e4dff-d07b-458e-83f4-33d2de4b7c18,5,2022-11-27,0,Tấn Lộc,Ok mà. Top 1 có khác
fd824418-e687-460d-a19b-14749fedb111,2,2022-11-26,0,Nguyễn quốc đạt,.lvm
15f81be5-212e-457f-8856-99f3a365238f,5,2022-11-25,0,MEEY LAND VIỆT NAM,Ok
c67415ba-4120-4496-b3ad-2eb86ab6d164,5,2022-11-25,0,Dino Dino,đội ngũ hỗ trợ nhiệt tình
d7a3c8c3-0580-42f1-81eb-20b40c1a0983,5,2022-11-24,7,cao sang thu,"App dễ sử dụng, mượt, nhiều tính năng hay"
20217653-9967-41fc-89e2-285936ca3144,5,2022-11-24,0,Con bui van,"App rất mượt, dùng quá ok"
9aab9849-a7b4-4d71-b0f3-cc6d50ce2e59,5,2022-11-24,0,TRANG NGUYỄN PHẠM QUỲNH,Lâu quá tk het tiền nên e k biet đánh giá gì ^^
48842a42-5906-4312-baae-d5339a72a712,5,2022-11-23,0,Stock ND,Rất tuyệt vời
9d4bf3f2-387b-42e2-b80e-5cf127795479,5,2022-11-23,0,Dung Cao Thị,"Ứng dụng tích hợp rất nhiều tiện ích , giao diện dễ dùng, dễ theo dõi và có hiện thông báo cho người dùng những cập nhật mới về tài khoản và thị trường chung"
3930f1fb-932f-4273-ad09-87e48c2c4e8d,5,2022-11-23,0,Tam Dang Huy,"App chạy khá mượt, nhiều tiện ích hay. Công ty có chính sách rất linh hoạt trong việc hỗ trợ khách hàng, đặc biệt trong điều kiện thị trường xấu!"
3383e87b-5602-4413-9ad7-e975e839dbaa,5,2022-11-23,0,Tìm hiểu cổ phiếu căn bản,Tích cực
c01f3cbd-be11-4cf9-af17-fc7c46eaafc9,5,2022-11-23,0,Lập Nguyễn,Rất tuyệt vời
d470fc0e-86dd-4553-9400-7857c766d7a7,5,2022-11-23,0,Van Van,"App dùng cũng ổn, app nào.cũng có lúc này kia, giờ cần thị trường ổn lại thì app nào cũng vui 🙂, phát huy mượt mà hơn nhá 🙂🌻"
1f325da5-d3ca-42c6-9e57-60179edb2990,5,2022-11-23,0,Phung Danh,App về chứng khoán tối ưu nhất thị trường
b55de04b-b24d-4c2a-83a8-003241519526,3,2022-11-23,0,Hợi phạm thị,Dùng cũng ổn
04878d8d-e78e-4bfa-9475-7985ea441fdf,5,2022-11-23,1,Tu Thanh,"App chạy mượt, dễ dùng. Nói chung là tuyệt vời."
8e90b381-9871-4e73-b690-0df64b53d4d3,5,2022-11-23,0,Quang Hiếu Văn,Đủ tính năng giao dịch cần thiết
1c32e282-d85d-4c83-b2bc-239897d28b66,5,2022-11-23,0,Phượng Vũ,App xịn mang đến sự giàu sang phú quý
2e8b1108-e818-4769-b9d5-b2d6aad3fcfd,5,2022-11-23,0,Nguyen Hoang Long,"Siêu App chứng khoán, ứng dụng đa chức năng, số 1 VN."
025f4530-0163-4083-896d-acdd8e9feab2,5,2022-11-23,0,"Van,LuongAnh Jl","Rất tuyệt vời, tôi sẽ tiếp tục dùng app này và giới thiệu cho bạn bè tôi 💜💜💜"
18fb31b0-a94d-4a3e-9d68-0bbc40ffdb5d,5,2022-11-23,0,Hùng Lưu Văn,Rất tốt
77fdbfdf-5b94-4fe5-a24b-a723a300d5f4,5,2022-11-23,0,Que Anh Ma,Tuyệt vời
e76f1267-f441-4b72-ba75-6a531dfb1aaf,5,2022-11-23,0,Xuyen Ma,"App tích hợp nhiều chức năng, dễ sử dụng."
d3cdf408-17df-4a36-88d8-5f2ce2d542d9,5,2022-11-23,0,Lê Hải Đan Lê,Quá nét
9d5a89f5-2987-415a-8c91-326cf302766f,5,2022-11-23,0,Thanh Tuấn Nguyễn,"Nhiều tính năng, dễ sử dụng"
ee0af131-d37e-4fc1-b7dc-d858df82a660,5,2022-11-23,0,Hiếu VPS Triệu,Cảm thấy app mượt chạy tốt hơn nhữung app của sàn ck khác .nói chung khá ok
b9e773ac-27c3-4024-b440-14c2ec95a6ca,5,2022-11-23,2,Windy Vũ,"Dùng app ổn, dễ thao tác, mượt"
27edb114-2870-4dfa-a242-297755ed6147,5,2022-11-23,0,phương anh nguyễn thị,"Nhanh, tiện, dễ dùng, có nhiều tính năng hay hỗ trợ NĐT"
f0c9ea35-614b-4253-b19d-47e49dbc181e,5,2022-11-23,0,lam nguyen,"Giao diện dễ nhìn ,thao tác rất nhanh ,hỗ trợ giao dịch tốt và hiệu quả"
d1b0c675-c90e-4b65-8297-7eaab10c5c28,5,2022-11-23,0,PHƯƠNG NGUYỄN INVESTING,Tốt hơn lúc xưa !
a8651210-341f-4b34-8e0d-d5b3aa085cdd,5,2022-11-23,0,cường nguyễn đức,"App mượt, dễ nhìn"
052ec52b-1d88-4ed0-81c2-d7e93eb5a5dd,5,2022-11-23,0,Hải Lê Ngọc,App tích hợp được hầu hết các công cụ giao dịch chứng khoán
135934ac-3594-444a-9ada-66768efc8b1e,5,2022-11-23,0,PHỐ ĐẦU TƯ,5 sao cho chất lượng!
247c06af-f178-4ae0-9867-eba378a34391,5,2022-11-23,0,Rayyan DOMALUX,App tốt giao dich nhanh rat ok chuyển tiền đỉnh luon
932e3736-2c91-43f3-bb1e-c6029fb8cb5d,5,2022-11-23,0,Thuong Tran Van,"App dùng rất dễ thao tác, tiện lợi, nhanh. Ứng dụng đa dạng"
4905d563-f0d9-4eaa-b2f4-188b4bbafdd1,5,2022-11-23,0,Thăng Long Official,Tốt. Cty ck dịch vụ tốt nhất
e72c1d64-7104-452a-82fc-82220938fc35,5,2022-11-23,0,Vũ Trần,"App dùng rất mượt, dễ nhìn, nhiều tính năng hay tích hợp bên trong rất tiện cho nhà đầu tư"
05f077ad-d925-4c96-97d9-0216535514ea,5,2022-11-23,0,Hiến Đỗ Quốc,"Phần mềm giao diện đơn giản, dễ dùng nhé."
cdd9edf6-f57d-4444-81ca-f698ffc13807,5,2022-11-23,0,Minh Quân,"VPS có nhiều tính năng hỗ trợ khách hàng rất tốt mà ở các cty ck khác không có. Thị trường luôn biến động, nếu cty ck không có những cách thức giúp NĐT giảm thiểu rủi ro thì khả năng thua lỗ 60-70% là rất cao kể cả F0 đến Fn."
c83ff206-1fa1-4452-b5bd-43e6dad29c8b,5,2022-11-23,0,Giải Thích Kiểu Chill,Ứng dụng rất tốt
7d1dedc9-8494-4a2f-b57c-ffa53fd1fd10,5,2022-11-23,0,Le Reii,"App ổn, dùng tốt"
d025e994-b84d-485c-98a5-a151ca1ef9d5,5,2022-11-23,0,Huy Nguyen Manh,"App dễ sử dụng, cập nhật nhiều tính năng thường xuyên"
83e8b5c2-d68b-4cee-94a9-8f6df55758c9,5,2022-11-23,0,Minh Nguyễn,App dùng tốt
2bacb3fc-ad29-4bb9-9046-060fafb78680,5,2022-11-23,0,Anh Nguyen,"Dễ sử dụng, mượt"
7df4924b-822d-431f-8791-3bb91bb94538,5,2022-11-23,0,Lê Vũ Trường Ngọc,App rất tốt
3441240e-48d4-4938-84e7-2ec4c728f371,5,2022-11-23,0,hoàng hải mạc,"App tốt, dùng tiện"
e4e97942-89c1-41dc-8cf8-4fbaf744c2c0,5,2022-11-23,0,Văn Dũng Đặng,"Ứng dụng rất tốt, dễ dàng thao tác, phù hợp cho mọi nhà đầu tư."
6a79dc01-0509-462d-b7f1-5d2997f9a0a0,5,2022-11-23,0,Chứng Khoán Giáp Nguyễn - StockHome,App ngày càng hoàn thiện
2dd0e286-aaee-49aa-b061-0e9c2ef20e31,5,2022-11-23,0,Bien Nguyen,"App dễ sử dụng, xem được lãi/ lỗ cả năm"
8f228e07-8fb1-4695-9505-eb8484d7ccff,5,2022-11-23,0,hoang trung,App tiện lợi hỗ trợ tốt cho người dùng
d49e4bc8-568d-4542-8413-1975d79f2c5a,5,2022-11-23,0,Tiêu Tiêu,"Nhiều tính năng đa dạng, hướng dẫn chi tiết dễ sử dụng"
abdffe11-c543-43c0-a7b3-983c2ba97f4f,5,2022-11-23,0,Trader Bao,App nhiều tiện ích & dễ sử dụng!
d23f09b0-4cf9-4db5-9790-b734a86d7cc9,5,2022-11-23,0,NGUYỄN VĂN THẮNG,App dễ sử dụng và rất tiện lợi
f4a09cef-b66d-43a0-b2ff-ad5011a39b01,5,2022-11-23,0,Phạm Minh Hoàng,"App rất chuẩn giao diện cũng như các tính năng cho những ai đã từng sử dụng các app chứng khoán trên các sàn quốc tế, và đồng thời cũng rất dễ sử dụng và thích nghi đối với những người mới tham gia."
0efb463b-34f8-4684-814d-75e4fd13cc9c,5,2022-11-23,0,TRỌNG ĐẠI NGUYỄN,Tuyệt với
ce00b241-7e5f-44f7-8d7b-d15ce50b89ac,5,2022-11-23,4,Tuan Vu,"App mượt, nhanh và dễ sử dụng."
e5cbf951-4102-448b-aa80-3c57890beaaa,5,2022-11-23,0,Thiên Sơn Hồ,"App giao diện đẹp, nhiều chức năng, dễ sử dụng"
e86fb775-ec75-4ea3-ac87-ff47f0bb7d8e,5,2022-11-23,0,nguyen choi,Giao diện dễ sử dụng. Chuyên nghiệp
e20858bb-6675-44b9-9883-fdaf88b6c445,5,2022-11-23,0,Hai Long,app dùng tốt
d7f2e242-6696-497e-96d1-59a2238b6c25,5,2022-11-23,0,Tiến Học Nguyễn,"Ứng dụng hay, nhiều tiện ích"
c96d9d78-2a7e-4a26-bb91-2bfc8d33d9b8,5,2022-11-23,0,Đức Thành,Kenshinytrung
7eb45625-fc4b-4348-9865-c4436064bcfd,5,2022-11-23,0,Ba Bo,"App mượt, dễ dùng và cơ bản là rất đầy đủ nhé."
94d10e9c-806e-4197-b833-5ba2b637b9e4,5,2022-11-23,0,Huy Le Ba,Rất chuyên nghiệp và nhiều tính năng hay.
ebec04fd-3e01-4c8b-86fc-5e66421e51ad,5,2022-11-23,0,Tài Diệp Minh,"App sử dụng ổn định, các chức năng dễ sử dụng và rất trực quan"
599d3931-c8f4-469b-ac97-f382f92fde2b,5,2022-11-23,0,Sơn Phạm,"Áp rất mượt, dễ sử dụng"
89000063-d826-4c60-af9b-5ee0703a2333,1,2022-11-23,2,Kiên Trần,Không bán được cổ phiếu sao app kì vậy
6ca0286a-0077-4441-9460-ae30d91ebcc6,4,2022-11-23,0,Quy Khuong,Trải nhiệm thích nhất là dùng Margin thủ tục nhanh gọn không lằng nhằng. Nhưng để đóng góp cho team phát triển app hơn thì rất mong tính năng bảng điện sẽ được đưa vào trong app. Và nếu đồng bộ tất cả tiểu khoản vào chung thì sẽ rất thuận tiện cho người sử dụng ngay từ khâu chuyển tiền.
20c34791-ffa4-4476-8c75-b6e3d4237cbc,5,2022-11-23,0,Nguyễn Tuấn Hưng,"Đơn giản dễ dùng, hiệu quả"
5eccd391-5ead-44ba-9b7a-331b058d3649,5,2022-11-23,0,Đồng Nguyễn Tiến,Dễ dùng
b2473156-05f7-4fe6-bf08-794656530c6a,5,2022-11-23,0,Hà Nguyễn Đình,App dùng tốt có nhiều tính năng
4fe217fb-632e-4e5b-bc7d-6bce93a0029a,5,2022-11-23,0,Quân Trần,"Giàu sang phú quý, cảm ơn cty"
ff969816-5580-4cb5-905a-410363b72119,5,2022-11-23,0,Tuấn Thành Nguyễn,Ok tốt
de1b9d1b-5bcb-4da2-9b5e-6e2c963e7e69,5,2022-11-23,0,Tuấn Đặng Văn,Good
9eb267ac-9dd1-47a1-9762-cd4484f1300a,5,2022-11-23,1,Phong Lê,"App dễ sử dụng, ít lỗi"
17825bf0-0606-4eed-913d-8539d159a39a,5,2022-11-23,0,Ngọc An,App ổn mượt
f05ad600-380e-4499-9b19-34c20a17c1e9,5,2022-11-23,0,NGUYEN DUC DONG,"Dùng rất tốt, giao diện đẹp, nền tảng mới này của vps hay thật ấy"
b7908082-f3f7-41dd-90d0-0603aeebda6f,5,2022-11-23,0,Tấn Phát ITP,Giao dịch rất tốt
4d37c8b3-6484-4b15-bd4a-50a2a6e809ce,5,2022-11-23,0,Hendrix,Ứng dụng quá tuyệt vời nhiều tiện ích ạ
1080a232-3eaa-4f36-8f81-f7a337aa9f9a,5,2022-11-23,1,Khanh Le,Trên cả tuyệt vời
606e3e54-c6f8-494e-9a99-c969f922da19,5,2022-11-23,0,Cát Tường Phạm,Ứng dụng rất tốt
8e923b35-bf6a-448c-ab65-9149c2083115,5,2022-11-23,0,Hiền Phan,"App khá mượt, dùng tốt 👏"
aa527ab5-cd8a-4c09-81d7-1baed71897bd,5,2022-11-23,0,Quyền Tạ,Khá oki
27ba10aa-bb18-4baa-98ca-150412241daf,5,2022-11-23,0,Cong Nguyen,"Giao diện đẹp, dễ nhìn, dịch vụ đa đạng."
b9dd0ff4-1acf-48bb-ab4d-ed120e76dc1e,5,2022-11-23,0,Dương Quyền,Tuyệt vời
d4c8f447-dbf0-4f69-a0ea-4bec9bcba9c4,5,2022-11-23,0,Toan Nghiêm,"App hay, nhiều tính năng"
ed1d9878-9c73-4578-a497-edce49d7fcb2,5,2022-11-23,0,Hải Nguyễn,Rất oke
6838d6fa-d1e1-4853-a745-7e7bb928bd3b,5,2022-11-23,0,To Minh Tuan,"App allin one, nhiều tiện ích, thao tác nhanh, dễ dàng"
cb92ab94-22b9-4057-b037-6de18f2aa16c,5,2022-11-23,0,Hà Trần Thị Thu,"App dùng rất tốt, rất mượt"
18040b46-eff5-4f71-9bd6-899932d9f28b,5,2022-11-23,0,An Nguyễn Văn,phần mềm tốt
9ce09edb-06da-43e2-a81e-e85d2835259c,5,2022-11-23,0,Ngọc Tùng Đào,Tuyệt vời app chứng khoán hàng đầu VN
558bae3d-4229-49ba-aa5e-7ff139947b8d,5,2022-11-23,0,Phí Thùy Linh,App dùng mượt. Dễ dùng
8e97da99-581f-495f-bdab-1932bb2807d0,5,2022-11-23,0,An Tạ Lê,Ổn app
be725aee-3149-4fb5-983c-c6fec289e74e,5,2022-11-23,0,Hoài Nguyễn,"App dễ dùng, giao diện khá ổn, dễ hiểu. Nạp rút tiền nhanh"
a2defb81-59d5-40aa-8857-b181742e7403,5,2022-11-23,0,Khánh Linh Trần,"Giao diện dễ dùng, đặt lệnh nhanh ít bị lỗi. Tích hợp nhiều tính năng hữu ích."
d6d92fe2-1056-4138-b174-be74bb26aad9,5,2022-11-23,0,Thong Duong Tuan,"App nhanh, mượt, ít lỗi"
e12bf2e0-475d-4b2e-8bf7-3b39260fdef4,5,2022-11-23,0,TUAN NGUYEN DUC,"Giao diện dễ dùng, rất hài lòng"
968a7cc0-d0e5-4696-8c62-dabb2ff1cf90,5,2022-11-23,0,Trần Ngọc Tiến,Top 1
ee055352-ac41-4572-bb1e-597bb9e65958,5,2022-11-23,0,chau phạm,Dùng tốt
87267e89-ebb5-4c5c-b44a-66fd1acd0c93,5,2022-11-23,0,Đặng Đình Thuyên,"Apps dễ sử dụng, nhiều tính năng tích hợp"
08d3de81-6338-44e9-b393-ab01b3320198,5,2022-11-23,0,lan pham,Ok
67fe9fb2-b1bb-404a-9225-25597e3d73d9,5,2022-11-23,0,Tú Nguyễn Anh,Nhiều tiện ích
9c32433c-43b3-4e81-95bc-9ee85f736284,5,2022-11-23,0,Huyền Phạm INVEST,Rất tốt
e0ce086c-23cf-4761-a091-ca8804d79927,5,2022-11-23,0,HO SI HIEP,Rất nhiều sản phẩm phòng ngừa rủi ro cho nhà đầu tư !!! Good
ef2e08f3-2703-46dd-9b9e-8f7c12026210,5,2022-11-23,0,doan thuy,"App sử dụng nhanh, đa dạng danh mục"
4093996d-fbd8-423d-a884-b09dde0b8c0f,5,2022-11-23,0,QUỐC VĂN,Khá ok
c036aef1-3b7c-40df-869b-ce4d774cbba3,5,2022-11-23,0,Thủy Đặng,App dùng ổn định
bf5b1733-606e-44ef-9c31-535eb9635b70,5,2022-11-23,0,Phuong Quyen,"App thân thiện với người dùng, đơn giản, dễ hiểu, chuyển tiền nhanh chóng."
bf20524f-90ff-4015-b4ea-1ab15c350d06,5,2022-11-22,0,Trường Nguyễn Vân,"Tuyệt vời, siêu tiện ích nhé các bạn"
ed1c0ff4-1402-464e-9cda-37d7dde911ea,5,2022-11-22,0,Quân Mạnh,"App hiện đại, nhiều tính năng"
d46fbf27-5e6e-4b73-8879-cd3970daf419,5,2022-11-21,1,Tùng Mai,"app nhanh, dễ sử dụng cho người mới"
b1e6dcef-358b-4a2f-8d71-dd207cba388c,5,2022-11-21,2,Cầm nguyễn Văn,Rất tốt ạ
9219377f-fc0b-4490-ba0a-568a66131aee,5,2022-11-21,5,Quoc Ha,"App ổn, mượt mà dễ hiểu dễ sử dụng"
4111eb9f-cf9d-45c1-b551-08a26268c2bc,5,2022-11-21,0,Huan Vu,đấy là app dễ dùng dễ sử dụng tích hợp nhiều tiện ích cần thiết
f385b8f9-1253-41c5-9c4c-2416fc766259,5,2022-11-21,0,Le Quang Anh,"Tuyệt vời, dùng mượt mà và tiện lợi"
e2529b09-d581-42ac-b193-1e67193b215c,5,2022-11-21,0,Tien Tran,"App dễ dùng, đặt lệnh nhanh, tích hợp nhiều tiện ích cần thiết."
f5924257-3917-484f-b078-6863b4feaf11,1,2022-11-18,0,Anh Huyền Thoại,Cập nhật hoài phiền quá
cb01e13a-61d4-4427-8121-cef14c48b036,5,2022-11-16,0,Phúc Huỳnh văn phúc,"Phong phú,đầy đủ. Tốt"
26207a0e-cdd5-46a0-90b6-6445a9d027fd,3,2022-11-14,0,NGOC ANH THÉP,Ok
e1f054b6-c0a3-4bfb-be9d-afac6304700b,5,2022-11-13,1,ຮศvར๑ཞ ฅརསཏ,Tuyệt 💖
249b738f-07a5-4775-a748-c04640f6aaf7,4,2022-11-11,0,Hải Bùi Thanh,Ok
d77d1ae8-2b1b-4b9c-96b0-933858f80c91,1,2022-11-09,0,dinh duc,Aap như cc. T đã xoá. Mn đừng tải mất công lại k rút đc tiền
dcfd5ed1-ee79-423e-b198-d0228b91c240,1,2022-11-09,3,Phap Nguyen,"Mở app là bị bắt khởi động lại hoài, không dùng được."
6b64e441-555c-43ff-8a4d-7bface2c7b9d,1,2022-11-09,0,Minh Tuyền Trần,Update quài
eacc5a40-c8b0-48f4-ac1d-d87c9c5a3ddc,5,2022-11-05,1,Dũng Phạm Tiến,Ứng dụng hay phết mà tài khoản mình âm quá 😂🤣
4067544b-5b3e-4cd1-ae5c-5913a962d5c5,1,2022-11-03,3,Dũno Tô,App kém
7447975d-2263-4238-9f84-09f1d6288f55,1,2022-11-03,3,Quang PN,"Đã gỡ, app cùi"
6f0586fb-b7ad-40b0-91d1-4009dcbd88af,5,2022-10-29,0,Hà Nguyễn,Tải nhanh
86243b37-bedd-4e5b-9ab6-0adcc9652184,1,2022-10-28,7,Đức Anh,"App kém, nhân viên hố trợ thái độ xấu"
7ed2841c-dc39-46e6-b2a8-afd5249d8023,4,2022-10-26,1,nguyen thanhloc,Ổn
6484ae7b-4a07-45dd-9358-e0ff1ccc673a,1,2022-10-26,3,Thu Hiền Nguyễn Thị,Sửa một lượt luôn đi. Cập nhật hoài. Cập nhật liên tục
002fc765-8cad-47f7-b7f4-462c210d68ce,1,2022-10-26,8,Duc Lang Khac,Cập nhật suốt mà tính năng ko thay đổi
eb801a9e-d3d1-444b-9775-8113de762128,2,2022-10-26,4,Van Doan Le,raq
abae7412-8dcf-4f6f-87ab-49c1fd38108a,1,2022-10-25,54,Lê Xuân Phát,Mấy bạn IT của VPS tệ thế nhỉ. Có cái app mà cũng không thêm cái nút tìm kiếm được.
39107bf5-8424-4435-a4a5-a590d7e7ffca,4,2022-10-25,1,Đặng Quốc Phi,Ok
4dfc37b4-2598-4b51-b300-fc35fcfabd1d,5,2022-10-24,1,Quoc Hung Mai,Tuyệt
d50d34b8-8f11-474d-a91c-9690a9add3c2,1,2022-10-24,0,Cường Thái,Ứng dụng như c..... cập nhật cũng không được.
a85d316e-64f9-43c0-96ab-39d8a9139407,1,2022-10-24,8,nguyên nguyễn,Cập nhật bảo trì liên tục mà ko cải tiến được gì
2f4c377f-aa2c-4566-92a9-62be59e8874f,3,2022-10-24,1,Lê Khắc Hùng,"Chậm quá ad ơi, vào phần Danh Mục ck mình đang nắm giữ mà load ko nổi. Chán quá...."
a07b0b3e-6d2b-4561-be45-cdbf3c1fee14,1,2022-10-24,6,Nam Nguyen,Suốt ngày bảo trì
301f6cd1-22cc-4047-9d8f-c107b5d21d57,1,2022-10-24,8,ntd auto,Bọn thần kinh toàn update đầu giờ sáng. Cài lại hoặc update thì báo lỗi làm ảnh hưởng tới việc giao dịch.
70dec9c3-6a0b-4f03-8c24-aaee02d4d6e7,5,2022-10-24,1,Tung Thanh,Good
629ccb3e-55cc-4dc2-bbd5-3e004545e8ac,1,2022-10-24,6,quyền ngô,Hay lỗi và hay phải cập nhật phiên bản mới
aa957843-82ce-4963-bf84-c04e70b3cc89,1,2022-10-22,1,Ngân Giang,Bắt cập nhật suốt! Khó chịu.
bead61c4-fc0d-47e1-b2d3-ae844daf2a1d,1,2022-10-19,5,cao cuong,Smart otp ko có tác dụng gì . đăng nhập tk trên điện thoại khác (chưa đăng ký smart otp) vẫn đặt lệnh giao dịch đc
e714459a-aa53-459a-9a64-3d290ba850a8,1,2022-10-12,10,Amy Trang,"Chương trình safy bên app ko rõ ràng, nạo tiền ko báo làm nộp rất nhiều lần, nội dung ko rõ ràng. Như lấy tiền của khách hàng. Lừa đảo."
e12421a4-e662-436a-a084-741b55618ad4,2,2022-10-10,1,Yến Lê,Suốt ngày bắt cập nhập
fa0731fd-06c9-48e8-8efe-960d0e6243b7,1,2022-10-10,1,Sy Cao,"Quá tệ. Suốt ngày cập nhật, dung lượng lớn. Cứ mỗi lần cập nhật mới lại phải xóa bớt ứng dụng khác để giải phóng chỗ cho nó"
4a25e99a-0c53-41d5-812d-9eb4a509084a,3,2022-10-08,2,Vuong Truong,Lỗi thao tác trên biểu đồ.
e72bb037-a2ed-4276-bf3c-8b6bca2a8f34,1,2022-10-05,0,Minh Quân Đoàn,"Cái app chỉ cho nạp tiền bằng tk ngân hàng vpb, trong khi tk vps thì không cho đăng nhập :) t đánh giá 1 sao để đây và không bao giờ xài, còn thua xa VNDirect lắm. Mn qua VNDirect đi"
cb26c79c-b2e1-4f6b-9414-d25853f28d84,5,2022-10-01,0,Chinh Nguyễn Trường,Quá tuyêth vời
6820d8e1-12e9-487f-9c61-5662905a1aa2,1,2022-09-30,0,Yến Nga Hoàng,K cài đặt đc
8cdae033-cc86-433f-8c30-69eab66a5eed,5,2022-09-29,0,Phuc Samnong,Tốt
7e98a767-de03-4e22-846a-5ab323953046,4,2022-09-27,0,Quang Minh Pham,Good
2609af03-4489-489f-a3a7-4de677dbfa6c,5,2022-09-24,0,Phương Quỳnh,Sau thời gian dài cải thiện thì hiện tại đối với e app rất ok nha 🥰🥰 mong app phát triển
a700283e-2cf9-46b8-ada7-dcde9c0874e8,1,2022-09-21,4,Đoàn Quang Nguyên,"App như hạch, lỗi tùm lum, không có tích hợp biểu đồ liên tục, không có công cụ đo lường, không giao dịch cp lẻ trực tiếp trên sàn như VND mà phải thông qua công thu mua phân phối của VPS"
ca7d5d10-64a1-4169-a4fe-313c8db013d9,5,2022-09-19,0,dũng nguyễn,Ok
c437490a-b62e-4844-8af9-794c0071cb1a,5,2022-09-15,0,Minh Nguyễn,Tốt
5b4dc546-6b09-45aa-ba23-52b89d1c574d,1,2022-09-14,2,Thien,đăng nhập. Mỗi lần đều bắt đổi mk mới ??? qua Ap khác luôn đổi qq nữa
7cd3eb2e-d2d9-4048-aabd-2cd32364b597,1,2022-09-14,4,Hailey,Không xác thực được tài khoản online và không thể rút tiền về. Cách duy nhất là đến văn phòng tại hcm. Một trải nghiệm tệ nhất từ trước đến nay.
296c90ff-567e-41df-8f00-14e34bfd7004,3,2022-09-14,0,Cao Dung,Ok
1c382b9f-b6ca-435f-9f9f-9071ebfb5e3f,5,2022-09-13,1,vanmanh trinh,Ok
0984c743-69c6-4239-b11a-4d732d595c4a,5,2022-09-13,1,Tu Nguyen,Tốt
9d2934fb-f39a-40ac-a902-82311556997c,5,2022-09-12,1,Dũng Nguyễn,Ok
00436365-d4c4-4cba-99f7-bfec3d213f5b,2,2022-09-12,0,Hạnh Đỗ,Lam sao khi toi k tải ve dc
4a34e1c6-7a04-4b3e-af37-9f20610ed178,5,2022-09-12,1,HIẾU PHAN VĂN,Gd nhanh gọn lẹ
f5e9e180-6b20-4986-b85e-ab9bb7ec8994,5,2022-09-12,1,Cao Hang,Ứng dụng đơn giản và dễ sử dụng
2d4423d1-498f-4fd1-b09f-e2ceee01112d,3,2022-09-12,4,vandiep nguyen,Safy của app là hình thức lừa đảo không thể chấp nhận được
f61d713e-637a-4842-9872-4aa416f47175,1,2022-09-12,3,hai vo,"Chán, cập nhật gì mà ko được."
29ae57ca-e38e-4e44-9761-e4713e2aeafc,5,2022-09-12,1,Hậu Ngô,Good
08a61abf-8eaf-4c10-b0a1-5f2e2f7e8df0,5,2022-09-12,0,Vũ Anh Thắng,Hay lắm
218cc409-db0e-4307-b416-6e3386db3be9,5,2022-09-12,2,Ductrung Do,Ok
dcf8db64-bb63-4fc7-a00f-c973223fa5d3,1,2022-09-12,0,Văn Đông,"Bảo trì liên tục,cập nhật liên tục,bi lỗi sau khi cap nhật liên tục. Hôm nay gỡ bỏ cài lại không cài được. Không giao dich được rồi."
e1e95ede-bbe0-4ecf-828c-c4c9bcaf55c5,5,2022-09-12,1,Tuấn Nguyễn,Ok
f97e5f9b-900c-4c20-a347-72696b4ef14b,5,2022-09-11,1,Chéo Máy,Tốt
a80dd9f5-47b4-40a2-b901-de0759c1f809,1,2022-08-27,8,Tú Lê Văn,Bảo trì quá lâu .
84c79d31-b023-4993-b5d1-77f01e16a6d0,2,2022-08-23,0,tik tok tổng hợp,Phí ứng tiền nhiều quá mỗi lần 50k
bf7ec963-689f-4212-8d0c-feabecb0d64e,5,2022-08-22,0,Quang Nguyễn,Ok
c1066994-85f9-416a-b0fa-5cd44192af1a,5,2022-08-16,0,Thành Long Tô Ngân,Chất lượng
f3798876-050b-43cf-9818-1c67385de914,5,2022-08-13,5,Cường chu,Tốt
7965d456-d615-40ee-b89c-63af19fb306b,5,2022-08-07,0,Văn Long Nguyễn,Tuyệt
03de5947-aca3-4ce8-83e0-6f085b6e5336,5,2022-08-06,0,Thái Báu,Okk
90e8858f-c560-42fd-be8a-c41b19e35aef,5,2022-08-03,0,Quang Vũ,Good
9f1c20cf-e47c-4389-8730-16f28abb491e,3,2022-08-03,6,ngoclinhbiology vu,"Không đổi được tài khoản mặc định, đã vào chỉnh nhiều lần nhưng kần nào mở app cũng về tk đuôi 1. Mong tin học chỉnh sửa cập nhật lại"
16113ca2-b2f0-42fd-aa19-a5421bd448f2,1,2022-08-02,6,Tham Nguyen,"Tôi muốn xóa vĩnh viễn tài khoảng thì phải làm sao,"
e2b335c5-51d3-484c-b5ec-bbd607e25a57,3,2022-08-02,0,Qminh,Tốt
93dd21fd-7ec5-4a71-945e-2cfca4d00282,5,2022-07-31,0,Nguyen huu suong,"Good,"
57585ea7-75d7-4bb0-b3bb-0fa749b5d94c,1,2022-07-27,5,Lương Thiện,Update ứng dụng xong ngày nào cũng mấy chục cái thông báo Khuyến nghị. Trong khi không cho người dùng cấu hình tắt thông báo khuyến nghị. Quá phiền phức khi vài phút lại 1 cái thông báo. Chẳng lẽ lại đi tắt luôn tất cả thông báo của ứng dụng. Không hiểu ông nào nghĩ ra cái chức năng dở hơi như thế.
6d874826-3baf-481b-b4ce-dee34a011a05,1,2022-07-26,0,Chú Tiểu,"Đăng ký xong vào đổi mật khẩu ko đc , đánh cả 100 kiểu mật khẩu mới các kiểu đều ko đc"
f0ed2994-1746-4566-8e9b-c6695cfc257d,1,2022-07-26,1,Thang Trinh,Cập nhật liên tục mà ko có gì đổi mới
76d4e70e-a2b1-4f3f-a3e8-50d08582e0d4,1,2022-07-25,0,HAO TRAN,Ngày càng chán
b5da7d9e-db55-40d5-b5b6-9fdcc5477083,5,2022-07-25,0,trung tran,Ok
e7526f41-c952-4133-9b04-47553fb54ad7,5,2022-07-25,0,Nguyễn Quốc Khánh,🐧
a8b8d2b8-ab62-419f-a188-b770e3e2119f,1,2022-07-23,2,VINH DUONG,Cập nhật liên tục k theo dõi đc
08b07a7b-b497-481c-af58-51ea29bd1b32,4,2022-07-22,0,Hồng Thái Phạm,Hay phải cập nhật nâng cấp ứng dụng nhiều lần
f0ffb229-c598-4740-aa46-9ba9bfc8d318,1,2022-07-21,2,Tiến Trần,Muốn đổi id chuyên viên tư vấn từ cSKH sang cá nhân k được. Rất khó chịu
1cb9882f-8aa9-42b9-a7fd-1b2bc39f08e0,1,2022-07-21,1,Nino Production,Tệ
c3b8ef6a-d60f-4b38-ae30-d81a5620d721,2,2022-07-21,2,Khánh Đỗ,"Quá nhiều thông báo rác, live stream, giờ còn thêm cái FIT nữa. Thiết kế kém tiện dụng. Cài để ra đường lúc cần đặt lệnh mua bán thôi chứ toàn dùng bản web"
f865129c-7de7-411e-9ac4-d54c2941a3db,2,2022-07-20,1,dung la van,không xem được biểu đồ
bcd1b42f-8a80-42a0-a804-8468dbe58072,1,2022-07-20,1,tùng nguyễn,App toàn bị lỗi
6b78b592-fc91-4a4f-8ba7-2d8ba1b1d71f,1,2022-07-19,3,Ngoc hao Vu,"Ko xem đc biểu đồ ,"
1e39bdaa-81ef-4126-9b0c-b4e30beb505f,1,2022-07-19,1,Nhan Van,"Qua nay lỗi quá. Chứng cổ đã chán, App lại còn tệ nữa."
33318676-81e4-4fff-a102-76d9b7faff65,1,2022-07-19,1,Nguyễn Thành Đạt,App rất xịn
92e30b46-92b9-4a84-b205-a72ffee6a376,1,2022-07-19,1,Cần Nguyễn,"bộ phận IP cần nâng cấp hệ thống lên để tương thích với nhiều dòng máy. ap gặp rất nhiều lỗi vặt như k vào được áp, k xem được biểu đồ..."
1a20821a-d63b-4046-b623-b0b0b951df3d,1,2022-07-19,2,Mỹ Kim,Safy của áp này như kiểu lừa đảo
038b110c-c2c8-4b46-b971-6c7b277cf695,1,2022-07-19,2,Duy Nguyễn công,"Phần mềm hay cập nhật, hay lỗi. Lỗi 2 hôm nay rồi mà không khắc phục"
5701895a-b62f-4f72-81f4-780f5c8706ee,1,2022-07-19,2,an dang hoai,Cập nhật xong ko mua bán đc cung không xem đc biểu đồ
5b49ad3a-472d-4d80-99ae-7ba1c85d3129,1,2022-07-19,2,Quyền Ty,App lỗi quá ko xem đc biểu đồ
a2b122ff-b844-494b-8b00-07c79e63bd03,1,2022-07-19,2,Lam Nguyen,Rất tệ.
971afb87-1eaa-4a34-9073-2e02f2954837,1,2022-07-19,2,thuy nguyen,Xem chi tiết mã màn hình đen thui
54efe773-fd8a-488d-865f-1139374eabba,5,2022-07-19,2,Hoàng Độ,Ok
f22ee400-120d-47ba-b7d2-b621f63c175a,1,2022-07-19,0,Bui Quoc Viet,Coi thường khách hàng.
ff1bd8fb-4a25-483f-b2dc-5ef026946baf,1,2022-07-19,2,bui quoc viet,Quá tệ
c154dc47-c4b3-48eb-83cb-3e19918b9e14,1,2022-07-19,2,Lịch Nguyễn đức,Làm ăn kém quá
184ac13f-ea07-4c82-8b11-3aaf35809327,1,2022-07-19,3,Sang Do Ba,"Không sao. App nên ấn đúp phím back là thoát, tôi ấn một làn Back đã thoát mất rồi, toàn phải vào lại, mất thời gian."
5810a2ec-8f63-4064-a8b9-e811ca92a676,1,2022-07-19,21,GK Optimus,Cập nhât xong không xem đc biểu đồ. App tệ quá!
655b5b8c-26de-4e57-a17b-b8f8de63c335,1,2022-07-19,1,Tin Tin,Làm tốt lắm
9ee41fff-5b91-4a4d-96ae-3841a2956847,1,2022-07-19,3,nguyen hieu,Đề nghị kiểm tra sửa lỗi . K xem được biểu đồ rồi
e10863f8-b20e-40b0-af78-ebcd4d78c18b,1,2022-07-19,3,Xuân Mạnh Nguyễn,Bị lỗi 2 ngày rồi mà ko thấy fix gì luôn. Bấm vào xem biểu đồ mà màn hình cứ đen xì
217f4bee-957b-43e4-9835-315f265819cd,1,2022-07-19,1,dang thang,"Không vào xem được biểu đồ chi tiết, không mua bán được. Tiểu khoản mặc định thì bị lỗi không cài đặt được"
154f3dc6-a78d-4694-8562-8574c7744606,1,2022-07-18,12,le Nguyen,Bản cập nhật bị lỗi. Không xem dc biểu đồ
be7dcce8-d5de-4897-a834-18136036b77b,1,2022-07-18,4,Phuoc Phan,Có ad nào đó k. Có ai đọc được những nhận xét từ người dùng không. Đến giờ vẫn k xem được danh mục mã là sao
9987d1f0-aa7e-410f-979d-c3eeeadbed5e,1,2022-07-18,8,Quoc Hoan,Cả ngày hôm nay ko vào đc áp là sao nhỉ
522aa873-0003-439a-a550-b832da1516e1,1,2022-07-18,7,Dan Hoang,Đầu tư 1tr vào xong. không bán được cổ phiếu. Ae không nên tải.
55d65e82-8a90-46ba-8314-53a83b72c3f7,1,2022-07-18,6,quân hồng,Cập nhật xong mà hình biểu đồ đen thui. Càng làm càng dở
0a9eb379-16b1-4a3f-9cca-740292a13af7,5,2022-07-18,0,Đức Nguyễn Tiến,Good
6144674d-4a6f-4ad7-8e5f-147c68dc0878,2,2022-07-18,6,An Truong kien,Không xem được đồ thị luôn....chán
5403f847-b444-4bfe-8381-5768ff2191b4,2,2022-07-18,6,Trung Nguyen,Update xong vô xem chi tiết mã thì đen thui màn hình
21d8b395-aef9-47fd-91de-bca6d00c4d0c,1,2022-07-18,0,Luu Giang,Cập nhật xong phế luôn 😡😡😡
ed0b1a3f-1d7b-47e6-8fec-09b116bf2160,2,2022-07-18,12,Thuc Tran,Cập nhật xong không xem được biểu đồ nữa !
c73c9312-0d3a-4956-8acf-8b66d4b32686,2,2022-07-17,8,Hieu Tran Trung,Cứ tra cứu là đen màn hình???
93b61875-63df-49e8-a800-34b69974f0cb,5,2022-07-17,0,Y Tran,OK luôn
7e9bd64f-6337-47c8-8e17-95026f6eb234,2,2022-07-16,1,Bac le dinh,Mã kích hoạt sửa qua sms đợi quá lâu
8b764da5-f7a5-48be-bd4e-3c80bf98148e,2,2022-07-15,2,Minion Kevin,Nhiều lúc bắt đc giá ngon vô mua thì lỗi hoài nó lên giá rồi mãi mới vô đc app làm ăn chán quá nhất là tầm 14h30-15h
9393f688-549b-4820-9fa1-322a5d1a8ef9,3,2022-07-14,0,Duy Anh Vũ,"Chức năng đăng ký tài khoản mới đang bị lỗi, nhập đầy đủ tên có dấu thì báo lỗi, bỏ dấu đi mới cho qua! Đề nghị VPS sửa lại"
070b769d-ec30-4485-8146-bfb1043a29e4,4,2022-07-14,0,Nguyen phong Hai,Good
dbb3703f-a345-4505-aab6-56090598ab32,1,2022-07-14,26,Phong Nguyễn Thanh,"Mang tiếng Cty Chứng Khoán có thị phần môi giới cao nhất ở VN mà làm cái app chán thật. Suốt ngày bắt cập nhật, không có biểu đồ % cơ cấu các loại cổ phiếu đã mua, không có thống kê lời lỗ trong ngày ..."
e0358be9-8bbe-4aec-b205-66007b3c0010,2,2022-07-14,0,Dinh Nguyen Xuan,Hay update quá
1620e5a0-fd90-447c-81f3-962764eca320,5,2022-07-14,0,Trần Mạnh hà,Được
2eed1447-f51d-476d-91a4-9de2bc92130a,3,2022-07-14,3,Doan mai vy,Bih thuog nhu can duog hat gao
8f5554b0-6dc3-43ec-a937-f5d5f3e955f7,5,2022-07-13,0,chinh le,Ok
402f07f7-d012-46b3-aac8-43f9b9c6ab77,5,2022-07-13,0,Nguyễn Dương Nhật Minh,Ok rất t
8c80761f-4d52-4780-a30b-a088a43b7a6c,1,2022-07-13,1,Xuân Anh,Ap như cc
938c657e-1515-44f3-bf5c-dddd4ef2fbee,1,2022-07-13,1,Hung Nguyen Dung,Ko thể cập nhật được
ac8a9b1e-520a-4856-b3b3-9a30a5ea52a7,1,2022-07-13,1,tuấn thinh,Ứng dụng quá bất tiện khi phải cập nhật liên tục mà ko có thay đổi được chức năng gì
4c078366-e6ae-45c7-9362-e76f7fc5d084,3,2022-07-12,0,Vương Nguyễn,It câp nhât lam 1lân cho tôt
6bde221c-865a-44d9-9d83-8f9601a7dac7,5,2022-07-12,1,Lê Thanh,Good
b7bd0842-1fe5-496d-8ec9-686528116cf7,1,2022-07-12,6,dang hieu,Thường xuyên Không đăng nhập smartone được.KÉM !!
094f0c8e-7f8e-4c18-b5f4-a85009e9886b,3,2022-07-12,0,ba trần trọng,hay lỗi
541e3d9c-433d-4a30-8985-6f42d0dfc3bc,3,2022-07-12,0,Huong Pham,Ko cập nhạt đc pb mới
15e91ac2-1120-4db1-98f9-5630a90a0b9e,1,2022-07-12,0,Khactuan Pham,Nửa sao. Vì t ko cập nhật dc đây này.
bd7f2175-7d35-4268-ada9-d0d4a9883df5,5,2022-07-12,0,Phuoc Nguyen,Good
63535d0b-ce32-411a-b778-2e3378f5173e,5,2022-07-12,0,Hải Lê,Tuyệt vời
782dadd0-3a9e-48dc-b0a6-29b0bc1a61a6,4,2022-07-11,3,sỹ nguyễn văn,Tốt
645df4d3-d1ba-446c-ba0c-65bbd12350aa,5,2022-07-11,0,Nguyễn Hoài Nam,Tuyệt vời
8057e21b-721a-41a3-9313-eb14f46db39b,5,2022-07-11,0,UYÊN NGÔ,Ok
591ad654-6005-45b0-9414-cec3a1b0cf88,4,2022-07-11,0,Thành Nguyễn Ngọc,Ok
552aba99-6f47-4c54-b2f5-9eb1f976c2da,5,2022-07-11,0,Hải Yến Lương Thị,Ok
2276697b-f84c-407d-bc3d-9919240659ba,2,2022-07-11,1,Hồ Vi Nguyễn,Suốt ngày rút phích điện. Giao diện rối
5eede7dc-7a5f-4e79-9069-90ae7d0c1395,1,2022-07-11,1,Danhdc,Ko update được vậy
20828b8e-75b7-48eb-98a3-644e3761e536,1,2022-07-11,1,thinh phan,tệ
d39ff2c8-8746-420d-a368-0de88b09dccf,5,2022-07-11,0,NĐN Vlogs,Ok
5ae6ee73-7da5-4cf7-8d6f-bcff904aaa4a,5,2022-07-11,0,đỗ tấn hưng,Tốt
2591fe63-83f3-40b2-9c2d-e8ee8444479a,3,2022-07-11,0,Hoang Bui,Ok
1e531fc4-f69f-430a-8b5a-1974233bdc8b,3,2022-07-11,0,Lâm Phan,Ngon
da76f824-7c5d-425e-8954-de97fe7401a6,1,2022-07-11,1,BẤT ĐỘNG SẢN ĐÀ NẴNG,"App j mà cập nhập hoài tính năng mới thì chẳng có , chán"
2f122163-8214-4866-b46d-171ff1af6c88,5,2022-07-11,0,hậu Nguyễn,Rất tốt
ee1f1ea9-0f52-4b4d-a7cd-b42ccea2f0ae,1,2022-07-11,2,Bùi Thị Diệu Thảo,"Thu phí ẩn, thu phí cao hàng tháng. Cập nhật liên tục. T7,CN muốn vào cũng vào kh đc. Nạp tiền, chuyển tiền thì bị ngoài giờ giao dịch trong khi vẫn còn trong khung giờ."
0dc4e500-6417-4a2c-93fe-d48e62fe013d,1,2022-07-11,1,Lê Bảo Long,Tệ
b581f5dc-bec8-4009-aa4b-eeeaefc0fb00,5,2022-07-11,0,MINH SANG Ly,Ok
05aaf7a9-e696-4256-bd0c-8a9efb8e3876,1,2022-07-11,1,Trinh Đặng,Tần suất cập nhật quá dày. Phiền phức quá
1347f993-c6b0-4fdb-b363-a3713cb0eb1b,5,2022-07-11,0,Nguyen Ngo,Ok
1960c9d7-1a4d-41ea-a650-c6afa2bce18d,1,2022-07-11,1,Dũng Tiến,"Bắt cập nhật nhiều quá thật bất tiện, trong khi đó cập nhật xong ko thấy đc nâng cấp gì cả"
4943f5ce-be3b-469e-b18c-b7dcc68e2e33,2,2022-07-11,8,Thành Nguyễn Văn,"Hiển thị Thiếu đồ thị phút, đồ thị ngày, nên bổ sung cho dễ giao dịch"
31543af2-1382-4f13-a5af-5801ff5b6622,1,2022-07-11,0,p ht,"Bắt cập nhập, mở k được, mà k cập nhập thì lại k vào dc tài khoản quá bất tiện. Đánh giá âm sao mà k có. Ngao ngán. Đây là lần 2 r."
207d29ae-ac4a-41af-a857-8210683f656b,4,2022-07-11,0,Minh Đức Vũ,Ổn
f715d148-3230-4514-b620-105985f9c31a,5,2022-07-11,0,Nhut Nguyen Minh,Dễ sử dụng
031084ad-be3e-4ae6-a6ab-f5f475f8ef6d,1,2022-07-11,6,Bong Nguyen,"Ứng dụng rất bất tiện, vì tần suất cập nhật phiên bản mới quá dày"
8d4bd0b5-cd8a-4760-8ab3-922706e18616,1,2022-07-11,0,Khánh Linh - 10A8 Nguyễn,Quá kém bất tiện
37cec2fb-6f2e-458f-aaae-99fb5137c2ea,2,2022-07-11,11,Giang Ask,"Cập nhật liên tục mà ko thay đổi gì cả, cập nhật là ko cho truy cập tk."
bd724455-e691-4203-8828-20537bd5c061,1,2022-07-11,0,Trần Văn Duy,Chán ko cập nhật được
a04d8512-c6b4-4845-a917-b7f61a146ed0,5,2022-07-11,0,DucBao Nguyen,Ứng dụng rất tiện lợi hiệu quả
3c3e5ea5-b2f0-46d4-827f-c541382fa6a8,5,2022-07-11,0,NHI LÊ,Rất tiện lợi!
1d680656-ef44-4601-9e55-add98407d551,4,2022-07-11,0,Tran Suong,Thi thoảng bị đơ
7743608a-ae26-4381-b2d8-c60967401b35,5,2022-07-11,0,Phúc Trần Thiên Phúc,Ok
2fe5d12b-dfe8-4ca9-ab70-1968fe1afb12,5,2022-07-11,0,Baby :333 Yur,Mm ok
cf13088f-a3c8-43d8-a5e4-f05997094650,5,2022-07-11,0,CÁT MAI,Tuyệt vời!
101c18be-016b-45e6-81ae-8af3c485309d,5,2022-07-11,0,Sáy Minh,Tuyệt vời
f490f7d5-39be-4a43-95e6-01dc2efbccc2,1,2022-07-11,0,hoang thanh,Khó thao tác
0429eade-2d06-4be5-ace8-273dd811bdc3,3,2022-07-11,0,Luong Nho,Đơ
47e8279c-4db7-44fb-9048-dba623365e55,5,2022-07-11,0,Khoa Nguyễn Việt,👍
24596756-1712-432f-9518-0066a8068ca2,5,2022-07-11,0,kiên đồng,Tốt
ec3d16dc-d5c0-427a-acd2-3048c3f14ea7,5,2022-07-11,0,Hao Le,Tuyệt hảo
2c4cfa63-e44a-4531-a643-78caf6d2e6f6,3,2022-07-11,0,Sửa chữa điện nước Ủy tín tận tâm chuyên nghiệp,Chậm thiếu thông tin
b3180ef0-5045-45fb-9541-8a48852307d3,2,2022-07-11,1,Hung Le,"Có phiên bản mới là bắt buộc phải update, không cho quyền truy cập vào tài khoản khi chưa kịp update"
f2f4528b-22b7-4d03-9a42-c47edb6b6d59,4,2022-07-11,0,TN Admin,Ok
f0fb3977-e0c4-4b18-ac2b-6b102d6ef8cb,5,2022-07-11,3,Hong Mo Tran Thi,Tốt
6176070c-1bf6-42d2-a1f4-ed5bba29ca3b,1,2022-07-11,0,Duy Trình Hồ,"Hay bị lag, mất thông tin cp"
30d814cb-5a22-4af1-a6c7-e1444e7e7ae5,5,2022-07-11,0,Quoc Binh Vu,Ok !
9d4e4e74-d56e-4b88-8924-67f555c856a1,5,2022-07-10,0,Minh Duy,"Nhanh, dễ sử dụng"
e5d18ba5-1e0f-405a-9d7e-e4f0a702ab8d,5,2022-07-10,0,Tung Nguyen Duy,Ok
a894d018-9ee4-49e1-97ce-a1b51fb6d638,1,2022-07-10,2,Van chien,Dùng sim vinaphone không nhận dc otp để xác thực. Quá kém
473341e7-4b69-4b17-a644-820dc71040cd,5,2022-07-10,0,Đức Nguyên,Ok
40b32c9d-803b-4ebd-9c98-61ef1f2303ff,2,2022-07-09,0,Qy. nhu,"Thông báo bảo trì tới 22h30 mà 22h46 rồi, muốn vào rút tiền gấp về tk ngân hàng cũng không được. Làm ăn nên chính xác đúng thời hạn"
07f485f4-b323-4bdf-ab2b-3386ba72bb91,1,2022-07-08,2,Hùng Nguyễn Đình,"Tiền margin trừ ko rõ ràng, sao kê cũng ko rõ ràng. Gọi tổng đài nói chuyện như chợ búa. Khuyên m.n dẹp cái app này đi"
6d846d4e-8ad2-43db-8159-aad12582a735,5,2022-07-05,0,DDD pham,Oke
cff60cd3-8648-43f4-bd57-c196e5c9e8ff,5,2022-07-04,0,Quang Minh Phạm,Ứng dụng cực kỳ tệ. Tôi tải về đánh mã của anh Quyết toàn lỗ. Đề nghị nhà phát triển cải thiện app cho tôi oánh con nào con ấy trần.
0f54f93e-3f73-4f2f-8eab-a0ffbd9b9a17,1,2022-07-04,0,hào đỗ,"Vps kinh doanh rất đểu giả, tự ý bán cổ phiếu mà k có thông báo hay gọi điện trước. Mối giới thì tạp nham nhất trình độ kém phím hàng lung tung k có tâm làm nghề"
49431270-8d4c-44a3-8beb-9373783c7d83,1,2022-07-01,5,hieu huynh,"Tệ, giao dịch bằng ứng dụng này bực cả mình"
1ee5232c-7e2d-4d30-8a1b-540a09245069,5,2022-06-29,0,Nghĩa Phùng Trọng,Ok
dc2a70b8-af39-4b34-be08-52437e36c71c,5,2022-06-27,3,nguyen duy vinh,Quá kém
42e836fa-acae-4cdd-bbea-7c43aa8529e2,1,2022-06-24,0,HNM Channel,Rẻ tiền. Làm ăn bát nháo
7f4c34f9-5194-46dd-892c-8f5e26c6686c,5,2022-06-23,0,Chiến Nguyên,Tuyệt
41d35273-a2be-421b-9e1a-d4745fb01396,5,2022-06-22,0,Duy Nguyễn Minh,Ok
94eb9088-15a6-4b80-8df0-105ae5426a06,1,2022-06-21,2,The Anh,Yêu cầu sao kê thì phải mất tiền . Mất đến 3 lần tiền vẫn chưa được bản sao kê
5962fdf5-696f-4096-946f-c5e45148f71f,1,2022-06-20,0,Tan Vu Luc Nguyen,"Quá tệ, mua bán lỗi hoài"
ead616f4-e4f7-4534-83ad-05f6743903b0,5,2022-06-20,0,kidchi võ,Good
712cb9ff-8d28-400f-8c32-6dd11e59cf0e,4,2022-06-18,0,Hai Nguyen thanh,Đường dài mới biết ngựa hay.
3d76547b-4ddd-4ecc-bde7-48d3060f1b7d,1,2022-06-17,2,Minh Trí Lê,App quá tệ
bf62eb1f-2758-4d2c-b882-1ef7dde9897a,5,2022-06-17,0,Hải Văn,Ok
38913c53-0179-4fd5-83e1-4dfd6ebb9d5f,1,2022-06-16,1,Phudinh Tree,Quá cùi
4a3d06de-bd2f-43a4-bee1-648d8cd4ab8c,1,2022-06-13,2,Thinh truong phu,App lag liên tục . không vào được lệnh. Dỏm nhất trong các app đang dùng
c5ca3325-529d-4578-bbcd-f188127764d3,1,2022-06-09,1,minh nguyễn,Quá tệ
cfbf8630-fa4f-40ba-bdeb-19c04ab4a2f6,1,2022-06-08,1,Hiếu Trần,Quá tệ
44f33729-cae2-4c94-b3c1-ec23fd56042f,1,2022-06-06,4,Nguyễn Sinh Thành,"Không xem được lỗ lãi ở trên đầu, app hay đơ trong lúc giai dịch."
8aea7623-0b70-4aa9-8a99-f7e08408f8cc,4,2022-06-05,0,Tay Vua Quay,K có chức năng tìm mã ck
e12e16f0-65b8-4c2f-ad7f-c8e4d7311280,1,2022-06-05,0,Nguyễn Thế Vinh,Lỗ vl luôn
e99b2fa0-0a14-48b2-b530-7f27e034929e,5,2022-06-05,0,Nhất Nguyễn,"Ngon bổ rẻ, đáng mua ăn thử."
9041fa2d-5a83-4565-afc5-035b08caf6c6,1,2022-06-03,5,Vương NHN,Truy thu margin rất mất dạy
89de97d6-8c72-4174-9c37-368ecc039086,5,2022-06-01,3,Nhựt Nguyễn Hoàng,Ok
134c91fc-b689-4efb-ba2e-7f3655cdac01,5,2022-05-31,0,Vân Nguyễn Tường,Ok
df71a5d7-9cba-4d50-be46-fd43484b0d0b,1,2022-05-31,0,Tuấn Quốc,"Nãy vào nộp tiền để mua cp, chờ hơn 5p k được, đến lúc nộp tiền thành công thì cổ phiếu chạy đc 3% rồi, ai chịu trách nhiệm đây."
1735d6c2-073f-42e2-9faa-855c78f99cef,1,2022-05-31,1,chu bá,Lúc giao dịch thì ko vô đc.
0e994477-2c53-46eb-a31e-27db8f957717,1,2022-05-31,4,tuancuong nguyen,"app , hệ thống như cc , suốt ngày đơ lag ,không đăng nhập dc"
28f8e642-5e2f-4017-bb6c-6af78b4723a0,1,2022-05-31,0,quyên trương,Thường xuyên lỗi
178a19f2-3761-49f2-99bb-5f683f2a5aab,3,2022-05-30,5,Thành Vũ Đặng,"* Phần mềm hoạt động khá ổn. * Bảng giá cổ phiếu cần thêm mục lựa chọn theo nhóm ngành như: Ngân hàng, Bất động sản, Phân bón, Bán lẻ, Thực phẩm,.... * Thêm mục tìm kiếm cổ phiếu. Khi nhập mã cổ phiếu có hiển thị tên doanh nghiệp cần tìm hoặc gợi ý một số doanh nghiệp có mã cổ phiếu tương tự. * Thêm mục lịch sự kiện hiển thị các doanh nghiệp có sự kiện chốt ngày không hưởng quyền tham dự Đại hội cổ đông, nhận Cổ tức trong khoảng 1 tháng sắp tới. * Thêm mục khuyến nghị cổ phiếu hàng ngày."
c4ad46b8-5459-4e90-9b0c-7ed3832f91be,1,2022-05-30,6,Nghĩa Phạm,1 * mà vẫn thấy hơi nhiều
50ad33ee-93ea-47a3-8be1-68cc84e24d94,5,2022-05-29,0,Phạm Công Định (Đinhsaudoi),Tốt
451782f7-6c43-42fd-89d7-1e2a8a64be07,3,2022-05-28,11,Thien Tien Doan,Hy vong ncc ngày càng cái thiện tôt hơn
0a2a522a-a454-4be4-bc9f-6dd3580d460e,1,2022-05-27,0,migikyo mazc,Chuyển tiền j mà thời gian hạn hẹp
9a4aadd1-babd-4157-91ad-004c8bc142c7,1,2022-05-27,0,thanh sang to,"Nhắn cho thế hệ sau: Đây là cờ bạc bịp do NN chóng lưng, dính vào 95% tán gia bại sản"
12ecdf4a-764d-4778-afc8-30d2a04ca066,1,2022-05-26,4,Phúc ĐẶNG,Không có ô tìm kiếm mã chứng khoán nhanh. Giao diện tệ.
c378924d-b527-449b-999f-d568457fc03c,2,2022-05-25,0,nguyễn hoàng,Tệ
3e4415ac-5415-4a1c-9cd9-01e8ab6cd24e,1,2022-05-25,2,Ninh Nguyễn,Lỗi liên tục. Ko đăng nhập được.
ccabd132-da0c-4d75-b1e7-d60ec113c474,2,2022-05-24,1,Dũng Lê,Hệ thống đang khởi động lâu quá
07c57d34-966f-4623-9315-e2f62ac8f602,1,2022-05-23,0,Hoàng Việt,Lừa đảo
f148ceee-8237-416d-8447-03d9d8327ca7,1,2022-05-21,1,Hung Nguyen,Láo nháo pháo ăn xe
ef205226-ccd9-44ba-a583-0c18e7e52ed8,5,2022-05-19,0,Nhất Vending,Ok
e9832d12-e3eb-48d7-8eb3-fbc19ce50dfb,1,2022-05-19,2,Thang Tran van,Lỗi ko ra thể thống gì
c6e70779-6d30-49f1-a517-bba403f6abcd,1,2022-05-19,3,Tam Nguyen,"Làm ăn thất đức, mất dạy"
27ab8cd8-6292-47dc-b8ff-518937b402db,5,2022-05-19,0,Halo Bay Homestay,Ok
fc3b849e-8868-4fdf-9c19-25c322395c9d,5,2022-05-19,0,Vũ Sang,Rất tốt
f661a0b6-fc82-4d1d-9a60-f327f92dab7e,1,2022-05-18,0,CÔNG TY NGUYÊN KHÔI,Youngjin y VĂN QU nhưng h thằng yẢNG y 7 hg6y ngu tỷ
842c534e-8dd7-43e1-9604-01f5ac5bb285,1,2022-05-18,0,thị ly nguyễn,"Suốt ngày bắt cập nhật phiên bản mới, bực mình"
a2d900a5-e240-4c06-bbe5-9a2989243d9b,2,2022-05-18,0,Đạt Nguyễn,Không nhận dc mã pin otp khi rút tiền
2cc8e3bd-088a-41cd-a64e-d66cd1f27f88,5,2022-05-17,0,ĐẶNG THÊU,Ok
180ea45c-f25c-4646-bd7f-3d6e3688b409,1,2022-05-17,0,Px Dinh,Quá tệ
287344e6-e00a-4f5f-a2ef-2370909eaefe,1,2022-05-16,7,đế chế art of war,"Đơ lác, broker khuyến nghị short phái sinh, làm ăm k lương tâm thất đức, tẩy chay"
545c9850-21e5-4533-ae30-c985cd1e6c73,1,2022-05-16,0,Doãn Hiếu,Đm bọn short phái sinh cờ bạc. đm nhà mày vps. K xứng đáng 1 sao
0de0b65e-c762-4efc-be32-55e6775946ef,1,2022-05-16,0,김민준,"Đơ,lác...."
8071b097-9f71-4fee-9ce2-42cc5c8579d6,1,2022-05-16,0,Huy Phạm Quang,Làm ăn mất dạy
b939e710-51f3-438f-b899-f3895e63c3af,5,2022-05-16,0,Hoang Van Quyet,Tốt
b4dafa3c-4f0c-46a7-af30-008e8aac50b5,1,2022-05-16,0,Minh Quang Phan,khuyến nghị ndt Short
6e01504c-88e5-47f3-98ad-56b9f963434a,1,2022-05-15,0,Ma Ma,"Ứng dụng củ chuối, khó dùng, bất tiện Nhân viên môi giới thì lùa gà tấn công khách hàng. Tệ hại"
0435d42d-0d82-42ed-a440-3d6f990ad1a6,1,2022-05-15,0,duong truong,Làm ăn bẩn
70fce84f-0ebf-42d9-b78a-3b8bc1b84ca8,1,2022-05-15,7,Lượng Đăng,"Đơ, lag những lúc quan trọng. Suốt ngày bảo trì"
dd8784c6-37d0-40bc-9d08-105e493c06fd,1,2022-05-15,8,Khoi Truong,Tẩy chay VPS. Tôi sẽ chuyển sang ứng dụng khác.
ff7ea273-a5f0-4ea4-bb7b-56ead8ff11d0,1,2022-05-15,0,Khuê Võ,Rác rưởi .
3a721c9c-0c58-479d-94ed-3c37af914d15,1,2022-05-14,0,huy anh Nguyễn,Cập nhập rất nhiều rất phiền đụng tí lại tải
4eda2ca4-ea3f-4227-8e8f-3b41d00e2244,1,2022-05-14,3,Văn Công Nguyễn,Lởm
2205e23e-5d17-4ff4-8f31-880a58818f4e,1,2022-05-14,0,DIY Man Minh,"App quá tệ, lúc cần vào lệnh thì bị treo lắc đứng hình. Kêu gọi đánh short phái sinh gây nên trình trạng bán tháo cơ sở làm thiệt hại lớn cho nhà đầu tư . Vô đạo đức"
c8d3f74b-10d1-43a4-a6eb-4800ff3cfb82,1,2022-05-13,0,Trung Kiên,Cập nhập phần mềm mới thất bại nhiều lần
3041b071-c345-4613-a734-672132470798,1,2022-05-13,0,Hung Dang Duc,Chó
93c64e48-8197-40b2-b501-a97fee2d7d5b,1,2022-05-13,0,Phúc (Huỳnh Hoài Phúc),"Bảo trì, lỗi tối ngày"
e7e2f88d-c253-4e78-86e6-60ce98e43cc0,5,2022-05-13,0,6A Trân Anh,Rất tốt
038858ef-b125-4cec-bc51-91714e591875,4,2022-05-13,0,Le Nguyễn Ngân Hà,Ok
4d5befe6-09de-4bc9-8cf7-9ee197b13450,5,2022-05-12,0,Trần minh Bắc,"Oke,,,"
9738881f-4021-427a-9ae8-ebe2934ce125,4,2022-05-11,0,Mạnh Nguyễn,Dùng được
99e900b8-28d5-4139-a8f5-a056ad54bdd0,1,2022-05-11,0,Hoafowi,BẮt cập nhật xong giờ đ vào được luôn
55a67933-1bdd-4a8c-b74c-e8901b28ac3d,1,2022-05-10,0,nguyệtnga Bùi,Ứng dụng như cc suốt ngày bắt cập nhật dm làm mình đeo vào đc bất tiện vô cùng .đề nghị thêm lựa chọn cho khách hàng .cứ như thế này là không coi khách hàng ra gì.
504d01ee-c8a3-4057-b759-bbc4a36f2e16,1,2022-05-10,0,Vui cung Tuan,Cập nhập suốt ngày. Rảnh vãi. Đang nước sôi bắt cập nhập
ed852d69-1e06-4e83-ae5b-e21821500860,5,2022-05-10,0,Đô Đinh,Ok
49657616-6332-4831-a618-c5472359195d,1,2022-05-10,0,Minh Nguyễn Văn,App báo cập nhật phiên bản mới.. mà cứ quay hoài ko cập nhật đc và cũng ko thể vào tài hoản của mình chán cái VPS thế 😡😡😡
64486d24-a657-4b05-87ee-c4e964f6e57f,2,2022-05-10,0,phương linh Nguyễn thị,Chán
995b044e-5cc5-42ed-9368-608f26e4e61f,5,2022-05-10,0,thành phạm,Dễ sử dụng
06f8953c-7a8a-4763-8a6f-f18319911578,4,2022-05-10,0,Vy Vy,Ko update dk
8dcf5d1c-4e59-4d37-adce-c56aadd9003a,1,2022-05-10,8,Hường Nguyễn Thị,"Rõ ràng là rút ra tk khác của mình,mà cứ báo lỗi k trùng tên tk.Mãi k rút tiền ra đc"
cf2b0db3-f0cb-48b3-8f79-598c828ac204,2,2022-05-09,1,Lam Vu Tien,"Suốt ngày update, mở ra là đòi update"
cfad9628-243a-4c65-bd2b-bf44c7cf0245,4,2022-05-09,0,Nam Vu Hai,Good
a1056c53-7505-4259-86a9-81635f95cccd,5,2022-05-09,0,Sâm Nguyễn,Very good
9791b0e1-4d6e-424c-a0c2-369f97c21a69,2,2022-05-09,1,Nguyen Minh Tien,n.km
4533ff54-0bc8-48be-b680-1e3930d9e5bd,1,2022-05-09,0,Hang Nguyen Thi Thu,"App stupid, tải mà cứ xoay mòng mòng"
1bf1828f-12bc-4a3a-a0ed-9600fdb71484,5,2022-05-09,0,nguyễn tùng,xịn sò như ngyc mà xịn quá mới cũ
8412ff0e-54d0-47b2-9224-346b654d8dd3,4,2022-05-09,3,Duy Phúc,ứng dụng tốt
792add7f-6574-465a-8914-f42dcf375ba3,1,2022-05-09,0,AN VAN AN,Bắt cập nhật quài . Xóa app không chơi nữa chuyển qua công ty khác sài cho khỏe
66145a70-c0ca-4d72-81d5-b1be113b223e,5,2022-05-09,0,Trung Bui Viet,Ok
c3bf3d64-07ba-4cee-9db2-ad6e5869b3bc,5,2022-05-09,0,Dũng Nguyễn Việt,App ok lắm
a18e6638-1a3f-42cc-9299-ec03157e2dcf,1,2022-05-09,0,Vân Khuất,"Suốt ngày bắt cập nhật, chả thấy đc cái tích sự gì"
a8fe173f-292d-4bd4-a0e9-5afc0e879015,5,2022-05-09,1,Phượng chi Nguyễn,Nhanh
e0060286-f57a-4bce-9554-8e76a1ad4532,1,2022-05-09,0,Lê Anh Thư,Vào sáng giờ có đc đâu
02378c97-2045-4e0f-b545-1fb808dd493f,1,2022-05-09,0,ML,"Cập nhật hoài mà vẫn chậm vẫn treo, bố cục phức tạp"
734240df-4747-44a2-8058-885484ac2e01,1,2022-05-09,0,Minh Trà Trần Hải,Suốt ngày bắt cập nhật
56c787fd-49bc-4304-afe4-4f306bac89b9,4,2022-05-09,0,Bang Nguyen,Có cập nhật dc lol đâu mà cứ đòi hay
429792ac-f93d-42de-9f02-30c400500294,3,2022-05-09,0,Hiền Lê Thị,Suốt ngày bắt cập nhật 🙄🙄
f4a3d560-06de-41dc-9972-8e5611571018,1,2022-05-09,0,Hiệp Hoàng,update lắm vl
9fc85a87-ce93-4000-a239-6f994a5fbf07,1,2022-05-09,0,Trang Hà,Cập nhật lắm thế. Có 0 sao thì t cũng cho 0 sao đấy
247c8865-f497-4093-9dba-15b6f4da963d,5,2022-05-09,0,Tien Dang,Ứng dụng ổn
983c19eb-8ce0-4d34-9c43-76471a785d55,5,2022-05-09,0,Vinh Dam,"Hay, tiện lợi"
386bd34f-2eea-4f5e-b1f1-f1fc62427b16,4,2022-05-09,1,Trang Lê Văn,Suốt ngày cập nhật. Mất thời gian
5cb5e19a-82a2-4467-bfa2-80e706db80d8,3,2022-05-09,0,Thien Nguyen,Hay lỗi
a0271bc4-2e4f-4c6a-82a0-1631d1d5e19b,1,2022-05-09,0,Trang Nguyen,Haiz
e387e765-c7b1-4eab-9ecf-be413bda102e,3,2022-05-09,11,Hoang Huy,Mỗi lần cập nhật là đội ngũ phát triển được rất nhiều tiền phải không? Sao lúc nào cũng cập nhật thế? Có cái gì thật mới thật hữu ích thì hãy cập nhật nhé
af81b5e6-9db5-4ae7-a991-c864f1bc7b73,5,2022-05-09,0,Quan Do,Ok
b7bf25d7-dbce-4a41-86d6-37a4cda519f9,4,2022-05-09,0,Hoàng Trung Đông,Suốt ngày bảo trì
ce3ae5fe-9795-451d-8816-ca5a2d22c921,5,2022-05-09,0,Len Le,Ok
743d5ce8-4c8c-462c-ad15-40b3691113ca,1,2022-05-09,0,Ducduy Ha,Nâng suốt
d3427e12-d311-49df-9d46-0a46b758f3af,2,2022-05-09,0,Thường Đào Thị,Cập nhật liên tục gây phiền phức
0de721a5-ea1c-4285-b25f-5de19f4c449f,1,2022-05-09,0,Hai Yen,"Xấu khó dùng, thay đổi nâng cấp liên tục phiền"
a6ff151a-a398-4407-a33c-d5718c745608,4,2022-05-09,5,Nguyen Minh Tan,Ok nhưng không rõ ràng
96388a46-1c95-41b5-80ad-7664b172efd5,1,2022-05-09,8,Thị Thúy Nguyễn,Suốt này nâng cấp với cài đặt lại. Chán
7a7767e4-c012-4182-8889-df31d52f7eb0,5,2022-05-09,0,Mai Lê,Tot
6b06f769-7989-4dd6-b1f0-34e417aa2b6f,3,2022-05-09,0,hanh.hv hanh,Ok được
a3d40aec-e1c2-45e8-878d-71234efdfdbc,5,2022-05-09,0,Minh Thư Lê,Tốt.
d973ddcb-3a60-4736-b546-59356bbd8c26,5,2022-05-09,0,ĐẶNG BÌNH (Kevin),Ok
9ccde4a2-b0cd-4031-8536-dd46a360c2e4,1,2022-05-09,1,Nguyễn Trọng Nghĩa,"App tệ nhất trong các app chứng khoán, pr là thị phần cao nhất nhì cái gì mà app chẳng ra làm sao hết, lừa dối khách hàng quá! Không tôn trọng ý kiến khách hàng có ngày cũng mất khách 😑"
eabc5c98-9bf4-4057-8c65-8ee5d93dddf0,2,2022-05-09,0,Sa Nguyễn thành vân,Bắt cập nhật hoài mà không có gì mới hay bị lỗi.....chán
21974e38-136f-455f-937b-e5191e2be684,5,2022-05-09,0,Việt Hùng Nguyễn,Ok
0441d31f-c0c7-4512-91b3-bc5cd5754b28,5,2022-05-09,0,Anh Trần,Ok
5af2d245-c384-4d36-9a06-ed2f42969b1e,5,2022-05-09,0,kiên lêi,chán
2e7bb2c8-babf-496f-a724-b162e02cee03,1,2022-05-09,0,DoanChen TD,lúc nào vào cũng phải cập nhật
cf8d9f58-1202-44cf-a823-548efa53cabd,5,2022-05-09,0,Hậu Ngô,Good
414b24ce-996f-4ede-b354-b4ffa98f42bd,1,2022-05-09,2,Thanh Thanh,Giao diện khó dùng
d818171f-9b29-4ceb-9343-a9b86733fe91,1,2022-05-09,0,Gấu Bông Channel,Cập nhật mãi cứ 99% là dừng. K cập nhật thì k cho vào dùng. Khó chịu
4639dd4e-3eb3-4704-9fde-a2a58b029e2c,1,2022-05-09,0,Hoang Vân,Sao tuần nào cx bắt cập nhật vậy
b9d918b7-bcb5-4d59-977b-ef796c11d690,2,2022-05-09,1,An Vũ Duy,Mình thấy phiền khi liên tục cập nhật
f5491af8-d45b-4f03-b1f0-2232c6ebb0b9,1,2022-05-09,1,Đại Mạc Văn,Báo cập nhật mà không thấy bản cập nhật trong CH Play???
9cf5b552-7a99-438f-b844-478644ca9f25,5,2022-05-09,0,Trang Ngô Bảo,Ok
4fc015d2-8f66-48d3-9279-1d1b07febe75,1,2022-05-09,0,Thoan Nguyễn Thị,Gì mà cứ cập nhật liên tục
16b9a443-8bb9-4dac-8334-c71d2e8b986f,5,2022-05-09,0,Nguyenhuu Binh,Rất tốt
d30308aa-eb3d-4962-b1d5-279837fd5acb,2,2022-05-09,0,phương ngô,Dùng quá chán
c271fb9c-0088-4d9a-bfb9-13b5310dc5bb,5,2022-05-09,0,ABB Asia Co. Ltd. Viet Nam,Good
0efa4877-c53d-4c33-afd6-0a8598061eb6,1,2022-05-09,0,Hai Tran,Bat tien Hay loi
081c1dc9-eab7-4e43-887a-bcc656e02bed,5,2022-05-09,0,Minh Nhựt,Ứng dụng nhanh
25de7af7-bfb8-406e-a92f-dcadf115ffc4,3,2022-05-09,1,Ngọc Nguyễn,Bình thường
2b0cb710-034e-4a31-b157-1fa8f7e3bc53,2,2022-05-09,7,Hà Đinh,"Giao diện màu sắc ko ok, giao diện đặt lệnh mới nhìn rối mắt hơn mẫu cũ"
63be792d-1ef1-4abb-9e1d-5783cd590517,5,2022-05-09,0,Trương Minh Tâm,App nhiều tiện ích
e04cf226-e293-4916-82a4-9498d5874600,2,2022-05-09,1,giang phạm,Suôt ngày cập nhật phần mềm mà k có sự thay đổi nhiều
4aff48c6-440f-4d41-8fbe-c32a7a11035e,4,2022-05-09,3,Nguyet Minh,Giao diện dùng nhiều sẽ quen. Tuần nào cũng cập nhật rất mất thời gian mà không thay đổi gì đáng kể. Đề nghị bộ phận thiết kế nghiên cứu kỹ trước khi ra bản cập nhật mới
9aa14204-18a4-4895-b2e3-59f130de23eb,5,2022-05-09,0,Thủ Ngủyn,Ok
26c66437-424d-4aec-be21-ea2b1bb4a144,5,2022-05-09,0,vn kim,good
b6758582-a2b9-4e7f-80f8-c2945c1f533d,2,2022-05-09,1,thanh hue nham,Chán quá với vps
33d8da55-e8fe-4534-9a19-576458e860b9,1,2022-05-09,0,Lục Hoài Official,Cập nhật liên tục
371bd9c9-4278-465e-bb21-538265237538,5,2022-05-09,0,Huy Đặng,Ok
99ddbe24-62fa-46d6-a506-1520b92b5fce,2,2022-05-09,0,Nhung Nguyen,Tuhgrcj
f913cb6e-8db6-4c41-a1c1-cdd61e949b89,1,2022-05-09,0,Thiện Nguyễn,Cập nhật thường xuyên nhưng ko có gì đổi mới
ceecc7ce-ab43-49ca-89ab-492936395f6d,5,2022-05-09,1,Volodymyr Jackie's Tea,Tốt
0953f5aa-1eb1-4414-a9b7-40edf747afc2,1,2022-05-09,0,bẩy nguyễn đăng,Nâng cấp mất thời gian
c929aa68-437b-4e8a-8378-0110156c612d,2,2022-05-09,0,le phuc,Quá lỗi hệ thống
e77fb9d7-08fe-4f76-a117-ed4599500017,5,2022-05-09,0,Ngoc Mai Xuân,Good
d2795f9e-ff54-4f72-893c-d2b67292586a,1,2022-05-09,6,Loi Nguyen Van,Lân nào cũng phải nâng cấp mất thời gian
335cc8ab-5033-4664-b15c-921cb4847106,1,2022-05-09,0,Justz Chillingo,Không cập nhật dc
220f8662-be57-4e85-8f13-738e2df9f95f,3,2022-05-09,0,flower hoang,Hay bắt cập nhật phiên bản
ffbd6cc3-791b-4eff-a350-a2f4f0aecca7,5,2022-05-09,0,Ky Maivan,Ok
b65812de-7117-48d2-9a94-e8f4ca454b54,5,2022-05-09,0,Phạm Huy Hoàng,Ok
bcfa7e69-33a5-4e3e-8392-0da243e4da95,1,2022-05-09,1,Hải Hà,"Giao diện rất kém, chứng khoán mà màu đỏ là thấy dị ứng rồi, app trên điện thoại mà chữ bé xíu, thao tác khó khăn, muốn mua cổ phiếu có sẵn vẫn phải điền mã, nên tham khảo app của vcbs. Giao diện trên laptop thì lủng củng, nhiều mục trùng lặp, nhiều thông tin dư thừa lung tung cả lên, nói chung là như một đống rác!"
b76bcadc-8b87-473f-9d79-8a677f36e80c,1,2022-05-09,0,Hưng Trần,Kém quá
a89eb7a5-0e02-4aa4-b686-705e27ebf5f4,5,2022-05-09,0,hanh nguyenvan,Tốt
b45da366-0c10-4446-916c-db36495bb810,1,2022-05-09,3,Hang Che,Bắt buộc cập nhập mà ko vào được .rất khó sài
676db2e7-533b-440f-86fc-508c60c46e98,4,2022-05-09,0,Ngọc Mạc,Good
9038d067-6f54-4aeb-a138-d623c3d17264,1,2022-05-09,3,ngodang mai,"K cập nhật đc phiên bản, hay bị lỗi"
9c4d359d-8309-40d8-a6fc-6608e308c0f2,1,2022-05-09,1,Khởi Phạm Văn,"Tuần nào cũng cập nhật mà chả có gì thay đổi, nay lại yêu cầu cập nhật nhưng lại không có nút cập nhật và rồi chẳng vào được TK luôn,"
ca150f5b-371d-4f8d-aac4-a3d0cde2126e,3,2022-05-09,0,Chien Nguyen,Phần tin tức và thông báo không tìm thấy lưu ở đâu
88362979-e154-445c-ab3d-e06eebda390f,5,2022-05-09,0,Nguyễn Bình (Bình An),Good
8e81471d-58f8-4771-8689-0817dbebf20c,1,2022-05-09,1,Huy Phạm,Tuần nào cũng cập nhật vẫn lỗi
1aae00b8-4565-4ad9-833d-82ec28f8ba83,5,2022-05-09,0,Khương Trần,Good
766c38f9-580e-4ae4-9418-fbe31b95e394,5,2022-05-09,0,Châu Ngoc,Tốt
a6d6bf93-bfda-47a3-b6da-8eabf8555e91,5,2022-05-09,0,Linh Lê ngọc thùy,Tốt
0f052020-9fce-4485-b751-1be0afb3c336,4,2022-05-09,0,Thi ha van,Like
41943fb0-a93d-48d4-bb8a-023c6b1e6167,1,2022-05-08,3,hoa Xuân,Bât gỡ rồi cẬP NHẬP LẠI..KHÙNG HẢ. Có ai như m gỡ rồi cài lại vẫn ko được ko.. gỡ rồi cài lại 3 lần rồi. Vẫn bắt cập nhập????
f36019e1-f1cc-4b9b-b16d-8b6fbafc2717,1,2022-05-08,12,Luu Vlog,Giao diện khó dùng
f0b1a5f1-3b0d-4475-9e3d-89f7d5f26caa,5,2022-05-08,0,VU DOAN,Ok
34cc1dd9-bb0c-451d-8e5d-42f11ce37e29,5,2022-05-08,0,NGUYEN DIEM,Tốt
1c09a95f-c83c-4945-82a2-09999647514c,4,2022-05-08,0,Nhôm hệ cao cấp,Thiếu nhiều phân tích đánh giá về dn
348d55d1-39b2-439b-bd42-16396b1efc83,4,2022-05-08,0,Le Ngoc Thuy,Ok
b9eba8b5-92a4-417d-9065-3ec1abdc0d52,5,2022-05-08,0,vo ngoc Quy,Ok
2fb1ac44-26c1-4c37-8022-427de215d13c,4,2022-05-08,0,Nhài Đỗ Thị,Tôi thấy tốt.
f7d41ed8-92ae-4459-9b85-0a2cb7e7c80a,5,2022-05-08,0,hai anh tran,Khó chịu
7f579645-d00e-4fdf-9430-2e8ee4b63a89,1,2022-05-08,10,DIỂN VÕ,Bị khùng sao cứ bắt gỡ rồi lại bắt cập nhật là sao
64481ece-9f24-43b3-9406-8d2da32a4e62,5,2022-05-08,0,Hoàng Danh BDS (BDS Hoàng Danh 0899776984),Good
ddb79112-56a8-44e7-a584-c6adc89ba11e,5,2022-05-08,0,Hùng,Hai lòng
5b9bec98-bd2f-462a-94af-1b35c02c4cf8,5,2022-05-08,0,Quốc Khánh Nguyễn,Tốt
34b3344d-796f-4709-a59b-78b8ea867ef5,5,2022-05-08,0,Quỳnh Quách Duy,Ok
f66b021f-d19b-40b7-8de5-735e08c66ffa,1,2022-05-08,0,Dương Nguyễn,Update kiểu j vậy
0c3520fa-80dd-421e-8eb3-e12d90d174a0,3,2022-05-08,1,linh bao,Bình thường
4cd700e8-3bd4-484d-8409-df484bdd876d,5,2022-05-08,0,Kieu Giuse,Ok
bbd954b8-2505-45d2-b9e0-b67e5db5c1c2,5,2022-05-08,0,banhbao haiha,Ok
f4f285e5-cd2e-42f1-aaf9-59cf8d7574e7,1,2022-05-07,0,Nguyễn Mạnh Huy,Bảo trì còn nhiều hơn cả số lần đặt lệnh
0585953f-e52c-4b57-af78-c3d0c2d77bc4,1,2022-05-07,0,Thị tịch Trần,Ôi suốt ngày băt tải mà chả có gì khác
42db3315-7e27-42c1-81c1-1f4e45ea36e9,5,2022-05-06,0,Hung Tran,Tốt
932829a7-5b17-4ae6-850c-ad3b0d563fe1,3,2022-05-06,0,sang nguyen quang,Chưa thật sự ổn định
93c9044d-b06b-4bbf-b5c0-567877b3c5f4,1,2022-05-06,0,S T,Hay bị lỗi
4d8c298b-5984-4681-b9fc-29cbcf29efe0,5,2022-05-06,0,ly le minh,Tốt
b041a884-8707-4a5b-a09b-62842aa803b7,1,2022-05-05,32,Yên Phạm,Giao diện phức tạp hay cập nhật nhưng ko có gì thay đổi
52a6a72f-7d2f-413c-9c38-f49618d41eab,3,2022-05-05,0,LQH Mr,Hay lỗi
049852e7-fd1e-4669-ac0b-38edd90e97f4,1,2022-05-05,0,PHẠM LINH,"Tệ. Bắt đầu thấy thất vọng vì tải app này , nghiên cứu hủy. Cứ 5 bữa nửa tháng lại báo nâng câp đòi thêm dung lượng."
af8c1e50-ef88-4df3-9d6b-9c6d090b7cdc,1,2022-05-05,1,My Jun,"Cập nhật mãi,bảo trì những lúc cần đặt lệnh.thua xa vnd riết thấy chán,giao diện nhìn rối mắt 🤬🤬"
baf4e241-3272-4133-8c3f-3104024070b3,5,2022-05-05,0,PHAN HIỆP,Tốt
0706078b-8b2f-4624-8256-da81b34543bf,1,2022-05-05,0,HIỂN ĐINH,Cập nhật 30p chưa xomg
fded93ea-c7a9-4238-9f2b-a407445895c2,3,2022-05-05,0,dung trần,tốt
061595b5-50ea-458b-afc0-7f7df59e6d51,1,2022-05-05,0,Thành nguyễn,Như ứt. Cập nhật cũng khó
fc48fb4c-a1ac-406d-8198-0a048d05b461,1,2022-05-05,0,Nhật Anh Võ,k cap nhat duoc
6760bb35-ae82-4d32-bfc2-1efe612c7eb1,4,2022-05-05,0,Nguyen Huyen,Bị nghẽn khi đang giao dịch
19c5dad0-8967-4560-98c2-0fdaaef367b4,1,2022-05-05,0,Kiều Vi Nguyễn Thị,Bắt cập nhật mới hoài. Nay cập nhật 4 lần r mà khi tải xuống k cài đặt được nên không xem tài khoản được
45e3290d-4447-43ac-980c-2537e3545f1c,3,2022-05-05,1,Thông Lê,Cập nhật chậm quá
02c03ab4-2bd7-4f46-94d8-dddede9a6b89,1,2022-05-05,0,Thọ Đỗ,Cập nhật hoài bực à
1596fd45-b521-4774-b399-3838c700087d,5,2022-05-05,0,Cậu BéHay Cười Prank,Dễ dùng và rất nhiều tính năng hay
39823305-bf6c-464b-9fbd-4f138b6cf992,2,2022-05-05,10,Nguyễn Thắm,Chậm phát mệt
9cf38feb-e0d7-4585-a5f1-bde163f2e56b,4,2022-05-05,1,Bắc Nghiêm Xuân,Ok
68a7ec35-e205-40b4-9689-de60951cfb33,5,2022-05-05,0,Mui Pham,Good
e5be4f16-b7e2-46b0-b7f1-770b9fb465b7,4,2022-05-05,0,Triều Phong Phan,"Đôi khi khó nhìn hơn VND ap, và tech ap"
fe6c8894-20f7-4967-bed5-61c64acb201c,5,2022-05-05,0,Le HoangTung,Tốt
3c0d4f28-a24a-42f2-94fe-18f0ef5c305d,1,2022-05-05,0,tạ ngọc thắng,"Bắt nâng cấp liên tục,hay cập nhật,dùng lýc vào được lúc ko rất khó chịu"
db7a86fe-0b7c-4ffd-987b-25240a1460cf,2,2022-05-05,0,Mận Lê,Suốt ngày cập nhật phiền phức
c0f38166-f263-4256-8299-e9798f42c44e,2,2022-05-05,4,Hoàng Tiến Vũ,Tính phí dựa trên cộng tác viên ăn hoa hồng rất nguy hiểm và cả khách hàng và cty đều không hưởng lợi tối đa mà phải chi cho cộng tác viên mức đáng kể.
0cbb6a02-43b5-495e-afd3-8497a9152919,5,2022-05-04,0,『Huy 』,Nên ra chức năng thu hồi quà tặng người yêu khi chia tay 😌
b7c37267-3fd4-4ce7-a293-b429a2912641,1,2022-05-04,2,Giang Nguyen,Không tiện dụng
1413d800-c552-4eb5-943d-3419d150f711,2,2022-05-04,15,Lucky Star,"Không được ok như ssi , có các ngành hàng, cổ phiếu khuyến nghị. App đơ, nhiều khi cổ phiếu bán từ đời nào rồi vẫn ở cổ phiếu đang nắm giữ. Dùng tk 6, cổ phiếu bán rồi nhưng lãi không thấy giảm , chán"
007bfdd7-8992-4696-91cf-5df443c8750d,4,2022-05-04,0,Thu Thao,Xài ok
c3918acf-2a72-42a5-975f-01d26d06e18e,3,2022-05-04,10,Hà Nguyễn,Nên đổi giao diện nền đen.hoặc có sự lựa chọn cho người dùng
410c96db-ea69-40a8-90de-9936d06e0391,1,2022-05-04,14,Hao Le,Đề nghị đổi giao diện có nền đen để nhìn cho rõ. Tát cả app của cty đối thủ đều có thể chọn giao diên.
14da94e6-774f-40ce-b4ec-b06902a7f56b,5,2022-05-03,0,N01_05 Hoàn_Nguyễn Văn,Rất tốt
955fd137-c5ec-412f-912e-8fbc216bbeaa,1,2022-04-29,3,Tuan Nguyen Gia,"Rất hay lỗi, không đăng ký smart otp được."
7f32d063-b0e3-4200-99e2-3c291673a54c,1,2022-04-29,5,Huu Long Ho,App cập nhật nhiều. Thu phí thì nhanh. Không hỗ trợ sử lý vấn đề cho khách hàng.
283168e5-fbb2-4a86-a814-b11d2180215f,1,2022-04-29,0,Bùi Công Lợi,"app quá lởm, cứ lấy mã otp là bị văng ra, mình dùng samsung a5 2017"
831fd603-61d8-4efa-9b5a-5b86222d6c40,5,2022-04-28,1,Dao Tran,Tốt
26fa10c5-4e68-464f-bf25-3bebe85bf0b9,5,2022-04-27,1,Minh Nhật,Các bạn muốn được hỗ trợ trong quá trình đầu tư thì có thể thêm ID của mình:  AFF1 . Xin cảm ơn!
ba91d5e1-abb6-4c27-9008-5bf95657dc52,1,2022-04-27,0,Thơ Cẩm,Rút tiền về ngân hàng mà toàn bị văng ra. V~ app. Rút đc tiền rồi mình xóa app luôn.
35e540e2-ab91-4c18-aec1-d950c9be7217,2,2022-04-26,0,P&P HN,So với phần mềm khác thì tệ.
2afa08b2-8b06-42d5-99fb-07527d074655,2,2022-04-23,1,Tuấn Phương Nguyễn,"Mong kiểm tra lại phiên bản này, mình ko nhận đc mã SrmatOTP văng ra, xoá ứng dụng rồi cài lại thì vakf đăng ký srmatotp cũng ko đc, cứ vào đăng ký là bị văng ra, mình chạy trên android 8, máy chưa root."
585c4fd8-1481-4427-bd9c-95e6d89caa53,5,2022-04-22,1,Đại Trần Văn,Oke
a34a616b-91f9-4f6a-b4ee-62eaa94f3607,1,2022-04-21,0,Dân Học,Đố ai rút được tiền lúc này thị trường âm sâu. Ghét vps
ee70d639-11c0-4fd5-a823-1a646c1935df,1,2022-04-20,0,Nhi Nguyễn,Ủa... Mỗi lần vào bắt cập nhật mà không có bản mới là sao
7414916a-215d-4dc4-b885-b3e5f436cd42,1,2022-04-20,4,Giang Xin văn,Nên dùng MBS hơn mn nhé chứ app này bịp lắm
52812080-0b77-474a-9f66-df6e48851ef0,5,2022-04-20,1,Tam Duong Chi,Start
21c1449d-1c47-4aa2-b3fe-180a1e44b93d,1,2022-04-20,1,ACE Tripple,Tính năng khó dùng
55193c10-c683-44a1-838a-cdf4c6a50868,1,2022-04-18,0,Châu Nguyễn Hải,Bảo trì ít thôi mà mỗi lần bảo trì lại trừ tiền của người dùng là sao
4c9fa445-0065-4936-ab30-3274c4cc56e5,4,2022-04-17,0,Hải Đăng Trần,"Có admin nào hỗ trợ tôi ko cài app được, sử dụng đt Android, đã từng cài app rồi nhưng báo cập nhật nên xoá cài lại nhưng ko cài đc"
36ab926a-663f-4acf-b43d-eb945ff0dc82,1,2022-04-16,3,Vi Vi,"Tải về chuốc thêm bực dọc, mở cái tài khoản đến bước cuối được hay không cũng chẳng báo, lỗi bước nào cũng không báo, bọn ngu này."
5ec5a849-6417-4c2d-a7f5-fc756e497683,1,2022-04-14,2,Huy Trần,Rác
d8089ee9-9faa-4f54-904f-788281032afa,4,2022-04-13,1,Hoàng Apple,Hài lòng vs sản phẩm
80f1d08a-cac4-4451-9d04-ea3971362a92,3,2022-04-11,0,Phuong Luu,Tốt
9e55db74-ecd5-4e41-b3a1-daeff61fa06e,5,2022-04-11,2,Đức Nguyễn,Tối
f6fe47a8-c0b2-47ec-a07b-2adbe271ed8d,5,2022-04-11,1,Huyen Ngan Nguyen,Good
ac6147e6-c88d-4150-a9dc-bdd1b36a08af,1,2022-04-11,0,Hiền Nguyễn,"Ứng dụng hay bị lỗi. Hệ thống bảo trì liên tục và khởi động rất lâu. Đặt lệnh mua một giá đến khi khớp lệnh lại mức giá cao hơn mức giá mình đặt lệnh. Mua bán rất lâu, phải tới 3 ngày cổ phiếu mới về và bán cũng mất 3 ngày tiền mới về"
3c1270e9-d07a-48d0-a291-67eed10ce08d,1,2022-04-09,0,Nhật Tân Trần Đình,Tự nhiên cập nhập xong không cho chuyển tiền tới ngân hàng là sao
9ec8bd88-97a5-4262-b25d-9d8846dc11a7,1,2022-04-09,0,Xuyến Cẩm,App tệ. Tiền nạp vào rồi hệ thống bị bảo trì liên tục mấy ngày liên tiếp. Ai định tham gia cẩn thận mất tiền.
98759146-17fb-49e1-9f30-08c1b926b57b,5,2022-04-09,0,Trung Tiến,Mở tài khoản nhập ID cán bộ tư vấn: R848 để được trực tiếp hỗ trợ tư vấn.
29795985-9de4-4862-86d8-e5121c479959,1,2022-04-09,30,Sang Huynh,"Ứng dụng gì như quần què, thu phí hệ thống hàng tháng 27.500đ, tuần nào cũng thấy nâng cấp ko biết mầm gì mà tuần nào cũng lỗi, mua bán ko được thiệt hại tài sản. Mà thu phí thì nhanh lắm. Thấy gửi mail thông báo tự hào chiếm đầu thị phần số 1, và đi kèm lỗi khởi động lại ko giao dịch lại thì tuần 2 3 lần cũng là số 1 lun. Đang đợi rút hết qua tbs phí thấp va ổn định."
e864874e-f08e-4b9b-af54-fcd460cae49d,1,2022-04-09,1,Dũng Nguyễn Trung,"Đến giờ giao dịch không mua bán được, app thu phí cao, thiệt hại nhà đầu tư tự chịu"
5590b24e-f82a-4fe9-b616-2f5d826deab7,1,2022-04-08,1,Nghĩa Phan,Quá nản IT bên App này :)
6299ed70-5cbf-4729-97d1-7d7a292650fc,5,2022-04-08,1,Xuân Bách Hà,OkOkie
9ab325a6-0547-4036-9ccc-b853053fbb63,1,2022-04-08,1,vân phan,App quá tệ. Lỗi liên tục trong giờ giao dịch.
54e164e6-06b7-4ddb-8395-c2ef22273f80,1,2022-04-08,1,Yen Bui,App rác
77dae733-bf57-4c5d-a2e9-f0fdec2feeb0,1,2022-04-08,0,Nguyễn Xuân Hoàng,"Nghe đánh giá thấy nản, gì của Vpb cũng cùi bắp hết."
fe6aa8a5-3bb1-4d4f-bf6d-3799f79db45f,1,2022-04-08,0,Tâm Phạm,Cảm thấy ko làm được thì nghỉ đi. Toàn bảo trì vào ngày khung giời giao dịch thị trường mà giảm sâu nhà đâu tư ko mua bán kịp thì ai chịu trách nhiệm
4dbe6b22-39eb-4070-813b-6e897d472c73,1,2022-04-08,1,Ngọc Sinh Dai Ichi,Trải nghiệm quá tệ.
c22f86e0-cfa6-4edf-8caf-88270926f06f,1,2022-04-08,0,Phạm Quang Duy,"App kiểu L gì thu phí mỗi tháng mà tuần bảo trì mấy ngày vẫn lỗi, đến giờ giao dịch vẫn bảo trì cc ah. Đm nghỉ cm nó cái app này đi"
b49eca4a-50dd-4ddc-b280-e0622d790227,1,2022-04-08,0,Việt Hoàng,"App lỗi liên tục, nhưng chưa bao giờ có 1 thông báo hay xin lỗi chính thức. Thiệt hại NDT tự chịu. Sau ngày hôm nay sẽ rút và xóa app."
aeafe85d-cbf7-4456-8936-72e31c6c3e24,1,2022-04-08,0,Trung Do Ngoc,"Lỗi thì nói là lỗi, bảo trì cái con khỉ, ng ta bảo trì sau giờ giao dịch và cuối tuần ai bảo trì trong giờ giao dịch. Đã lởm còn lươn lẹo."
e01b3d96-3f26-421e-83e9-a00db4d442ec,1,2022-04-08,0,Tan Nguyen,App hay bị đơ lag.ứng dụng như cc
8f533742-1db4-41e5-a585-d99bd1c2f92b,2,2022-04-08,0,Ngọc Thanh Tâm Trần,App rất hay xảy ra lỗi. Ko đăng nhập đc. Tiền nhảy lung tung. Ko giao dịch đc. Chót chuyển tiền vào rồi. Mong VPS sớm khắc phục và nâng cao chất lượng.
0825802a-ea6c-4e2a-ab04-80e042fdaf90,1,2022-04-08,0,Zed T,"App xuốt ngày bảo trì với lỗi , pay hết cơ hội với tiền của nhà đầu tư 😑😑"
252dbe68-6d72-4ae2-b4b8-abb5cc3d852b,1,2022-04-08,0,Văn Đang,Bảo trì nhiều quá.
c7d7ff33-ac96-4d70-845d-de8a7fd43162,3,2022-04-08,0,Quốc Cường,App hay lỗi. Lúc cần thì lại ko giao dịch đc
5c1da074-e8ad-44f1-a3fd-2a02e7aa7431,1,2022-04-08,0,Vũ Tiến Dũng,App bảo trì trong thời gian giao dịch
da894c66-be76-47b9-b961-08222853d7f2,1,2022-04-08,6,Tuyên Mai,"Bực mình hết sức, liên tục lỗi, sao ngoài giờ gd ko bảo trì mà cứ h giao dịch bảo trì, chán nản lắm"
3a27745d-9b54-49f8-8aaf-4b1fe8a4fe55,1,2022-04-08,0,Gió Hoang,Kém
599f613a-0813-4f62-a521-71e4c65f2897,1,2022-04-08,0,Nguyen Vo,"Giờ giao dịch mà đi bảo trì, k có cái app nào độc nhất vô nhị như thế, làm ăn như què, không sao còn ko đáng"
53d0cdf6-afa8-4b0d-8a56-bea56e17b18a,1,2022-04-08,0,Vinh Ngô,App lỗi liên tục
d8defcc7-5b27-4db8-8a91-7c70df3f8e6b,1,2022-04-08,0,Dung Tran,Đang trong phiên giao dịch mà vào báo bão trì.quá tệ
832dbb8e-de7f-49fb-bdc9-ff724d4cbd46,1,2022-04-08,0,chinh vu,Nó rút điện bảo trì server ngay lúc gay cấn
9e10d00d-4297-4cce-afde-fbb306a3fad4,1,2022-04-08,0,duong van minh,"Ứng dụng quá tệ toàn nhè phiên giao dịch mà bảo trì, giao diện thiết kế tệ không tiện lợi cung cấp ít thông tin, tham khảo các app của các cty khác như mbs mà làm, vps nên sa thải trưởng bộ phận IT đi làm ăn như hạch mà thu phí hành tháng làm chi."
7791c298-eb09-4a1a-9724-9843f1fd9493,2,2022-04-08,0,huan ha,Bảo trì liên tục. Tới phiên giao dịch rồi còn không khởi động xong. Bó tay
a2a37860-0697-4ee6-a8cd-2a0588657b08,1,2022-04-08,0,Thuy Ngo,"Suốt ngày giật, lỗi vào lúc thị trường xuống điểm ko thể nào giao dịch đc gây thiệt hại nặng cho nhà đầu tư.Thành thật khuyên các bạn nên chọn app khác mà xài"
349f96bf-4ac1-466f-bef8-c581c7381912,1,2022-04-08,32,hùng nguyễn đức,"App lỗi ko thể giao dịch , giờ chắc lại đổi mấy chú IT rút phích. :)(. Mỗi tháng thu phí rồi vẫn lỗi. App cùi bắp số 1 thị phần ck viêt Nam. Không giao dịch được ngay 8/4/2022. Nghỉ đi"
7820c724-b8e0-4358-8040-839a66207a1e,1,2022-04-08,1,Cương Hồ Ngọc,App hay lỗi
c7248e4a-17be-4901-9592-e1e26cef60c8,1,2022-04-08,0,viet phan,"Hệ thống bảo trì mãi, không biết đây là lỗi hay cố ý."
bc9e4cdd-a248-4a12-89a3-347b6b06cde3,1,2022-04-08,0,Strong Lee,Thường xuyên bị lỗi đăng nhập
afa70bb2-1b06-4a45-a744-d4cb1a12acaa,1,2022-04-08,0,Anna Nguyen,"Từ bữa bắt cập nhật app xong thì chạy càng tệ hơn. App liên tục đứng hình đen thui khi đang giao dịch, phải thoát ra rồi đăng nhập lại nhiều lần. Rồi mấy lần ko vào đc do Hệ thống đang khởi động, haizz. Giao diện app dễ xài mà bị lỗi kiểu này hoài thì bảo sao KH ko bỏ đi. Hy vọng VPS có đọc nội dung đánh giá app bữa giờ để tìm cách khắc phục, thấy toàn 1 sao ko ah. Rồi hôm nay tự nhiên bị trừ tiền vô lý, trong khi đã KL bán cổ phiếu đó từ 2 ngày trc rồi, giờ xuất hiện lù lù trong Bảng danh mục"
630c878f-cf73-4378-9d4f-558a76147b9b,1,2022-04-08,1,Văn Mạnh Nguyễn,"Tại sao tài khoản mình lại tự nhiên giảm 3 triệu mà ko có thông báo gì? Mã ck HAI bán rồi, khớp lệnh, nhận tiền rồi lại lù lù xuất hiện? Ko hiểu?"
e9e834fb-b5ab-461a-94d8-a260dd9e40b0,1,2022-04-07,0,Lực Lê Tấn,"Giao diện không dễ dùng, app bắt cập nhật liên tục, rất tệ"
ee134e8e-f4d6-4371-b9f5-a0d9c55064ba,5,2022-04-07,0,Anh Phan Nhất,Tốt
c3762ef3-4bfe-450b-9d5a-96c2a5028687,2,2022-04-07,1,Hải Long Đào,Phầm mềm quá tệ hại. VPS nên thuê bên làm phần mềm nào có trình độ chút đi.
d26c0b58-6604-4114-86e5-256cb6e65c60,5,2022-04-07,0,Tran Hai,Tạm
5216b938-c1ed-4de3-bf7c-9f989d1c8d4f,5,2022-04-07,0,pham hau,Good
369322c4-9888-4c8c-adce-fe2fcbd1b1af,5,2022-04-06,0,trần hiển,Ok
1cff777c-b154-4a04-a9a6-33df5ada2426,1,2022-04-06,0,Nhanh Nguyễn,"Ứng dụng như con cặt, mk quá phức tạp"
b3596e80-03b1-4ab6-8c0f-8813a3cefb03,5,2022-04-06,0,Minh Le,App rất nhiều tính năng và tiện dụng .
1d3731d4-7af1-4d5d-a171-3b38df1ce9ed,1,2022-04-05,3,Ninh Nguyễn Quang,Ứng dụng hay bị sập hôm nọ anh Quyết đi tù flc rẻ muốn vào bắt thì ko vào dc vps nên tôi cho 1 sao. Mong đội ngũ kỹ thuật viên cải thiện vấn đề này. Đây không chỉ là ý kiến của riêng tôi mà còn là tiếng lòng của nhiều khách hàng dùng khác.
6f36a2a8-e32b-4e47-a4b6-17939660f2d1,5,2022-04-05,0,Minh Nguyễn Đức,Tốt
92bc8590-f50a-4f8d-aacc-2c39013e2360,5,2022-04-05,0,van thanh nguyen,Ok
86698a57-d803-43f5-b57f-7ccae5822523,5,2022-04-05,0,Hai Dang Nguyen,Good
0c4f4433-f70a-4770-9dc3-cdf24f7d52fa,4,2022-04-05,6,Bich Nga Vux,Vào sàn đôi khi bị đơ. Chưa hiển thị kịp thời giá và giá trị tài sản trong danh mục
d09519c9-5249-4987-a341-72db4f26b354,1,2022-04-05,0,Như Phan,"Cài quá lâu, mất thời gian"
0492c9a5-f8af-4ec1-8577-14afbe5d46a4,1,2022-04-05,2,Miền Nam FPT Telecom,Trong phiên giao dịch sáng nay 05/04/2022 VPS lại gặp lỗi không đăng nhập vào được. Đây không phải là lần đầu mà là lần thứ 2 trong tháng 4 ( mới có 5 ngày). App vỗ ngực được cho là đầu tư công nghệ rất mạnh. Thu tiền 27k/ tháng của NĐT mà làm ăn như hạch!
844ee14e-e800-41be-935c-a6e91b69f470,1,2022-04-05,1,Lap Pham Tien,"Ngày 5/4, app bị lỗi lúc 10h15 am, k vào được"
49285ee3-2866-4941-abb0-e3f52043e621,1,2022-04-05,7,Thắng Nguyễn 81,trong phiên giao dịch mà vào app kêu đang khỏi động. chịu thôi. tiền chúng tôi để app cho thì bán không cho thì thôi à. ai có ý định dùng thì chọn app khác nhé
db1fe5db-d250-428a-b3cf-35c19f28e673,1,2022-04-05,4,Phan Toan,Ứng dụng gì mà cập nhật phiên bản liên tục. Quá phiền.
c1624788-1de5-496f-80d1-0166de7f338c,1,2022-04-05,1,Vũ Khuyên,Cài phần mềm này chán nhỉ. đang trong giờ giao dịch mà ko giao dịch đc. Cứ báo hệ thống đang khởi động.
1f722eeb-fe5e-4e97-bc15-50f7046c45ed,1,2022-04-05,4,Đặng Kevin,Hệ thống gặp lỗi liên tục khi đang trong phiên giao dịch. Không thể đăng nhập để mua bán được. Chất lượng dịch vụ quá tệ.
de690a54-1fb6-4443-b3d6-50e3f7b3db39,3,2022-04-05,0,Linh Lê,Suốt ngày bảo trì
3a063c7d-b33f-4b2e-be7f-07bdef4927c3,1,2022-04-05,4,Mr. Quang,"Khi TTCK có biến động mạnh, trang web & app bị "" tê liệt "" !!! Thông báo nhận được : "" Hệ thống đang khởi động "" & ngắt giao dịch . Tiêu cực .."
82e2e6f1-ba5d-40e8-a8d6-ed8f466d7a7c,1,2022-04-05,0,Văn Thái Nguyễn,Quá là tệ luôn
efcda374-1b98-4132-9227-aaa5dcbebec5,5,2022-04-05,0,Tri Nguyen,Cho 5 sao 1 tuần.... nên cho nhà đầu tư thay đổi màu nền app ( không phải trong biểu đồ) vì màu trắng hay trá mắt quá 😃😃
e1edc0e4-90b2-4f40-8c48-d539ef970b4f,1,2022-04-05,0,425_ Nguyễn Thị Ngân,"Suốt ngày bắt cập nhật, lỗi lên lỗi xuống"
b9e38b5e-99d3-4413-9030-dfc48a6ee43c,5,2022-04-05,0,bui ngoc,Ok
e9c521a2-4926-4521-8df1-c61f29ad3726,2,2022-04-04,0,My Bui,Khó dùng
e3c75c38-6505-483e-84c6-aa2a494a1f47,5,2022-04-04,0,Quyen Truong,Tốt
c02703f7-3df7-427b-a886-9d99d3682511,1,2022-04-04,0,Review cuộc sống,"Ép người dùng phải cập nhật,khi người ta không thích 👎"
aa35c10d-af15-4878-8be2-8311b761d403,3,2022-04-04,0,Hoàng Duyên,Nhanh
73f0a08d-b471-47a8-ab1a-86cf7b5bc58e,2,2022-04-04,0,Giang,Mỗi lần cập nhật IT đc thêm nhiều tiền lắm à? Chs tháng cập nhật liên tụv bực cả mình
68ff18b5-fa98-4f64-b614-a9c4f5ff7887,3,2022-04-04,0,Trần Huy,Tài khoản của mình không rút được tiền từ app về ngân hàng là lỗi gì vậy nhỉ ?
c4d70509-f6d3-42be-bb8a-faeffa957a75,5,2022-04-04,0,hậu nguyễn,Tốt
6d40beb8-cb5f-499b-97fb-ea783007f17e,1,2022-04-04,0,Đậu Xuân Hoàng,Ăn rồi cập nhật
935b96d2-f501-4a89-9211-f874689de595,5,2022-04-04,0,Bình Thạnh pgd,Ok.
9f01bbaa-3293-4b81-a099-eb327209a7b1,1,2022-04-04,0,Tuổi trẻ Sơn,Cập nhật cc bố m chs ck yên
f41a344f-1d84-4d80-b718-7043b1b8c2de,4,2022-04-04,0,Lê Thị Thục Hân,k nws Www s4ss đã sẽ 4r áaaa w dssdss
18019b9d-c7d0-4e27-a8ee-acc27f144725,1,2022-04-04,0,Hòa Nguyễn Minh,Luôn làm khách hàng ...đau tim
6fb7962b-f1f1-48ed-aa28-6f99bc062938,4,2022-04-04,0,giang lan,OK
63a2bd62-c8e3-43b7-9b4c-fb82a05a883f,1,2022-04-04,0,Nhat Tran,Ko cập nhật đc
81af5327-195c-4712-b3c0-a91c6a2f2716,5,2022-04-04,0,Thang Trinh Xuan,Tốt
3a54d95d-d452-4adf-b2f7-bde62d76fe2c,1,2022-04-04,0,Tuấn Anh Lê,"cập nhật luôn tục mà chả có chỉ báo gì hay ho, cái giao diện đẹp để ngắm à?!!"
26006b56-eee1-48e0-8500-8a7f87856d5e,2,2022-04-04,2,Mạnh Trần Công,"App chưa được tiện lợi, thua app của các cty ck khác, cần cải tiến sửa đổi, học cách giao diện của họ."
5780f4e4-534f-4282-963f-b36dee8087ca,1,2022-04-04,3,Kien Vu,Tổng đài CSKH quá tệ
4e5301f7-b36b-4b1e-8a14-07c3792cc159,1,2022-04-04,0,Chung Nguyễn Thu,Tại sao lain ko cập nhật được
dad1190a-017c-4a91-aff9-a1074e2d193b,1,2022-04-04,1,Phuc Le,Cho cái nút tìm kiếm mã cổ phiếu đi mấy anh dev. Nan nỉ ak.
9ea3add7-0b58-4da1-bba3-871bbaeebfd1,5,2022-04-04,0,CAM HUY TRAN,Tot
8d740a0c-f0c2-4bc7-9c42-afc57421be5e,5,2022-04-04,0,nhatanh khuat,Very good
2d909ad6-3271-4aaa-8add-0ebe75d9025f,1,2022-04-04,0,KỲ DƯƠNG,"App xấu quá, lỗi hoài, qua SSI học hỏi"
765d38e5-fc4d-4b19-b263-bffac043d021,4,2022-04-04,0,Vi Sa,Ok
64fe9b18-ba6e-4aaf-a6d4-454e6bd33fdc,2,2022-04-04,0,Trung Võ sỹ,Suốt ngày cập nhập
6c121367-c65b-4a82-9713-16dfc16bf1f9,5,2022-04-04,0,Nguyễn Đình Đức,Ok
36b81df8-eb40-4dfa-851e-d489f5bcf98e,1,2022-04-04,0,Ngọc Anh Đồng,"Cập nhật liên tục, chậm!"
12bec291-a6da-450d-921f-0ad7222f71c3,5,2022-04-04,0,Tạ Đình Phúc,Good
e0cd2cb7-3335-417d-8fa2-396904a7aaad,2,2022-04-04,0,Hồ Lực,Cần thêm chức năng tìm kiếm mã nhanh. Tìm cho lòi cả mắt
ad88c3c9-99c1-40fe-b778-e949990461d1,1,2022-04-04,0,Hoa Phung,Thường
