review_id,rating,date,thumbs_up,author,text
ecc2bfbe-a6b0-4d62-9205-43606e0ba642,1,2026-09-10,1,u_b30749dd96e2,má chưa đăng kí tài khoản mà đã lưu số điện thoại người ta lại rồi. giờ hủy không được. đồ lừa đảo
09de3157-5730-4842-afe2-b0ea6beb16d7,4,2026-09-10,0,u_ef96deb24648,tốt
643e59ce-b659-41c8-b570-fa033270131b,1,2026-09-07,1,u_ca1e05799f00,"Càng cập nhật càng nát, lag"
8568514e-df67-4e27-8cf8-ba32c07e7323,1,2026-08-30,2,u_02258c94f92e,rất tệ hồ sơ mở tài khoản liên tục bị từ chối vì tên không có dấu tiếng việt nhưng nhất quyết không cho chỉnh lại tên
12133a22-37ba-4e87-abea-de34dbb5b312,1,2026-08-27,2,u_cb63b015ce68,"xoá bớt cái rườm rà đi, app đeoo gì lag vcc toàn bị dissout ra ngoài."
07817014-c57a-4fea-8ec9-23b08d45b58c,5,2026-08-26,3,u_8f2f4f9b60e5,"bên công ty có nghĩ nên cải tiến giao diện app không ạ, nó cũ, mờ mịt kiểu app sập bên cam ấy :("
04900b27-6842-429b-a264-840cbafc545e,1,2026-08-26,0,u_dd30858706ce,"càng cập nhật càng lang, đơ"
17588fe6-a6ff-432c-9c02-72fe4c598574,1,2026-08-05,1,u_dbea44df1ee1,như lol thông tin định danh đầy đủ hết... sdt mất đổi lại rờm rà...
042dbd9d-abe9-4c05-a54c-1860171d2711,1,2026-07-29,0,u_55b49004b5a3,app tệ. từ giao diện cho đến chức năng. đồ Việt có khác:))))
55f426bb-f8d4-4d93-a2f2-6ceba3eba5dc,1,2026-07-26,2,u_575a0ee44c6c,đăng nhập lâu chậm xác minh sđt k đc
33504a64-7e41-49e0-87ab-7493d18d6949,5,2026-07-19,5,u_13853a7fbe9f,"tiết là về đăng nhập chưa tốt xét nghiệm sinh trắc học nên để vân tay, với nhập mk thôi đừng để vút màng hình khóa lỡ có sữa điện thoại hay gì thì không phải chủ không vào được"
ec1dd273-bd9b-493d-9093-1715cdfaab11,5,2026-07-14,0,u_bdefe9778680,tuyet voi
6b838ebd-4164-4fcb-9636-3373ac19cdd7,5,2026-07-09,0,u_7e728cae05ad,verry good
d926ac56-24f2-4a48-9e9f-0e7e018aef73,5,2026-07-08,6,u_f9697e1d7edd,giao diện trên app và trên zalo pay điều rất dễ dùng.
b1e820e9-d743-46d0-b7ae-f9b1b00379a0,5,2026-07-07,0,u_d904e30eaa3e,phù hợp người mới
31147446-3514-4204-b36f-8a28ddab8eae,1,2026-07-05,5,u_79c7097e7231,"Nền tảng thiếu minh bạch, hoạt động chậm, trung gian, phát sinh nhiều loại chi phí. bị zalopay lừa mua chứng khoán hoàn 50k nên dính bê bôi pnj chán....treo tiền nè hé, mua giá cao đợi giá thấp chốt cổ phần, chán éo nói nổi"
fba87626-203f-455c-b8a9-2c55d3617ef9,1,2026-06-30,4,u_619c84e9b180,"app tệ nha, thường xuyên bị treo, tới lúc mua bán cứng đơ, nên tránh xa nha ae"
69a4a06c-0f30-4089-aa19-cb2fccf2758f,1,2026-06-30,0,u_35a7c23d41b3,rác
1d503f61-9138-4ac6-ace8-e64c4cbde661,4,2026-06-25,0,u_40bf04ab050f,app bị crash k mở dc (galaxy a13)
49f5be5c-9589-491a-aee3-258f4faea80d,4,2026-06-24,12,u_d26d2e62a581,Tin dùng hỗ trợ tốt
e7dd8bbc-2af6-48ec-b674-622b93ab0bb2,5,2026-06-21,4,u_fd83f18edf84,uy tín
c3dd04bf-a199-41ce-a916-291a21a5fd1d,5,2026-06-21,0,u_73c4be9513df,ứng dụng tốt ❤️
deaca646-9b7a-4798-90c4-bbacf574ce00,5,2026-06-20,3,u_5d930f937489,tốt
c175aafb-10f3-4026-9701-5e337d8394a9,1,2026-06-18,3,u_f16a73678e66,chuyển tiền ra ngân hàng mà ở ngân hàng không nhận dc ạ. Chuyển 3 lần chỉ nhận dc 1 lần sau cùng
7a063cb4-af5b-47c8-89bc-e15919a93f20,5,2026-06-11,0,u_804238a45921,ok
59bdfac4-74f4-451e-a035-eb6b84163ba1,1,2026-06-09,2,u_afc8e1684206,app nhiều lỗi nhiều lúc không rút được tiền
1c650019-012f-4eac-8bb4-0e5a99122ad1,1,2026-05-29,4,u_dbe5bb23491d,"Quét CCCD không ra gì. bao nhiêu ứng dụng quét bình thường, qua đây gặp toàn lỗi"
10bb6a9c-cd2f-48c5-be44-550cc1ab90cf,1,2026-05-22,1,u_11031cbc720b,"Dẹp cái chức năng ensa đi cho đỡ tốn ram, đỡ nặng dung lượng, đỡ vướng tầm nhìn người dùng. Làm cái chức năng mà dùng không được, hỏi không trả lời. Là do con AI ngu, do lập trình viên yếu kém, do tester làm việc thiếu trách nhiệm hay do lãnh đạo và đội ngũ quản lý yếu kém đến mức không biết vụ này. 1 sao vì bạn rất xứng đáng."
b6313c60-b9db-4d89-afbe-473701606b8a,1,2026-05-19,2,u_a23f24a73433,ứng dụng chạy ngốn ram khiếp đảm
a155c54e-2ec3-4ba9-bfc6-12421a81a07c,5,2026-05-18,3,u_460b196f0249,tôt
b3d9eeda-3fb0-4bc0-a5fc-aad248e04e7c,4,2026-05-16,2,u_bf3427f290a6,cách đây 2 năm đã từng xài và bị sập app 1 lần xóa app nghỉ xài . Dạo này tải lại sử dụng thấy khá ok có cải thiện tốc độ đỡ giật lag . Giao diện bắt mắt dễ xài .
d77962d0-0b16-4f90-9d71-4d80d6458f57,5,2026-05-16,4,u_3ab96c965ff1,app chứng khoán sài rất ok không lag miễn phí giao dịch quá là ok dành cho Genz
248db681-9405-422f-b5f0-3709212c3c1f,5,2026-05-15,13,u_b3ce8edc368c,"Ngoại trừ lâu lâu hay lỗi, thì thực ra tcx, vpx, ssi cũng lỗi bấy bá, thì thực sự app dnse là app ck tốt nhất ttck vn rồi. - phí thấp - tk không ngủ the best : cái này thì signature của shop rồi, nhìn lãi nhảy tưng tưng đã mắt, cùng 1 cách vận hành lãi nhưng nhìn cách nhìn realtime này thực sự thích thú, chưa kể nạp vào là tự động sinh lãi, không rút ra nạp vô kiểu như ssi, rất giống sl tự động của techcombank - giao diện thao tác dễ , gọn ko rối - có kênh bò và gấu rất hài hước."
96e94bea-1342-4a76-b80e-a0e516a65d2b,1,2026-05-06,0,u_0fbcfad210ea,"Chủ tịch úp bô. Từ VNDIRECT nát qua lập DNSE, cháu cô Hương đấy."
cb4c52fa-c2cb-4208-9f9d-3274a209ee83,1,2026-04-28,0,u_947190d73e3e,bán cp mà OTP đếu gởi về
d11ab253-d1cc-4070-ae8a-90aa1ca70900,5,2026-04-27,3,u_4c6ca2ee8b16,"App đẹp, dễ dùng, không bị rối. Mong là DNSE sẽ phát triển thêm tính năng đầu tư CCQ tích hợp vào App DNSE như Fmarket để nhà đầu tư có thể dễ dàng đầu tư thêm sản phẩm và kiểm soát chung trên 1 App. Và tách các tài khoản đầu tư ra cho dễ kiểm soát - Tài Khoán Chứng Khoán Thường - Tài Khoản Chứng Khoán Margin - Tài Khoán Phái Sinh - Tài Khoản CCQ - Tài Khoản Crypto Chúc DNSE ngày càng phát triển và trở thành App Đầu Tư toàn diện nhất ❤️❤️❤️"
47014745-b73b-441c-9431-626e64e50e9d,2,2026-04-23,4,u_56f9edc07d7c,Tôi không thể xóa tài khoản của mình và thủ tục xử lí quá rờm rà
18e45422-dca5-4222-bf7f-6d9977ed0996,1,2026-04-23,8,u_88f4c877831b,200k bố mày đâu
574d8f36-5964-4250-bbb2-baa215736de1,5,2026-04-14,3,u_c562b3506ca0,tốt mà
3452f476-c5c4-4256-9c39-7f3f8ef7ec48,1,2026-04-11,1,u_390331623c0e,tiền chờ bán cp về quá lâu khó chịu thật ko bao giờ dùng lại
9aaaadc8-7cdc-46b1-aa5a-2145889eb9ed,5,2026-04-10,3,u_7291058fcea2,Ve hieu
8764fa5b-9b6e-4f04-81b9-fd3a8bed701f,5,2026-04-03,4,u_d7aa2f3c4161,nice
3d46a202-0fe0-4fa4-9731-5f98508c705a,5,2026-03-31,0,u_6f618ea26257,TỐT
5f0e58b6-09a6-4416-ad1e-4e5f43c81ada,1,2026-03-30,4,u_ce0f48c134ac,lag không thao tác được luôn
348afe95-c5c5-4579-9ce3-2888dee33df9,5,2026-03-18,7,u_53ced2136be7,"app này mượt và tiện dụng nhất trong các app tôi từng dùng. hôm trc tải ssi về dùng thử mà tr ơi nó bực tới xì khói đầu App nên có thêm nhiều tài khoản hơn để tôi có thể dùng tài khoản để trade riêng, hold riêng hay là bất cứ 1 dòng vốn riêng nào tôi cần để riêng"
be943705-c23e-40d0-a93b-dc4681fb8b20,2,2026-03-05,1,u_f494cb108858,App lỗi những ngày quan trọng
01993d94-700c-45e8-a42d-af345b950f64,2,2026-03-05,4,u_57123a55d1ac,"app hôm nay 5/3 bị lỗi, ảnh hưởng đến nhà đầu tư, đêm khuya vẫn chưa xử lý xong"
7338c435-f32b-4aa9-97a3-f3b46556cf9e,1,2026-03-04,9,u_24441aadd9de,phiên trưa 4/3/2026. hệ thống dnse bị lỗi. tôi không đặt lệnh được. tôi sẽ xem xét chuyển qua ứng dụng khác
ea5eb1c3-ab3d-493d-b873-c2cdbea363f9,1,2026-03-04,2,u_cf9c0d9b9643,"app thường xuyên lỗi. nhưng không 1 lời thông báo, ib zalo, hay trực tiếp trên app đều ko có ai hỗ trợ. Tệ!"
3a55e350-289f-4a9f-9439-696bc7bf2f2b,1,2026-03-03,5,u_f3804f5edf19,nạp tiền 2 hôm chưa nhận được vào app
bd338c23-d94b-4a50-b6eb-157b055218d1,1,2026-03-02,4,u_918ed59793f5,"Nạp tiền vào, ngân hàng thông báo chuyển khoản thành công nhưng khi vào app xem thì không thấy cộng tiền. Hiện tại vẫn chưa thấy tiền về tài khoản, mất tiền"
d75ca795-1984-4b7f-bbcf-df28915531bf,5,2026-03-02,0,u_ada10b816469,ok
cdcb778e-586e-44d4-9130-079c645059f3,5,2026-02-28,1,u_39a7b3b54428,tốt nhen
55d97c54-cfec-4604-ad9c-3da4162d7348,5,2026-02-24,18,u_cf697e1a1168,"TẬP ĐOÀN DNSE - *** TRUNG TÂM ( ĐẦU TƯ ) CHỨNG KHOAN"" VIỆT NAM *** , TẬP ĐOÀN DNSE RẤT OK *****"
ba69f433-80ab-4f28-a63b-3e124b9cbc11,1,2026-02-22,8,u_c2e0950466f3,quá tệ chậm mua và bán tận 2 ngày rất khổ
cd8f0366-4a2a-477e-b93d-3a4a2cc1f3f7,2,2026-02-20,5,u_f6bd101bbb69,nó cứ sao sao bảo là chở gửi nhưng tôi chờ rất lâu biết chừng bào mới có cổ phiếu:(((
9b8c7a59-387f-4946-ba2d-aaf215622731,5,2026-02-12,11,u_8edfab2efcd8,nạp tiền ngoài khung giờ giao dịch lâu hiện
76ab3c44-cfb6-4e4e-a42f-2c8dedb493f3,5,2026-02-12,2,u_d1f0a92c5cdc,rất tốt dễ sử dụng
a535f584-2b48-4708-ba78-b4ddde4a3c0b,5,2026-01-30,0,u_e39f6a585101,app chứng khoán mình yêu thích nhất. Dùng tiện lại free phí
3c606b3e-488d-4993-a6c3-ce2bd7e0d6b7,5,2026-01-30,0,u_c93995fae226,Ok
21244780-b7a4-4800-966e-2d4459fd6eee,5,2026-01-30,9,u_7a3b79d9b0a6,khá ok
438d3c92-e049-4b5b-920a-067234faf514,5,2026-01-27,1,u_7c50fb565e04,tại sao cccd của tôi đăng ký lại cập nhật địa chỉ củ mà không cập nhật địa chỉ mới vậy giờ làm sao đây có ai trong cty chứng khoán cập nhật lại địa chỉ dùm tôi nha
209c03a4-1ed2-4055-a5e6-8300390b5f85,4,2026-01-22,0,u_27878d18f672,tôi đan dùng về tiền không ngủ và sinh lời tự động quá linh hoạ tuyệt vời 🎉🎉❤️
bfd89967-7d30-4c00-8884-2017be4970c5,5,2026-01-22,0,u_4c542bc635d7,"hứng dụng trên điện thoại thì mục chọn giá và số lượng thì quá bé gây thao tác chậm,không gian trống thì quá thừa và nhiều.thao tác bị chậm,khó nên fix lại giao diện giao dịch"
0e6daf5f-f082-4b7f-a729-dc5f1cc4ddbb,5,2026-01-20,0,u_1195538b930b,Tiện lợi nhanh chóng dễ dùng giảm chi phí xứng đáng 10 sao
2410abca-805a-4c35-9a38-cc3cf454f003,1,2026-01-12,1,u_70eb0ed9684e,app lag cập nhật chậm
faac87dd-3c76-4aab-aa33-167721ff869a,1,2026-01-12,8,u_9cfd8a2bddda,Không nên dùng app còn nhiều thứ chưa được tối ưu mượt ảnh hưởng đến việc đầu tư của người dùng cập nhật giá và tiền của khách sau khi bán chậm nên qua app khác hoặc ssi chẳng hạn
d8d9b00a-8210-4943-bc56-7bcb0506a1c0,1,2026-01-05,6,u_609840646d13,không ấn gia hạn mà vẩn gia hạn tự động nên mất tiền 🤬😡🤬😡
91a883bc-a5d7-46de-926c-193a6a6ced02,5,2026-01-04,2,u_5913caeff0f7,đay k phải app vay tiền. đừng có vô đây đánh giá lung tung
d0f9e647-5153-4ab2-9255-31b0ea4d710a,2,2026-01-01,0,u_59086bdac4bd,"app ko thể đăng nhập được, tài khoản tôi mới tạo vào nhận cổ phiếu quà tặng thì báo là tk của tôi đã đăng kí rồi là sao? tôi chưa xài chưa nhận gì cả. vào app còn ko dc... lần đầu tiên tôi mới xài mà"
00104a6a-d57c-457c-956a-5be4d82fed93,5,2025-12-29,1,u_afd93d59e4db,tot
b5f9d29d-ad07-4d5f-8c8b-05c66c341d72,5,2025-12-14,0,u_75c1e59fbffd,ok
6deb100c-c5bb-4601-ab84-1eec380fdd57,1,2025-12-11,18,u_9c7b40f78215,lừa đảo nha mn
c2e42765-d28d-459d-ac86-b32381aabd5f,5,2025-12-02,3,u_a76507a8112f,"áp này dao diện đẹp, tôi thích nhất là thanh toán bất cứ nới đâu, y chang ví điện tử dậy á, vào Phúc Long quét QR cái thanh toán, nhanh gọn lẹ nữa chứ, nhiều người hỏi tôi sử dụng ví gì lạ dậy, tôi nói ap chứng khoán🤪🤪"
fa30782f-cd64-4d0b-bea6-ed18b66cf76b,5,2025-11-27,0,u_72010120bd85,"App đặt lệnh dễ dàng nhanh chóng không phải dùng nhiều thao tác. Xem thông tin, tin tức rõ ràng, dễ nhìn nhờ cỡ chữ vừa vặn và tự động thích nghi với màn hình điện thoại và tin tức mới hot luôn luôn cập nhật thường xuyên trên thông báo. Đặc biệt có Nhiều chương trình sinh lời từng phút, từng giây với dòng tiền đang nhàn rỗi. Đồng thời, theo dõi các cổ phiếu khác hoặc đã đặt lệnh mua rất dễ dàng chỉ qua lại bằng một thao tác bấm nút lệnh."
cbc05a16-a2b7-4a56-a11d-3d25eb7c2fe7,5,2025-11-07,5,u_31282f16f9a0,App quá ổn. Theo dõi được các cổ phiếu như trên máy tính
cc022d98-ed93-4048-aed8-85a8e69400d8,5,2025-11-03,1,u_fc322b26599e,mua mãi không tăng.
39a429a5-03fc-4335-a62b-cb94e701be1c,1,2025-10-28,13,u_d50933f89cdf,hệ thống kích hoạt đặc lệnh rất chậm chạp
18862edc-6fa4-4de0-8f73-9622aef74902,1,2025-10-20,3,u_7de2ebb38536,"đợi hơn 1 ngày k thấy xác minh tài khoản, quá rác"
c8b4522c-4a7a-473e-bcbe-623cb1938e17,1,2025-10-16,3,u_76d3e9cc5291,Scam chúa
9423d314-59f6-4bed-8aef-f53fb2b48e76,2,2025-10-14,12,u_69d95de0ca08,Làm quả game thổi nến cho có. Thổi mỏi mồm 0 tắt
bf576f62-6a78-429c-92ed-a1531d5098ef,1,2025-10-14,10,u_a9fe38368cbb,ko bt dùng cũng ko cho xóa tài khoản tôi muốn xóa tài khoản
ebe546c5-23cf-4137-9ec9-e2486b02f93b,1,2025-10-13,1,u_0f860254400e,cực kỳ ghét cái event lần này của công ty là 1 khách hàng từ đời đầu mà giờ gặp quả event như đấm vào mặt vậy
54de29ab-f4bf-4975-9d73-71c43498d8c8,1,2025-10-13,21,u_cb4cc00da74e,nhốt tiền khách
81eb5cfd-c4ff-4956-b501-c0f1ec5dba20,5,2025-10-12,1,u_7403102be51f,"Ok nhe, chuẩn chỉnh, app mượt, ko trễ, hơn xa mấy app dtck khác"
a077524c-6693-490c-b9d8-16081eb2bd8e,1,2025-10-10,0,u_5680a9d42ab3,"sự kiện thổi nến thổi mãi không được chắc sợ hết quà để quà cho người nhà, ra sự kiện gây ức chế người đung"
01f72cdb-7551-4f7a-a564-013ec8992bb0,5,2025-09-30,3,u_e029b8e9265d,khó quá vậy
55d99154-fcc8-45ba-98bd-8a59b9f31e18,5,2025-09-25,3,u_48dcae1ea6f3,"coi bò và gấu nên ms tải về xài, đã dùng đc cỡ 6 7 tháng j đó, mk thấy app ok phết. có điều lời khuyên đầu tư của ai thì mk k tin tưởng nên cái đó hơi vô dụng vs mk, còn lại thì ổn rùi. app mua bán chứng khoán ý mà nên k đòi thêm j đâu."
e305d596-da05-47c6-9f9f-cb01ff60e3b8,5,2025-09-21,3,u_61776e363373,ok
4755d60b-79fb-4795-831e-70c44890658e,5,2025-09-17,10,u_950f8d7da41b,nhưng mà dịch vụ ấp trứng ok
d0a9eda8-d877-4a91-8d00-b3e6d4a2f6ca,2,2025-09-15,3,u_7de2eed8c3d8,người ta dùng điện thoại oppo ko có tính năng quét kia mà xác mình ko được
ce49c092-f437-4406-9078-162468484d68,5,2025-09-11,2,u_4b57b3820191,"dùng ok , đơn giản cho nđt mới"
91bd4a0b-8ee2-4606-a7f8-e013154b930c,1,2025-09-10,14,u_90b539d522e5,chỉ hỏi mỗi cái thay đổi cccd đăng ký mới mà suốt ngày hướng dẫn đăng nhập mật khẩu mới app cực hâm
cf96655b-973e-4aff-8075-8f090d56fc46,5,2025-09-09,4,u_4f55f19cd624,"Good app, cần vay vào 𝐕𝐚𝐲𝐓𝐨𝐭𝐍𝐡𝐚𝐭. Để được ( vay tốt nhất ) nhé đang thiếu chỉ tiêu sắp bị đuổi. Về app này lum luon"
61237b88-74b5-4dea-b30d-7777c75cdc64,1,2025-08-29,6,u_938d7ce2721a,"trải nghiệm user tệ, đặt lệnh chậm"
4507e965-2781-4da6-bfc2-a19280044b7c,4,2025-08-28,11,u_cf6ca72d6e30,bản nào nghĩ tân số kinh tế lỗi .Đùa cầm tiền tôi qua đa rồi không hành ngày .Đá nghĩ hệ vị chỉ số tài chỉnh iCloud chi dịch ngày tháng lập dư liệu thống kể sử lỗi bằng kinh tế không
7aeceb52-e1dd-4ac4-a100-7323085cdaf7,5,2025-08-28,0,u_68ad3b99c17f,DNSE nên sáng tạo hợp nữa trong vc phát triển ứng dụng thêm phong phú hơn nhiều loại hình đầu tư hơn
db32d5d4-c2e4-4837-a4e5-4623ee65c2b0,1,2025-08-24,15,u_2a3c499f4456,"app có liên kết với zalopay để giao dịch, nhưng khi liên kết sẽ bị zalopay trừ 0,12% mỗi giao dịch mà liên kết này không thể gỡ được. điểm trừ quá lớn của app, với mình sẽ không sử dụng app nữa."
8c9791b8-750b-4cdb-a926-0408074f4b8f,1,2025-08-23,2,u_00f301445330,ĐẢO LỬA!!!! bảo cho 100k xong bắt ng ta nạp 2 triệu CÓ GIỐNG ĐẢO LỬA KHÔNG
630d71b2-fe23-4d55-b493-c0fc205086a3,1,2025-08-22,7,u_238a03a293e0,chuyên môn nhân viên kém
0a2388c6-4338-438d-93fe-27998ec17c5c,1,2025-08-20,9,u_b1e6ecaffdad,cty khá ok chỉ có điều làm lâu lâu chuyển khoản vào mà hệ thống ngân hàng bị lỗi ( chờ xử lý) khi ngân hàng xử lý xong tiền thì đã chuyển nhưng xử lý thông tin và cập nhập của bộ phận kế toán khá chậm.
8ee8d78e-c66f-4708-a196-981f6d6135c4,5,2025-08-19,12,u_ef6360a1f204,"Sau gần 1 năm trải nghiệm thì app rất ổn, chỉ là thiếu một vài công cụ để tương tác với bảng điện. Giao dịch tốt, vốn khá ít (500-600k) nhưng mình cũng đã lời được chút tiền uống nước. P.s: Note cho vài anh chị người mới là đây chỉ là sàn giao dịch, hoạt động từ 9h30-14h30 mỗi ngày, riêng thứ 7 và chủ nhật nghỉ. Nếu anh chị đặt lệnh ngoài giờ thì sẽ thành lệnh treo. Đặt lệnh không có ai mua/bán nên bị huỷ lệnh cũng là chuyện bình thường. Việc bị lỗ lãi trong đầu tư cũng là bình thường."
4c8ec5dd-cf62-4be4-8063-aa5d13cd2666,1,2025-08-19,0,u_ea3678fa808a,"chuyển tiền nạp tiền chậm ncc , app như đb"
5a35788a-9697-4a04-8252-6ce1de61ba70,1,2025-08-17,4,u_5c4d0d328b28,"Dung App thấy ok thế là tin tưởng mua IPO cổ DSE của công ty, bị lỗ và om vốn, mất bao cơ hội. Thế là gỡ app thề không dùng lại"
1fed97b5-b971-4515-9c9b-4978bb51cb70,3,2025-08-13,5,u_6e35892b0370,"tốt ở phí giao dịch đc free, qc thì nói đăng kí nhận được 100k nhưng chả thấy đâu"
1e85ecb4-3f28-4105-bf3b-cdadef858746,5,2025-08-12,7,u_39cf95043049,absolute cinema !!!!!
b6508c2a-22a7-4161-bafd-97c1e2e0d0a6,1,2025-08-12,7,u_1ff012f85067,"thật tệ, cứ báo otp không hợp lệ. tóm lại cái app này được tạo ra với mục đích gì. giao dịch thì không được, không lẽ chỉ để thu thập thông tin cá nhân."
765140a8-9036-4a9e-9372-e9334404d733,3,2025-08-11,3,u_a4ea7e8b0531,App đặt lệnh bị từ chối dù giá khớp. Ngoài ra còn nhiều lỗi phát sinh khiến ndt mất tiền nhưng không có sự bù đắp ngoài xin lỗi. Có miễn phí lệnh và khuyến mãi.
0318e923-a510-4dcc-9262-31a781fc5cfd,1,2025-08-06,32,u_c0cd4725917d,quảng cáo sai sự thật . phải nạp vào trong app 2 triệu mới được 100k . không như quảng cáo là tải app được nhận 100k . 😡😳🤬
08094480-71af-4d96-bb14-bb50e955b7ff,2,2025-07-30,6,u_89e1a313bcec,sao tôi đặt lệnh r nhưng kì nhận đc 100k cho ng mới hấn vẫn còn ở chỗ đặt lệnh ngay là sao
975c8060-f8f5-45a1-aa24-8a63cd8a0652,1,2025-07-25,15,u_472894eaef27,lỗi đăng nhập ko vào được thì mất tiền 100%
ea9bfcf1-fed2-48bc-b077-b4536466268f,1,2025-07-23,0,u_4ab8bd70d761,app rất tệ
861537f1-e981-437c-b120-36f1789c960c,5,2025-07-22,0,u_8300c8ba6c1c,"mình chưa biết giao dịch, chờ người dạy nhé"
1b5eca96-2aec-4286-9c73-34892bd25b8b,5,2025-07-19,14,u_e6cfb562a7a0,tốt
2b98f6a7-37cd-48ee-9c70-67fef761e3a7,1,2025-07-16,5,u_fa40f6e0567b,20h t1 tiền chưa về
b9677500-1874-40b6-88ca-4156bb964eef,5,2025-07-15,14,u_fc9aec76f68b,kiet Tác
622d9c42-f8d7-4a30-8a43-054bc7932bbf,1,2025-07-12,7,u_49b5ce726b7f,suốt ngày DNSE! không chán à? Mà sao cái này cần đăng nhập?
5efad1d8-2890-400e-8f25-e6743ec785b2,1,2025-07-12,25,u_50eec72e6487,không quét dc nfc là sao. đăng kí mà khó thế.😅
5529fbb6-553b-4d0b-975d-a1c749b3367a,5,2025-07-09,19,u_0d7bc87c064b,Sao mãi chưa thấy tính năng gửi thông báo thế DNSE ơi? Có setting thông báo các kiểu nhưng không nhận được thông báo nào cả.
bb2eb573-e193-4cbc-b307-6f4e09c424a0,1,2025-07-08,20,u_b8b5a7df1c35,"cty đem con bỏ chợ , mua cp qua cty giờ lại bắt tự đi lưu ký . không làm được thì dẹp đi"
0c75c765-b620-4c4f-8899-680a6b1091bf,1,2025-07-06,15,u_a5add45f349e,ko quét đc mã qr
404040d0-accb-4319-8d4e-509959f57e8d,1,2025-07-05,2,u_c1ac09de1631,lừa đảo nha ae quảng cáo sai sự thật
1e200051-2fcf-4811-8fd1-127b06d130af,4,2025-07-04,17,u_a15918fbee49,"ủng hộ kênh youtube Bò và Gấu nên cài đặt app và đầu tư. app khá tốt, mình mua bán cp chưa gặp trục trặc gì. có AI hỗ trợ (chỉ ở mức trung bình), nạp tiền sau 15 - 20' nhận được. Nhưng giao diện khá dối dắm, phức tạp cho người mới. Nếu đơn giản hóa giống bên app game đầu tư cổ phiếu bên 24hmoney thì chắc chắn 5*. nếu được thì ủng hộ dài dài!"
814dc092-9dae-46c3-aebe-4d460238db9b,1,2025-06-29,1,u_054bb4743b4b,lừa đảo chú ý
564355fd-6ef6-43dd-80b8-69b88e002855,1,2025-06-28,50,u_df61074ce7c8,lừa đảo thông tin sai sự thật không có vụ được 100k liền đâu phải nạp tiền vào tối thiểu 2tr mới được
7b1db333-3814-4412-9a83-0f0971a000bd,1,2025-06-26,2,u_c510a306e375,"hồi trước bị ngu mới tải về á =)) khổ ác, nhắn hỏi AI muốn xóa tài khoản nó kêu nộp phí 100k rồi hồ sơ hợp đồng gì mới cho xóa cơ. đừng ai tải dùm."
ba551fd3-8f04-4a75-96b4-bb8d17b99d2a,1,2025-06-25,42,u_d217d33dc1e0,!!!! Lưu ý nha anh em LỪA ĐẢO ĂN THÔNG TIN KHÁCH HÀNG !!! ĐÁNH GIÁ 5 ☆ ĐỀU LÀ GIẢ !!!
f07f6887-af0d-4abf-9282-f1cb60ef481e,1,2025-06-24,24,u_5fd81cdcda4e,"Phí giao dịch cao, không như quảng cáo. Đánh giá 1* vì sự mập mờ này"
8ad98339-4f6e-439e-9106-3af82d8898c7,1,2025-06-24,15,u_dd85133a8a9d,rác
0c3ec074-2a76-46fc-92b0-90c1244e12a1,5,2025-06-24,0,u_89a78e117769,tốt
d2094e6d-c265-4dcf-a735-0e16593198f8,1,2025-06-22,1,u_b77d9dc14e89,"phần yêu cầu xác minh quá rắc rối và lừa đảo. Xác minh 3 lần không lỗi chân dung thì lỗi cccd, hơn nữa phần cuộc thi trading còn có người đánh lãi mấy nghìn% làm gì có chuyện đấy. Chưa kể đến giao diện quá rối mắt, phí thì cắt cổ, giá còn lệnh vài mã so với một số sàn. Cá nhân là một người đầu tư chứng khoán lâu năm tôi khuyên mọi người không nên dùng app này"
6be7e31d-a7b0-44a5-9428-838eaea21d0f,1,2025-06-21,27,u_26c41268a62c,Trước có chơi app này . Giờ ko chơi nữa mà cứ bị bọn nào gọi suốt ngày đúng phiền thật sự. App này để lộ thông tin người dùng. Ko nên dùng
d06467d2-7954-4962-b985-ea4765569d54,1,2025-06-20,1,u_cbca115017d5,bịp rồi đừng tải ap về
c70ba952-812e-45d7-9705-ad153c85f344,5,2025-06-18,0,u_d8caca97ef0b,Tot
fc088e29-0375-4dae-8ab7-b18d10a05681,1,2025-06-16,1,u_618cd0bbb8f5,bịp
d9353c05-e35c-4693-832d-3b7fabb6e534,1,2025-06-16,18,u_04b986d0a19d,lừa đảooi
2af310c8-0eab-4693-8543-4f719ac58614,5,2025-06-15,29,u_f6889c39e847,rất là hay hẹ hẹ
c31291fb-2ca3-4442-a76a-b193cc5b8286,5,2025-06-11,27,u_d8f6251b5d29,này rất uy tín
08f3b576-71c0-4cdb-8fb3-ff2a63c4507c,1,2025-06-11,1,u_867fbf2bd73b,app lừa đảo rồi
6bb914ab-8492-460d-b703-29e3e3560cfe,1,2025-06-11,1,u_a4d5885b7e4d,tệ
84f607f1-a064-48d8-8892-52111209325a,1,2025-06-11,15,u_b73179534031,app lỏ ko nên sài
c01a8404-84aa-4099-a482-37e520670873,1,2025-06-11,2,u_2c7e1490fd1c,lừa đảo đánh cấp thông tin đấy
81e92d70-c840-4b7f-bfc6-e88bb7ee4453,1,2025-06-10,1,u_9834f42ac9f6,k nhận đc 100k đâu nó đánh cấp thông tin đó
b37b8eec-aad2-401c-8745-6cfb1784613b,5,2025-06-10,8,u_8fbd323b3035,tốt
b1554c55-4bb8-4412-a29e-e9d860bf9b62,1,2025-06-09,18,u_386ed8add3c8,lừa đảo nha :))
5bdfaf06-ec66-4061-baaa-6ac611e2cd42,1,2025-06-09,2,u_13fd40cc08ae,qc lệnh lạc lừa đảo ng dùng
811c5661-203e-4129-b267-20f0d632f82d,1,2025-06-09,58,u_47812be48245,MN CHÚ Ý SCAM NHA KHÔNG NHẬN ĐƯỢC 100K MUỐN XOÁ TK PHẢI TRẢ NÓ 100K ĐỂ XOÁ NÓ LẤY CẮP THÔNG TIN AE CHÚ Ý
023d90b3-3267-4433-bd97-93b1389ae48c,1,2025-06-08,46,u_9dc8013cbbde,app này MN nên cẩn thận nó lừa đó vì chọn đăng nhập thì kh thể hủy đc với lại lượt đánh giá toàn là đánh giá ảo nên đừng tin
ccc489d1-752e-4c35-bb37-f5ee6f48e525,1,2025-06-08,23,u_76f89baf5dde,lừa đảo
5185d944-3b81-41d5-af5a-4bc46890d630,1,2025-06-08,1,u_d9c70d528338,lúc đầu nói gần đăng ký sẽ được 1 tr trong tài khoảng sau khi đăng ký xong không đc 1 đồ lừa đảo nên cho app 1 sao
5035de6f-dfc7-458e-bb7e-e35288450bc8,1,2025-06-08,2,u_cc2f0f7bd675,mã otp kh về 4 lần k đc
276fb209-965a-4840-a8e3-6614bd7dff5c,1,2025-06-08,26,u_832e7c97244a,scam không như quảng cáo
0db61d25-4336-4a4e-855d-de588a607be1,1,2025-06-07,43,u_50a6bdbdecef,"mọi người đừng để bị dụ nhận 100k nha, kh dc đâu"
7077447f-74cf-49e4-b0e7-565b10e264bd,1,2025-06-07,1,u_727f66a3cf7f,"Ứng dụng này như lừa đảo v, để khóa hay xoá tk cần 100k phí đóng tk, lừa đảo, mn đừng tải !!"
4a7f2df8-a91f-4ced-b227-0bee1fb05389,1,2025-06-06,1,u_06484c7401de,lừa đạo
13909147-e744-4ebe-9afe-3d621ab7f363,5,2025-06-04,1,u_5d8cba8cc78e,thấy giới thiệu trên học viện bò và gấu này
b7e68fc6-3a5c-495c-bcde-bdb9b39fcf00,1,2025-06-03,2,u_f4a64f64e8f8,có cái mã OTP còn không gửi cho nữa
91029c97-a002-46e5-bc76-956efaa5453f,2,2025-06-02,18,u_0f55d93888cd,"Khi nạp tiền không vào giờ giao dịch, dù tiền đã trừ ở tài khoản ngân hàng, nhưng tài khoản chứng khoán không nhận được. Liên hệ cả bộ phận CSKH thì phản hồi chậm."
e752ae28-01d5-4a97-adb3-3e33a2962b02,1,2025-05-31,22,u_5d00e41afe01,có cái mã otp mà mãi dell gửi dc
7b4cc8ff-1c4f-405e-83e9-ff95b3dde79e,1,2025-05-26,0,u_0a5e0b401f3a,"Thao tác chụp CCCD và xác thực OTP rất khó thực hiện. Trải nghiệm rất tồi tệ, mặc dù tôi là kỹ sư CNTT."
cf18775a-8afa-4981-bb37-2f935248850d,1,2025-05-24,54,u_209fd943a7a6,"Bị gài rồi, bạn nào muốn đăng kí thì phải biết 1 điều là k thể hủy đăng ký kể cả khi tài khoản chưa được duyệt cũng không hủy được, và cái đoạn chụp hình bạn nó chụp siêu nhanh với góc siêu rộng cũng không cho phép chọn có sử dụng ảnh đó hay không, k thể chọn chụp lại...nói chung quá trình đăng ký thấy khá bất ổn, sau đó khi tìm cách xóa tài khoản thì mới biết rằng k thể ngăn chặn việc duyệt tk dù app bảo chỉ duyệt trong giờ hành chính nay là t7 và sau khi đc duyệt thì phải đến tận trụ sở để xóa"
2c8f52b6-da29-411b-a40c-85d8263966ae,1,2025-05-20,18,u_132775fb7ed1,dmmm ko biết tạo tài khoản từ bao giờ luôn
e6b00c91-bbaa-486b-8229-d4bc28c627e5,2,2025-05-19,22,u_8f638b7cfc22,Thấy bảo miễn phí giao dịch .. mà vẫn mất phí đều đều hây.!!
6e881a12-b453-4b8e-ba5f-67871bac40ae,1,2025-05-18,17,u_fb8f61ef7cce,vì thấy qc app này qua green tuber nên tải và cho 1 sao nè
7bf5d413-490e-4230-8b33-9fd33b45ac8b,1,2025-05-15,0,u_7d977b54114a,lập tk mà khó hơn lên trời
45995755-fa0a-4a1b-b7b7-627029ffdbd1,1,2025-05-15,0,u_653d7331e72c,"mọi người không nên tải nha, lừa đó vào nó bảo là đầu tư 2 triệu chơi kiểu chứng khoán á rồi mới nhận được 100 nghìn mé ứng dụng lừa quá"
5e0b46d8-57d7-408e-b35d-b209fd8b0411,3,2025-05-13,0,u_48afcb8ef472,cần xem lại phần hiệu suất đầu tư.hiển thị sai tùm lum.
99e63842-9b36-45b7-aa46-5b403751609e,1,2025-05-11,0,u_5268c6db58db,lỗi không thông báo trên sámusng s22untral
4f7df1a8-57c8-41e2-b4ba-f1d9f014cb52,1,2025-05-11,0,u_1daa2d6689bc,ứng dụng nhucc
3098e894-991d-4695-b4ae-57219cae49f3,5,2025-05-08,20,u_2d14aa87e3b4,ko bị lag như bên ssi iboard
4094bad4-7eb4-4522-bbfc-d1e48f661d10,5,2025-05-04,31,u_cb5008241467,"Giao diện đơn giản,thuận tiện,phí thấp"
06c66fa6-35cf-41fc-bd34-0cde4c3176b5,4,2025-05-04,24,u_2b109f639204,"mong muốn che số dư, khối lượng như vps"
580d9d49-26c7-47f9-b286-292b7fdb312f,5,2025-05-03,9,u_20127acf5324,"Đa dạng các gói margin , dễ dàng theo dõi , giao diện dễ hiểu dễ sử dụng"
523d5f8f-2b97-4157-a249-10311c16d5c0,1,2025-04-30,0,u_61be1fecce8a,mấy app của Học Viện Bò và Gấu :)))
d63fde57-6b8a-46a2-ae42-ebbc53bf4296,1,2025-04-18,50,u_9a574d6f3f7c,như lừa đảo z
d2da2d5a-8676-4af8-a327-1f549109f8d3,2,2025-04-17,0,u_d40189c07497,"App này thực sự rất đáng nghi,pr rất nhiều rồi có uy tín này kia.Sau sử dụng tôi thấy nhân viên hỗ trợ sự cố rất nhanh, lịch sử.Điểm trừ lớn nhất là app bắt nạp tiền qua ngân hàng trung gian rồi mới cộng vào tài khoản ( còn ghi lại nộp tiền chứ mới sợ). Chưa hết nếu liên kết ngân hàng nữa còn đòi mật khẩu ngân hàng nữa chứ.Ai dại mà điền là toang,nhỡ lộ thông tin ra là xong.mn nên dùng cái nào uy tín nha"
ec7cd283-299d-4b24-90e8-40b303bf8721,1,2025-04-17,20,u_0c0dfd1b462a,đăng ký xác thực 5 lần ko đc cứ bảo vì hình chụp bị mờ
3b0a0a5e-4f29-4b09-9e06-abe7598004b1,1,2025-04-16,0,u_44873947758b,lừa đảo
09138b16-ec36-4aea-81a8-b0f518f05a7b,1,2025-04-15,16,u_258837c636c6,app bịp lắm ae
a6f4a12d-552f-42f9-bf29-5417c3cd6054,5,2025-04-11,21,u_b106a2cfcc05,tốt
e8fa2388-9f0d-4072-8369-74f91668e0b2,5,2025-04-10,0,u_b5c7081155c3,app hay
d7b0e147-8637-4e9b-b3aa-d25884b8f0a0,1,2025-04-08,17,u_641fe22efde7,mã otp bị lỗi
3fc575b9-9de3-4144-a402-226724dddfe8,1,2025-04-05,0,u_d4ee8cfd51d0,"app lừa đảo đầu tư chứng khoán gì lúc người ta khó khăn cần rút tiền về toàn báo lỗi với có điều kiện rút, quảng cáo thì hay lắm đến lúc khó khăn mới biết rõ"
e48b6781-09f3-4550-9d69-e4c6fa93e584,1,2025-04-04,29,u_34d18ebd1a79,mọi người phải tỉnh đòn nhé ❤️
3217d538-6c72-4069-a5d1-c774a6b08d4c,1,2025-04-04,3,u_01c0ff131a8b,coi ytb quản cáo hoài
f30267e0-1a18-40f6-a6d2-3f1de99c6eba,5,2025-03-31,14,u_e406a4f84e0d,tuyệt vời=))
b7f59e5e-ac55-4ee4-88ff-73a71b12d131,5,2025-03-31,10,u_24ff45875397,tốt
4f07092a-afb1-47c3-8a21-41078e052906,1,2025-03-27,1,u_0e73e075f661,"bảo vệ tổ chức tài chính này làm ảnh hưởng đến nhóm khách hàng khác, gây phiền hà và làm giảm giá trị cổ phiếu trái phiếu và vi phạm luật công bố thông tin, yêu cầu google play gỡ bỏ ứng dụng scam này, xin cảm ơn, dùng mã độc để can thiệp với tài khoản là vi phạm công ước EULA"
ee1f33ca-4434-4074-8c2c-87da5eee982a,1,2025-03-24,0,u_d289e46e7c44,"Công ty lừa đảo. Ghi phí 0.045%, nhưng nó tính 0.5%"
41d1a711-69f5-4bc8-8d65-588c2235e94e,5,2025-03-22,8,u_e30ac7c3978f,"quá tuyệt,ý nghĩa,....."
240a30b7-2a03-4b73-8d90-0a317f35f2e5,5,2025-03-20,14,u_a298de930516,100 điểm. Siêu mượt đặt lệnh cx dễ vs giao diện siêu thân thiện ♡♡♡♡
6785c667-f9b8-4db2-8a0c-e2387b4b957f,5,2025-03-17,8,u_d7ec4fa7da4d,tuyệt vời
a3dab0ec-6881-4299-93c1-c06f68cd0532,1,2025-03-16,16,u_c633c89e6191,Ko đăng nhập bằng apple id đc cứu
b562cc36-c2f2-4f96-823a-2be2e0f9f253,5,2025-03-14,0,u_6da10d79c481,Ngon xịn
4c710133-84ec-4d15-b8b0-91bbff1494af,1,2025-03-13,30,u_252884dee87c,"Lời ko cho rút, phải lỗ thì mới rút đc tiền"
8f1b7bba-c928-4905-a4ae-f5742f3bcf8a,5,2025-03-11,10,u_de42216ac65a,Quá tốt
f7131526-49ab-4e81-97fe-e3cf9c54d82c,1,2025-03-10,2,u_be8515ccf662,App như j ko à
46ffd60a-1726-42df-927d-afa437c8a48c,5,2025-03-04,13,u_df07bf0d24b4,chưa có kết quả cứ cho 5 sao đại
478d615d-3514-4559-b18f-458907835f59,4,2025-03-03,0,u_f3b2dcfecb6e,Nạp tiền.
b94081a8-801d-43a5-9060-de8b9b719e04,5,2025-02-28,13,u_f85d61f4b471,okok
c91cd933-68d4-43a3-a189-3d40608611c8,1,2025-02-27,0,u_bc7b5169861e,App như qq ngt kiu chụp r hk cho đạng nhập lừa đảo hã j mọe App lozz
ce46e257-88eb-4197-9bd0-974c2229a6d4,5,2025-02-23,7,u_2b3e8c984774,Muốn trải nghiệm. Đăng ký không thành công do máy xác thực ảnh không chất lượng
31d880c6-bb99-4d5e-8ec5-78a9abbfac7b,5,2025-02-21,14,u_fdaadc322bff,"Nhanh, đơn giản"
edd22dd3-e7ba-4c5b-b3a3-00bc8ed1904b,5,2025-02-19,0,u_e61d5ec9fdbb,Cũng okay ạ
d55ab644-0548-464e-9040-a38ca8f97607,1,2025-02-18,2,u_fa7f45667c10,đc 100k thật ko a.e
38b69f02-a5a5-4514-9f31-c5fafd5814d3,5,2025-02-16,11,u_91710598380b,Tiện lợi
2c1b049d-cefe-4d47-ad25-5d95709f85ff,5,2025-02-14,0,u_37e4c2a28272,Gần tuần nay sao tôi giao dịch cổ phiếu không được
d4b824d0-8f30-4b8f-88f3-886bab6583f6,5,2025-02-13,8,u_46df4db951cc,hay
4bb7152d-7259-44d4-8d78-4e609ad6ee1f,5,2025-02-10,14,u_817ce2bd4df7,Nhận thưởng
e2c34d16-98b6-4cb7-8f66-e20482bb174b,5,2025-02-08,0,u_2904413df16c,Entrade x đơn giản đầu tư cho người Việt
1e61d807-c448-492f-8eb8-4a79744a8dd1,5,2025-02-07,0,u_ada10b816469,Ok
52c41294-daae-4c55-9d4b-d51706e08c4b,5,2025-02-05,0,u_b18b64964ef0,"Không hiểu sao điện thoại của tôi (Xiaomi 12 Pro) không nhận đc thông báo mặc dù đã bật tất cả thông báo từ ứng dụng, từ cài đặt trên app, xóa app đi cài lại, update bản mới nhất cũng vậy. Mong Ad tìm và sửa lỗi dùm, Tks!"
11c06ad9-7275-4e12-9fe3-65db51780011,5,2025-02-04,8,u_1054502a9c7e,tuyệt vời 👍
8b604d3d-1098-448a-b9b9-9d97c2c62522,5,2025-01-29,9,u_9c6edc5cb14d,đang trải nghiệm
4f2c6c3b-5f1f-4998-8ede-158e7b3ee396,3,2025-01-28,0,u_a2a03a963cad,Rắt tốt
940c13ed-22e5-4a82-b294-f54f23c5844e,1,2025-01-27,20,u_0d54d2191c79,Giam tiền nạp thì lẹ bán cổ phiếu ra tiền thì k cho rút muốn rút phải ứng tiền phí cực chát.
4ee713cd-fe00-4b14-b943-31b60ba2635c,5,2025-01-26,8,u_15852bb811b0,tốt
b288d893-f45a-481a-b5ca-6068da71d10d,5,2025-01-25,0,u_3fea85e184cc,Tốt
683137cf-b7b8-472c-a919-6b2f3f7e4ee1,1,2025-01-24,19,u_3be5f5d7c4c8,"100k đâu sao ko thấy , lừa đảo à"
2513906a-6ced-4f43-b610-60651a896af4,1,2025-01-23,17,u_aa5542fc869b,Này thì đóng tài khoản mất phí 100k. Lần đầu tiên t nghe có 1 ctck đóng tài khoản mất 100k. Mà giữ tk để cập nhật thông tin thì không được. Chốt 1 sao
cc97b726-e9d5-4bda-9328-47db406180ff,5,2025-01-22,0,u_4c91145ba1d6,Ok
4dcf7e2e-33be-4b7f-8a5c-27edfbf333ee,1,2025-01-22,6,u_b0493a2ab00e,Kh đăng ký đc
96ec94b1-da9d-401a-ab54-63a2ff2c1ba4,3,2025-01-22,13,u_920f07be8d80,Sao lợi nhuận trên app và trên ứng dụng của zalopay lại chênh lệch nhau nhiều vậy add.trên app bao giờ cũng ít hơn là sao
2cc220ae-d597-4bad-b3d5-69c91854256a,5,2025-01-22,4,u_c6e147642f2d,rát hài long
c3761895-3abb-462b-90ed-55f0cfab1994,1,2025-01-22,7,u_8cffeb8ab250,người mới vô chứng khoán thấy phái OK rồi nhỉ
03fed210-eeed-4526-89a7-692180e24df2,1,2025-01-14,10,u_9b7113d7db76,"Sao không có tính năng Cảnh báo giá, alarm price vậy sốp ơi. thiếu mỗi cái đó nữa là bá chủ VN luôn rồi... :(("
6ea1083a-16f0-416b-86c3-a92e1300258c,5,2025-01-12,8,u_86ff0def0977,Tốt
abbc8dae-eaf0-4e06-a33c-631708d7968f,5,2025-01-08,3,u_bccd5cf20532,good app
cd93054c-a6ee-43fc-9dc9-7cfe1da492fc,5,2025-01-08,2,u_7baaedcc79a6,tuyêyj
965a0206-2a61-46c6-be34-7b72f4559b30,5,2024-12-31,5,u_4f43e914e9ee,"sàn chất lượng ,làm việc trực tiếp với sàn thứ cấp"
5db93fad-9873-4582-b415-4ab2cbdda248,5,2024-12-30,3,u_28b2f856f6a4,tốt
c24887df-5a08-4748-bbe7-90ffb0a3599a,3,2024-12-30,0,u_b709f14595f9,Tạm
67f58cbf-d384-4fef-a648-812cc8299a1d,5,2024-12-27,3,u_1bcbb1546425,tốt 👍
77decb4d-8f5d-40dc-9202-f8fa6f379c2d,5,2024-12-26,4,u_b9a1b56c5be6,Im ol á
658a04b9-026e-457e-a8cc-0714a881deed,1,2024-12-25,0,u_090cdfbe2c3c,lùa đảo tải đường linh của học viện bò và gấu rồi mà ko được tăng 200k
69a63aa8-5750-43c3-a6a3-be6e40246928,5,2024-12-23,6,u_0aa9a3fb8779,Tốt
f289ba9a-f103-435a-944f-2a8f696a7bbb,5,2024-12-23,5,u_e3a36438ab24,Ok
de3cfde2-cf25-47e8-b695-10f199bd6f62,5,2024-12-23,2,u_7e7c0a2bc647,Ok
d3a9f078-3074-4f57-a45e-ce34551f3fe7,4,2024-12-21,18,u_f5e62e1df27d,tiền bán cổ phiếu về chậm quá.
a824787d-4e84-48ec-8f2d-e14e6fc167c2,5,2024-12-18,4,u_f13a770c6910,hay
e257e351-ec45-4435-808b-d66ef6c5c9ed,5,2024-12-13,3,u_2533ff5aeb7c,good
d797af50-3a7a-4a56-829a-9fd29da437d9,5,2024-12-12,3,u_b8e8f11b8878,hài lòng
d9b4f720-7121-4589-b9d3-66dc018b3e3d,5,2024-12-11,5,u_9d3c37587f7b,lãi quá nên cho 5s :)))
24bec06f-9a6c-47b6-9c90-e70f372aa4f1,5,2024-12-10,5,u_b606f5ba4e9b,OK
f54fd5ec-b586-417b-b399-e86edbc54ffb,5,2024-12-08,4,u_51fa7146f3cb,ok
2b0d0494-a065-4836-9403-8be674f52fea,3,2024-12-08,4,u_d13ce1eb75fe,Nâng cấp lâu vậy ad mấy hôm k đặt lệnh đc r
7f01cd28-0c61-4013-b459-a5c46fa71268,3,2024-12-07,5,u_0c9a34abb6f9,Nạp dễ rút khó
671c9943-1950-4458-8fd0-bbd3351f4e6d,1,2024-12-05,26,u_79e640fbafc4,App Như ConCC. Quay vòng vòng.
ec989168-6c96-43ca-8bdf-87a09dd93b35,5,2024-12-03,5,u_f5c3f150b8ff,tuyệt vời
be8f3adf-6ba9-42ab-8058-a40b4e0e80d1,5,2024-12-03,2,u_6942567caacb,hay lắm
db83ffe0-5629-423d-9ea6-004c0ea76714,5,2024-12-03,2,u_55404f20ed72,thấy ok
04ad596e-692d-4de2-b48b-7ba1a4430790,5,2024-12-02,7,u_d88e0976b79d,Tải ủng hộ Bò Gấu. Hiện tại chỉ mua CP trong nước bằng Anfin. Sau này dư hơn sẽ thử sàn ngoại.
cd016e50-c63a-47ff-a39c-886e88f2bead,5,2024-12-02,3,u_75bd3eb9f80e,ko biết dùng
f758a26b-166d-43ca-8e96-9d981e71c137,1,2024-12-02,7,u_13e773940e62,app lol
8db11035-cdfb-42b9-bc35-b16128b215a8,5,2024-12-02,1,u_a6e23e04cda9,tuyệt vời
ffaf032c-1899-4e37-bf0a-7f80b039eded,5,2024-12-01,8,u_7bfe4af69ce8,"Chưa biết như thế nào, nhưng cũng cho năm sao"
0d9b4d32-546a-4905-8019-74f9bb1dc41b,5,2024-11-30,7,u_b31be29c07cc,app ok uy tinh
fc519e2d-a17d-4b1f-9afd-061a262f24a0,5,2024-11-30,5,u_aeac9cc429c5,ok
d817d941-31fd-4128-b09a-51692708f87b,5,2024-11-29,4,u_c8218a39e906,👍
def9cb1b-b505-4091-a0d7-d9a0e234f52a,5,2024-11-28,0,u_4438fb58212a,ok lam
7b39520c-b797-43b6-b90d-00a5dd621798,4,2024-11-28,3,u_411096f179e5,OK
d08ca46f-0ecb-47e3-b245-27fe87704cc4,5,2024-11-27,3,u_645f80915675,"mặc kệ sống gió, đối mặc , vươn lên,nỗ lực rồi bức phá...! cứ thử xem sao!"
9101695c-c4a5-4e16-b861-aa3f2d3a9799,5,2024-11-27,4,u_36a31f82fd34,Từ chứng khoán bên zalopay mới biết bên cty chứng khoán này.
a11ff4d3-9a3a-4a9d-8b40-cc738872e38c,5,2024-11-26,6,u_c1deb7a9b343,"Rất tuyệt vời,dự đoán chính xác đến 70-80%. Trước lo sợ việc đầu tư thua lỗ,giờ đầu tư tự tin hơn hẳn."
18cf4b8d-a106-4c46-99ef-84a26721984c,5,2024-11-25,0,u_3528c6cf75cc,tốt
5089eb2f-c67d-4f8f-923a-fd9c2e1d34cc,5,2024-11-24,4,u_e369864d19ed,hay
6fd2b1a5-472e-4704-892e-c404ebe881ac,5,2024-11-24,4,u_20a7e81e1648,ứng dụng này quá tuyệt vời
d948e81f-4007-4f86-bd93-a6400882878d,5,2024-11-24,4,u_f50a9e957094,rất tốt
17add050-3e9d-46de-8bb1-3d8acc651fde,5,2024-11-21,10,u_fdc87b30f323,tốt
2d759ce9-df44-4c3d-8647-8a3f181cbd4b,5,2024-11-21,2,u_f92e886256e1,ok dg trãi nghiệm
44684f21-5287-4696-b335-ce3f74cb448f,5,2024-11-20,11,u_dc9c05eec3cc,OK
96a367ce-cb2a-4b21-9284-451dd78c9876,4,2024-11-20,2,u_a73ad6a7ebf6,Ok
9318eb6b-e2be-44e1-ab66-0132160cdfbb,1,2024-11-19,0,u_83471cf97d22,Lò . lừa
7fe7d9ba-c79b-4041-9e32-f14c796baf8c,5,2024-11-19,2,u_d4f0a36134f1,rất tốt
9acdc98d-a10e-4c93-af40-bd6d310c0fa9,5,2024-11-19,1,u_7a1ca704dbd6,ok thu đi mn
c7381aea-2947-4c6f-ac8e-c19356113692,5,2024-11-18,1,u_af41394a1ad8,cảm ơn
60d0f45a-5832-4a3a-9c46-aeccf9f790d9,5,2024-11-18,3,u_e68cdb8c8d52,ok
fe47b95d-eeec-4000-9ffb-9b6d2943fe58,5,2024-11-17,0,u_91ec76ece964,Tôi cam thây chiêc đt thông minh.sang tao thiêt kê gon .chưa đây y nghia trong cuôc sông.trai nghiêm ngươi chân thât .câm chăc .tư lưc cach xinh baõ vê ban thân .hiêu y nghia hy sinh thi mơi xưng đang.vơi nươc Nhà.1 nguoi hy gia đinh .khoi bi khinh miêt
0b218a8d-7c35-4722-9ed2-fcafeac572b1,5,2024-11-17,2,u_c6ad8147de8d,gooodm nxxmxm
0469b2b1-0c53-404e-a0a8-35596e519717,5,2024-11-16,0,u_c8779c7f1ff9,Xem bò và gấu với biết tới ứng dụng
281e9cae-5862-42db-8758-cd4eef54b237,5,2024-11-16,0,u_8e5b89bb8bd4,Ok
b551b560-2988-477d-87ca-3683d1fdb9ab,5,2024-11-16,2,u_fea4b5ceffa8,Ok
578a7c95-d6d7-4e8e-a22f-76236f6e4345,5,2024-11-16,8,u_f316e52c4260,"VR360 xem phòng rõ nét, như ở đó"
9f7aa892-31dc-4653-91f3-b1e8ccf01624,5,2024-11-15,3,u_6efdb9030184,tốt
8359e797-fe3f-412f-aa70-32b754b87485,5,2024-11-14,5,u_14b8f4db6140,đầu tu ooke
126172e9-1d7b-417a-8f34-4cfb2751c1a7,5,2024-11-13,0,u_c186a9db5707,Ok 1000.*****
01f4afbb-5898-4983-a006-fb51cd72ffeb,5,2024-11-13,1,u_f71b4705ff03,gửi yêu thương
db363c4e-f099-4a91-9769-667206a8c9d7,5,2024-11-13,1,u_d40887b24c70,Tot
d0379847-6e55-4305-b5fc-892f2b7a902f,1,2024-11-13,10,u_a4860b1cf5c9,App nhu cc ghi so dien thoai ra roi no cu bat vao dang nhap lau vai cak bao no gui otp thi no deo gui
a018878c-15e2-4c45-92e4-41f6f926d70c,5,2024-11-13,24,u_d8b60aec4c41,"mình đã quá chán nản khuyến nghị của các broker ít kinh nghiệm thì tìm thấy dnse, khuyến nghị của app khá ok với nhà đầu tư nhỏ lẻ, ít kinh nghiệm như mình. trong lúc thị trường giảm mạnh thì các khuyến nghị của app giữ được giá, phục hồi nhanh, cơ hội mới mỗi ngày, còn liên kết được với trading view và tặng 200k khi mở mới tài khoản. nạp rút tiền cũng nhanh, sản phẩm đa dạng, bò và gấu dễ thương. Sẽ giới thiệu bạn bè giao dịch tại đây!!"
1171d97c-fdd5-4355-b553-2ae8f063fba1,5,2024-11-13,2,u_dbf460b96854,tỏt
1c3890be-e2e6-4711-9990-77fa6e80de39,5,2024-11-13,1,u_d09a02130e03,ok
c80915a4-cb75-4067-bc73-71d8cf1242f2,5,2024-11-12,6,u_78926258f2b1,Hay
f0939fd4-4975-4eaa-a3b0-1aaf4e4be4ce,5,2024-11-11,2,u_6cfb7c63b35a,rất hay
3cff2bb5-3ab6-4b06-88de-ee0e963bf5d7,5,2024-11-11,2,u_115672659ff8,ổn
d15178ae-5201-480e-87cf-3fefd85c5db8,5,2024-11-11,2,u_652b9cbfa8d0,Good
9449f262-b118-462b-8915-4d343896574c,5,2024-11-10,4,u_bb4de64f105c,5 sao
48ce2006-3da5-4419-9cd4-5401f1e5c53c,5,2024-11-09,2,u_b89e706a3fbb,tốt
540fc97d-105c-4e6c-8f45-19b2e92f007b,5,2024-11-09,3,u_345bee7eb74c,okok
aea87234-2f5f-4167-9479-ec90a76d2fd9,5,2024-11-09,0,u_a2cbd3ed0dc3,đg tìm hiểu
ccb4753d-fbf3-47d3-80a7-91f1808ad012,5,2024-11-08,1,u_ecd90e3c41e4,OK đấy
3d3acc4b-0637-426c-bc89-420b65bae7eb,5,2024-11-07,2,u_8bfab635487b,tốt
070dc49e-c3c2-4024-9324-90359b23b7db,5,2024-11-07,4,u_f8bac477ff14,ok
b49eaf16-1f15-413d-9add-588a9160ed9c,5,2024-11-06,11,u_f408008d633e,đợi duyệt hơi lâu nhưng cảm thấy hợp với mình
7d925e79-b4fc-476a-95a5-05356518d6c3,5,2024-11-06,5,u_b8cd388b8780,10diem
d39117a6-dcc7-4cfa-8d2e-28afb3e6a67b,5,2024-11-04,11,u_4328263ba849,Mong admin nâng cấp phần mềm lên nữa nhé và nâng cấp thêm nhiều ngân hàng để liên kết với sàn giao dịch nữa nhé cảm ơn mong nhận được đề xuất này sớm nhất có thể cảm ơn
83df5e26-5be3-43d6-a8b2-5d8d52413eac,5,2024-11-04,4,u_31c0706bf34a,tot
4706ce04-a389-4118-b70e-97425659ab1c,5,2024-11-03,3,u_ca2efb005cd0,tuyệt vời
8042f1ab-13f1-4b7c-9dbe-e534cd89bde8,5,2024-11-02,0,u_0a711cb108a4,app mới hót hót
cc5155c7-b357-4cc3-9246-18ef586c9c2e,5,2024-11-02,3,u_c0d67cdf8837,rất thú vị
bdf8e092-c53b-4b87-9daa-a0d7e6edca6f,5,2024-11-02,4,u_e203e936f90b,ok
4422b70e-b906-44a2-9952-8cf8e173f8fb,1,2024-11-01,17,u_bdd79614e276,Lại chiêu trò lừa nhà giao dịch mấy trò này xưa rồi chả có nhận đc tiền thưởng gì hết đâu
9d672047-5e25-43d7-b1be-66d3fdee7cad,5,2024-10-31,0,u_b7a7a6c5e655,App rất hay và hữu ích cho người dùng
161e8465-7939-4870-9e8d-2308bc43fc19,3,2024-10-31,1,u_81845fd8828f,"Phái sinh có thể nào thiết kế app như VPS không các nhà IT ơi. Giao diện hiện tại hơi khó dùng. Vì khi sd điện thoại thì họ nhìn chart bên máy tính rồi, vì vậy nên tập trung vào thao tác lệnh, sổ lệnh, và lời lỗ, chỉ số vn30, basis. Cảm ơn các bạn"
d2e21af6-5d98-49cc-acd1-7847f4b4441a,5,2024-10-30,3,u_c4b07fcb77da,ok
c4dac264-bf63-437a-85f5-f6ed171f94d0,5,2024-10-30,1,u_4771d6ff6abd,good good good
5d2397bc-7e8c-4318-a669-003dba7b0510,5,2024-10-30,3,u_4281c946a694,Tôi rất thích
eb853cdd-0dcf-4285-9b52-1bbdc8128a92,5,2024-10-30,3,u_12d823734ff0,chưa biết sau xem ntn rút tiền
c952c708-fe06-4c69-a8aa-6a7c6de189b4,5,2024-10-29,6,u_ac7691f48969,thích
dff408b0-09c3-400f-9c33-33adfab2062a,5,2024-10-28,4,u_b1816c0c5e7d,tôi thích nhé
49aab1d4-2aee-418b-bdfc-83d8b4847da1,5,2024-10-27,7,u_8313685d7a3f,hay
b95990bc-e71f-412b-9de7-e068122ef77c,4,2024-10-27,11,u_cd3ae37b92a6,ok
06d4dd1c-e8b0-4be1-b4f6-c29ef8959d26,5,2024-10-25,3,u_51da85105358,hay tốt ok
e719f4db-e8b7-4cf4-8202-13bc675eef7a,5,2024-10-24,0,u_0dedae8ef717,Ngon 😔
023bf17b-2100-4068-8aa1-ecb80b8fa428,5,2024-10-24,2,u_19020fe3f6f9,Hauy
51f5b886-8a07-4c61-a511-f87e174b3a3b,5,2024-10-23,5,u_8ae5b898c585,tốt
8d73e24f-a773-416b-ac2e-62c8318e1294,5,2024-10-22,0,u_bb74c693dea3,Tiến hành kiểm tra và tuyệt vời
b99f4307-bdb7-4a3d-8a3c-770a8588fda0,5,2024-10-21,2,u_352b99292f8c,Bank
90d04351-8b5a-4193-a8e5-43f63409bd1b,4,2024-10-20,0,u_bac997a289b4,cũng đc
f3c7b5cd-7678-4cfd-8829-43b0994b8a2c,5,2024-10-19,1,u_b9ab45c7927e,nhận thưởng
4c580cd1-4a36-41e6-8d08-d2f928683ff9,5,2024-10-19,4,u_8e07b25751f1,TỐT
2dbb945b-643a-4f35-b78c-9e756f4e142c,5,2024-10-19,8,u_b9a1b56c5be6,ok
41a049b3-5f35-4ce7-a827-ea15e9f789e1,4,2024-10-18,0,u_e7133569ea04,ok
2f77ee9d-53f8-4b5f-bcd8-a7a4a82a4b96,5,2024-10-16,10,u_346ae716943e,Học Viện Bò Và Gấu :))
26af88e0-2378-40a1-926c-4b49c2d5d6e5,5,2024-10-15,0,u_f93b49a1f299,Nhin day yeu ngay cai nhin đau tien
5d32b1b6-837d-4788-ab41-994425a142c1,5,2024-10-14,3,u_ae30fe900b57,ok
3c6f4f30-243a-4426-a57b-2c464f5c5641,5,2024-10-14,0,u_5e100cfb8f5f,good
10f974fe-7271-4649-baa1-6bc2a3e31662,5,2024-10-12,19,u_92e243f52fe9,có rút được tiền ko mọi người
b869abf6-45a9-42f1-bbc6-1c4690089f00,5,2024-10-12,4,u_cb0475c658f4,Duyệt hơi lâu
0a1994b4-d092-4610-ba43-10f74848a523,5,2024-10-11,6,u_ed83df5f8211,ok
b1d0a736-1e6f-490a-8bf8-a3fef3ca6d9d,5,2024-10-11,0,u_2c9d2e22bdfa,app hay
67c0ec4b-c613-4885-985a-a4b3bdba2c1f,5,2024-10-09,5,u_2f79246c64a0,"khá ổn, sửa lại lỗi hiển thị số cổ phiếu phần nghìn thiếu 1 số 0"
fd8d293f-5cca-4043-aa90-28edfc51d7f2,5,2024-10-06,0,u_65421fd915bf,App hơi bị xịn
47c49257-a2af-418e-837c-af276f18b876,5,2024-10-05,5,u_8b684c387a8e,ok
08c15d6b-aabf-47fc-8c27-d9f812ab37a2,5,2024-10-01,0,u_e33f6b313c6f,sao đăng ký tài khoản mà hk nhận đc 50
3a1290e7-fc4a-4fee-bdad-4cbbe95ddeb2,5,2024-10-01,2,u_01f03b784c56,quá OK luôn
b872adf5-88ff-4e89-a5ff-d298402d315e,1,2024-10-01,0,u_2c9d2e22bdfa,Ok
c2a93105-0d14-443f-95ce-26efb2859449,5,2024-09-30,4,u_5a1b81dc2f7f,tuyệt
6a5ee385-d31e-446b-b921-af0bea138a77,4,2024-09-29,10,u_72ae0cbd287f,ngon
b03f648b-c11a-41e6-b035-aa4b225dbc27,5,2024-09-28,6,u_f08a6835302c,okay thanks
a72d6fa0-e0d6-4836-92b3-5824d713c580,5,2024-09-28,8,u_3f039f7c53dd,ok
48ce99a1-8b81-46f9-a914-aaef0c1353f9,5,2024-09-26,5,u_bbb164c8e81d,Cái app này nó đỉnh à nhen
ceb73dee-49dc-45ee-8b11-79f92b73275d,5,2024-09-24,0,u_aa70be245d6e,trai ngiem qua ik
417452e4-2252-49e9-ad97-91ba4e13fe92,5,2024-09-19,3,u_2bb7c3abf117,ok nhe
f380be7c-fc6f-4102-8fae-caa53dd014c2,5,2024-09-19,0,u_eb570b173c65,Quá hay
74c3d3de-069a-4968-a36b-ac7682df7486,5,2024-09-18,2,u_00d71381a7d6,"app dùng oke hơn SmartOne, để trải nghiệm thêm xem sao"
7ab5733f-ab5a-4170-936b-0f8b03c282a9,5,2024-09-17,2,u_f20653b1f5da,quâ là xin luôn
2b164383-ef63-4eac-85ec-382bc1827807,5,2024-09-17,1,u_2301be1b63f2,tuyệt vời 👍
6f296bee-6586-4867-9cd7-7669e98c229b,1,2024-09-15,12,u_e8227c194de4,"Tai xong không có 200 k như QC quay lại đánh giá tiếp.cho1 sao là đúng rồi,ko gửi mà OTP lấy gì đang nhập"
c5b77a44-e912-4c69-9258-80c0e0e4a06e,5,2024-09-12,2,u_aafcf7e278c0,Rất tốt
f34c08a8-14ff-47fb-ac13-cc8a7c4a8a45,4,2024-09-12,6,u_600591a41de3,tốt
7e1851ae-5eca-4d2e-9658-5c0754432e07,1,2024-09-04,6,u_2b5de87274ac,không đặt lệnh đc là sao nữa?
667870ac-71ce-4c95-8d46-ac83ae6d9f33,5,2024-09-04,3,u_74f57d02029b,tôi rất thích ứng dụng tốt
0627f430-ffc0-4506-9c17-882c2e7f856c,5,2024-09-01,3,u_a2d8a8cd333b,hay qua😏😘
d29341f4-499c-49ea-8ad1-ac7a102d73b0,4,2024-09-01,5,u_b5d80eab52e7,Khá tốt cảm ơn n
7f4c4c4f-1147-49d5-804b-7e70229f023a,1,2024-08-30,1,u_3864ac155a1f,Tui ko tải được sakuraaaaaaaaaaaaa😭
0c3f3277-71dc-42ea-9c93-03975ab2fbd6,5,2024-08-27,3,u_0251d66a0df3,Hay
315ad732-f203-4eb7-a736-08f5c1815efd,5,2024-08-27,4,u_bbfef13659c7,Tron doi chung toi chung rop sic ray duonh hoan binh doc lap hp. Chi la the nhung viet nam toan ak. Hihi chao
e74d3efa-f612-463a-a082-079696090d25,1,2024-08-25,7,u_3040b26b8b36,Chán thật đi uống nước muốn rút tiền mà cứ lỗi
69ccb65d-4976-4184-826d-069b63e3b77d,5,2024-08-24,2,u_bc13912fb07e,app rõ ràng . thân thiện . nhiều tính năng hay dành cho nhà đầu tư không cần biết nhiều về kỹ thuật
c6d38ac5-f7c2-4d8b-8e83-aa33c1c0a1fb,4,2024-08-23,3,u_b0b3965ad173,"phần mềm mượt và ưu việt, deal độc lập dễ quản lý. Điểm trừ duy nhất vẫn còn nhớ đó là giữa năm 2023 bị 2 cụ sập lớn app bị đơ k bán được"
55f904ff-ef29-4875-b893-4d3e259a369e,5,2024-08-19,5,u_a07be7e52c91,xem bò và gấu tải thử xem sao 🐮& 🐻
7d3d27aa-f921-4007-8fa3-9997e0d56a63,5,2024-08-17,0,u_924c4b9a6cf8,Good
1390297f-981d-449a-b86b-5d152062efae,5,2024-08-17,7,u_c8ca065d5895,"Đã cải thiện phần watch list như phản hồi trước đó, rất tích cực lắng nghe ý kiến nên đánh giá lại cho 5 sao mong quý công ty tiếp tục phát huy làm app ngày một hiện đại nhiều tính năng và thân thiện hơn"
ac70ca5d-e195-4947-a9f2-f584fafbf317,5,2024-08-09,2,u_3d5472efe64b,"Good app, vào ( W E B ) VAY9 . C0M lấy 9tr"
f95e155b-791c-4b0c-a390-f4ab693d23bd,1,2024-08-07,18,u_c5938326210d,"Từ ngày 6 đến nay chart, thông tin ....đều bị đơ mà không có bất kỳ thông nào. Cái duy nhất còn hiển thị là phần tin tức. Liên quan đến tiền mà Ad chơi vậy thì chết NDT rồi"
13a2c5ca-c5ef-4e6b-81b9-7f44387eb503,5,2024-08-05,1,u_d22c126f2504,Ok
449c7331-a9f0-49a1-a623-4fa48d7208c1,5,2024-08-02,0,u_0791023e03d3,"Ngon app, may mà vô VAY9 . C0M kiếm đc 9tr"
ff00deda-2e29-4be2-8c3b-f9baf08caee8,5,2024-08-02,4,u_b8586226c69b,"Good app, vào ( W E B ) VAY9 . C0M lấy 9tr"
3b309738-5c5a-42ce-8768-290efe7b1bcb,5,2024-08-01,4,u_9bd170caf1fb,Giao diện trực quan hiện đại dễ sử dụng và quản lý
0f9ef748-18d0-431b-ad0f-17310fb66302,5,2024-07-31,0,u_5d618edc130e,"Phí giao dịch rất rẻ, thủ tục đăng kí onl 100%, giao diện dễ sử dụng."
8648faef-ae02-4d4b-8ca7-2270865298f7,5,2024-07-29,4,u_f27c61d52b11,"Good app, vào (W E B) VAY9 . C0M lấy 5tr ne"
ca6f4bba-188f-4a2f-9579-e5651bf6077e,5,2024-07-29,0,u_bc9d78dd87c0,"Good app, nếu vay gõ Vay9. C0M vay ok lắm nè"
1567d915-8c63-4870-92e0-134c05ba0c4e,5,2024-07-29,3,u_c029e7c6fa9a,Vô trang VAY9 . C0M vay Ok tới 9 triệu
35fd2b64-aa13-4274-a8d5-8656779b8bed,5,2024-07-28,0,u_b8586226c69b,"Good app, vào (W E B) VAY9 . C0M lấy 9tr nhanh"
08051f71-241c-4ffd-9935-0cb18bed4963,5,2024-07-27,4,u_98fbf6171071,Ứng dụng có giao diện mở dễ tiếp cận! Yếu điểm nhỏ là thông tin doanh nghiệp senses vị trí khó tìm!
268d15ff-d240-4b72-b5f1-3c50a4a9d464,5,2024-07-22,5,u_271eafb9ef72,Cũng được
4dd16f6f-f90a-42e0-9642-441d9cbe35e5,5,2024-07-15,7,u_a3a5ab0f41b7,App Zalo feeakookcom YouTube 297
e57bb7bf-631b-4784-b923-3425baa551f6,1,2024-07-11,0,u_73e0fb20287f,"tôi đăng kí mới thì báo tài khoản đã tồn tại, đăng nhập thì báo thông tin không hợp lệ, làm lại mật khẩu thì được, xong nhập lại vẫn không hợp lệ. nhắn tin bên zalo hỏi nhân viên thì bảo không tìm thấy tài khoản trên hệ thống. đăng kí thì báo tại khoản đã tồn tại, còn chụp ảnh gửi cho nhân viên xong nhân viên bảo lỗi bên kĩ thuật, mà mãi thấy báo gì chán DNSE quá"
3281e5bd-e628-4696-b882-0cfe9f49f66a,5,2024-07-10,8,u_705bd47ebcf5,5 sao
24fd9224-3781-4f93-ad79-36305f9ececb,5,2024-07-03,8,u_2303a9a0f123,Dùng SSI phí với thuế cắt cổ nên quá Dnse cho rẻ
437c522b-1206-4049-9366-1aa612a45c19,5,2024-06-24,6,u_f00e2c9f1375,Good
3aefc290-ed4f-4b30-8a88-2d730c2ca1eb,2,2024-06-23,3,u_a56852e9fc9f,X1000 tài khoản lun
e48889b1-cd01-4569-a7b7-92777be6ab3f,5,2024-06-20,1,u_908b5c323a83,Good
ad150f6f-968a-4b31-879b-fa339ca8232b,5,2024-06-19,3,u_d3902a8368d9,Rất ok....
5ba0b110-e708-4444-9526-7ed828048941,5,2024-06-12,6,u_ca36f59f919f,APP dùng mượt. Giao diện thân thiện.
78d829c2-30a9-4831-b32a-9c07c255336d,5,2024-06-12,6,u_0b99f7c32ed5,Góp ý cho entrade x trong tương mong có thể thay đổi giao diện để có chất riêng và thêm hướng dẫn để cả những newbie có thể hiểu và sử dụng entrade x thêm được cả phần tin tức để tiện xem tình hình thì càng tốt
005d9e23-c04d-479f-a634-120839ec7f21,5,2024-06-08,0,u_459b259ffe6f,5sao mở tk dc 2 lốp
263e90e5-82ca-48fb-a2b9-6dc63fbf3e7a,1,2024-06-06,0,u_faebe9d7e4c3,Chụp nét vậy mà cũng đòi xác nhận lại toàn lùa gà dụ đky tài khoản
4ae0a3b9-6345-48ef-a7e8-5c67be46d37b,5,2024-05-23,6,u_e59cfd9d377f,Ok tốt
d45b1fe9-0dc0-4028-a125-52106c496623,5,2024-05-20,0,u_87cf6982a4a2,Kha ok
5ba8be90-1c8b-4638-9ad9-eadef8629257,5,2024-05-10,5,u_3db880790ea0,Tốt
a677b501-f55d-4a30-adcc-7b33c3285929,5,2024-05-10,0,u_b9f1bd73487c,hay
9d0f25ad-bb41-41c1-b09d-524164e078a5,1,2024-04-28,46,u_44e05c9a5faa,Tao muốn xóa hợp đồng vĩnh viễn
a55cd6d4-58f8-4112-ad04-d518c03bda16,4,2024-04-07,4,u_70754784eac3,Giao diện khá ok
0dade9bc-e749-43e2-a6a0-d1a8f54d6e33,1,2024-04-05,0,u_9eb3d436dfc9,Ổn ( ổn lòi l*n
a5e6b4ed-d1cf-4342-91bc-09b387be3cb5,5,2024-04-02,1,u_b728e602db02,😊
8f2d36ff-39cd-457b-aee6-105ce1cd072c,1,2024-03-28,15,u_42745881ecc7,Ứng dụng quá tệ đạt lệnh treo lừa đảo
a71d93d8-b67d-4f76-a530-d8a93d2e3a8b,5,2024-03-27,9,u_641d87ccd27f,"Mình sinh viên đăng ký giao dịch qua Zalopay nên có trải nghiệm tốt hơn. Nạp/rút rất nhanh. Giao diện rất đẹp, dễ nhìn hơn các app khác. Bạn nào chưa có mã giới thiệu thì nhập mã của mình nha: 189400. Tks mọi người 🌷🥰"
05a204e1-c683-483b-a447-e6de1b1c9d95,5,2024-03-25,0,u_50fe3ccec22c,"Giao dịch rất tốt, giao diện hiện đại, chuyên nghiệp"
a71f6d50-52b9-45ce-b725-a17cf30e23ec,5,2024-03-17,5,u_f58a0d553dd6,Hay
0ca50503-76c1-41ef-9b51-e492228d6ecc,1,2024-03-14,5,u_4336076def64,Quá tệ
7a6595de-5873-480b-a22b-5e7ce685341a,1,2024-03-13,8,u_3a78ac3e6819,"Từ app đến sp quá vớ vẩn , nạp thì nhanh rút thì k mãi k được đi lệnh cũng cũng chán chê k được phí tiền"
4e358556-e8cc-4e96-b381-a48932b4a3b1,1,2024-03-06,13,u_699ee7d1263c,"App gì mà mua bán k đc, đặt lệnh cứ đơ ra , mn k nên dùng"
8edf7ba8-ee8a-4bb8-9874-da4998c3bc95,4,2024-03-03,6,u_2423f983ea98,"Fix lại giá giao dịch vd: 100.000 thì ghi có 100,00. Thiêua mất số 0. Ví dụ: 7000 thì ghi có 7,00. Thiếu số 0 cứ tuởng 700."
92582081-6c2e-42a7-b3d1-2e4b194badc7,1,2024-03-02,1,u_79a9b2cc43ec,Vay 0% với giảm 500k phí vô Vay5 . C0M nha cả nhà
db910177-7817-497c-a823-3864207020ec,3,2024-02-22,1,u_61cab9500105,Ap gì mà tệ quá . Phải chia ra từng phần cho dễ dùng . nhìn ap ssi pro mà học . quá chán cty
491a0e6e-e7d4-40ce-9c63-401e21a4824c,1,2024-02-20,9,u_40fe007ef141,"App ma quỷ, gây ảo giác, sử dụng app này sẽ cháy sạch tài khoản, giao diện thôi miên làm rối loạn não khách hàng, lừa đảo deal ko trả nợ mà vay là cứ treo khoản vay hoài! Và nhiều cái khác...!!!"
db736a7a-c8d3-416b-b4ef-2b0ae75dcdcc,4,2024-02-09,5,u_d5eefaf0093e,"Giao diện quá kém thân thiện cho F0 ,cái biểu đồ thì nhỏ xíu trong cả tí nút ko biết bấm vào cái nào mong nhà phát triển thêm chế độ tối giản hóa giống các app khác và rất tiếc khi cái trang web vay nào kia lại tấn công app bằng mấy cái bài đánh giá khốn khiếp đó mong web đó có thể sập càng sớm càng tốt và mong app phát triển 🎉"
eb0cf8c1-4c54-4215-b6f5-84e8f14f66fa,1,2024-02-06,8,u_27f2add71234,"Alo ban oi Tính giá để hòa vốn khá rõ ràng và chi tiết (tính luôn cả phí, thuế) Có dịch vụ cho vay theo deal khá hay, các công ty khác không có Tuy nhiên, biểu đồ của app khá kém so với các app khác, mong đội ngũ cải thiện!"
b9b98024-490c-41d5-821e-d152899d1fae,1,2024-02-05,0,u_07d916734cd8,Lùa gà
73178ec3-f536-4185-8ade-c8dae336665f,3,2024-01-31,3,u_2b3e8c984774,Giao diện hơi rối mắt cần được tối ưu lại
f42cdf5f-677e-4f68-9c0d-91cbdc1c719b,1,2024-01-31,0,u_faa2f1885891,Okkk
35680804-eff6-46bb-a369-dd6507e50732,4,2024-01-28,3,u_cb3048dc83a7,"Tính giá để hòa vốn khá rõ ràng và chi tiết (tính luôn cả phí, thuế) Có dịch vụ cho vay theo deal khá hay, các công ty khác không có Tuy nhiên, biểu đồ của app khá kém so với các app khác, mong đội ngũ cải thiện!"
de543e52-8f97-45df-843c-c41ca5c84a86,5,2024-01-27,3,u_e5b407c66796,App rất uy tín
c1f50ed7-d75a-4e24-be6c-af2b881f8ba1,5,2024-01-25,0,u_118613c86992,Ok
c3bda30f-f1df-4468-a435-d2eccb407fa6,5,2024-01-16,0,u_f8c5e2fd5bf5,Tốt
bb9eb5a2-305f-4861-8bc3-ac742f587123,5,2024-01-12,4,u_9531cb54984a,"Tuyệt vời, giao dịch trên Zalo cũng link qua được app DNSE"
2642ffbb-f607-4f4e-94d2-a9a2d9eb7815,5,2024-01-05,0,u_d5cd453f209f,Tuyệt vời hữu ích
84f633bc-8eb3-437b-83c8-10677db81470,5,2024-01-05,0,u_1dee82c08f57,Rx ki ZZ X hi bee oh ii hi Ian hH jj RR X es h as the bbbb biihvj see all but th XXX cc cc r
e6b345c7-0e04-4afd-9f6d-06495a82d5d3,5,2024-01-05,2,u_6cf0ce724a2b,Nha dau tu chẩn khoan rat ok
8c42711e-72de-4170-99ed-7bd0b6e14716,3,2023-12-30,2,u_2717ada8145a,Tạm ổn.... Mong đội ngũ phát triển cải thiện sao cho đơn giản và dễ sử dụng hơn
aa27bc8c-c251-429c-ba75-841caa0705ec,5,2023-12-20,0,u_d1691058be59,Ok
fec2609e-cf59-4067-bd10-48e4db4296e3,3,2023-12-19,9,u_62d2da627452,Chưa có tính năng cho di chuyển mã ck lên trên/ xuống dưới trong mục theo dõi.
241dd10c-2566-480e-a56c-eb98cb9285b0,5,2023-12-19,4,u_c64f050bcb00,App giao dịch rất mượt và nhiều ưu đãi
c871ff69-44d9-4ed9-8562-f7dedb32c25d,5,2023-12-11,0,u_8a8364d01a45,Tuyệt vời hữu ích
e464e050-1c0c-4ffc-9393-2a4800c60498,1,2023-12-10,0,u_bfb0138adaf6,Vô trang 𝐕𝐚𝐲𝟗 . 𝐂𝟎𝐌 vay Ok tới 9 triệu tran trong
e6a8b919-e9fa-4978-b8ae-c5462ebc47e2,1,2023-12-05,4,u_ad3dd6dbcc50,Lừa đảo khách hàng
27421dd7-23a9-40a2-85ba-9aa7bc0842af,1,2023-12-03,0,u_bc9d78dd87c0,Vô trang 𝐕𝐚𝐲𝟗 . 𝐂𝟎𝐌 vay Ok tới 9 triệu.
8f7fa6be-5564-412f-8f0b-7611285ecd30,1,2023-12-02,0,u_3fc308793a79,Vào wed là 𝐕𝐚𝐲𝟗 . 𝐂𝟎𝐌 vay Ok tới 9 triệu
c5479ffa-e9ce-46e3-a2d6-270111874462,3,2023-11-28,0,u_8286e9e7a78f,"Phái sinh giao diện khó dùng cả điện thoại lẫn máy tính , hãy tham khảo VPS"
8e659d31-74a0-4bd4-9ff4-4d3eb835c869,1,2023-11-26,0,u_524d564d58ae,Vô trang 𝐕𝐚𝐲𝟗 . 𝐂𝟎𝐌 vay Ok tới 9 triệu ne
a096e5c1-b21d-4a8b-b841-70f4a95bfe5b,1,2023-11-23,0,u_39ac26530a3d,Vô wed 𝐕𝐚𝐲𝟗 . 𝐂𝟎𝐌 vay Ok tới 9 triệu
b141263c-e97a-4748-a30d-851bfb0910f7,1,2023-11-19,8,u_8c8beb3d2de5,"Alo lo, vào VAY9. C0M nhận 9 triệu ngay nhanh"
8dcee679-ef1f-497f-81d7-b8fc62b1eb45,1,2023-11-19,0,u_e30d0718b4b6,Vô trang 𝐕𝐚𝐲𝟗 . 𝐂𝟎𝐌 vay Ok tới 9 triệu ngay
8ec4e5f2-e424-4c9a-ae99-fb0a0bf3a76b,1,2023-11-16,0,u_3a15a5d2d911,Vô wed 𝐕𝐚𝐲𝟗 . 𝐂𝟎𝐌 vay Ok tới 9 triệu
5cbcaaa7-7d31-4e40-aeb3-ecb738ab4a34,2,2023-11-14,3,u_7c4dfef69009,Ví dụ bên Fireart CTD kết thúc 63.4. App này mới 63.1 đợi 15p sau mới cập nhật. Quá chậm cho người chơi theo dõi bán và mua
73ed1cac-0ce2-477c-9f25-6fff61884b27,1,2023-11-08,0,u_62468d884d65,"Vào trang Vay9 . C0M để vay 0 lãi - 0 thẩm định, mình vay rồi"
e1cf8d38-8e3c-464c-8379-b5795b28e7f5,1,2023-11-06,1,u_8dc974cbd302,Kiếm 9 triệu free thì vào VAY9 . C0M
ce108fad-6cd9-4817-84bb-c06fdf136b76,5,2023-10-31,1,u_3c2073d0127b,Thích cách quản lý mã theo tỉ lệ vay chứ không gộp chung lại như bên khác
8004de1a-0c42-45c7-84fe-e9249d510781,5,2023-10-29,1,u_dc6610e37055,Ok
38a622bf-77a4-4741-9a2a-00c9a89f97e7,1,2023-10-28,0,u_30a0d7b6f203,Đừng vay ở đây. Vào Vay9 . C0M mà vay nhe
12c3339c-8489-404d-b070-875bb2ee8ee2,1,2023-10-26,0,u_2e40f42e1743,"Alo lo, vào VAY9. C0M nhận 9 triệu."
77eb82f8-03f6-49bb-8dea-d7c2e6f148e2,1,2023-10-26,0,u_0b7efc3e6a20,"Alo, vào trang VAY9 . C0M nhận 9 triệu"
2f95cdb8-3b74-4920-bf81-da8f4721ed48,1,2023-10-26,0,u_b76ad0e56154,App lag
afe241fe-07cb-4271-8bf0-c911c48d2bb7,1,2023-10-25,5,u_d31ffc46ce36,"Xác thựcc.cmm nó khó, về chơi với cha m đi"
e45bc659-d024-4c1e-bef8-cbe96f240928,5,2023-10-24,2,u_f032850bcd07,App oke
26640add-79f5-4ff8-a072-3f01a36c0abc,5,2023-10-23,1,u_46f8c49cbd6f,"Đừng vay ở đây, vào VAY9 . C0M mà vay, tran trong"
93a69e2d-84aa-4e82-9f68-d6e13058d5a6,1,2023-10-17,0,u_8dc974cbd302,Đừng vay ở đây. Vào Vay9 . C0M mà vay
fa575020-6ade-49ec-8a04-b9242db4ee10,1,2023-10-17,4,u_086bfe1b27fe,"Ko đổi đưocj gmail , ko xoá đc tài khoản 1 sao là đúng rồi"
a35e213d-cf5e-4e83-aa0c-2b73a040d382,4,2023-10-14,3,u_6e669f9db06b,"1. App hỗ trợ chi phí giao dịch, rất tốt. 2. Ở mục Sở hữu sắp xếp không theo thứ tự, rất khó quản trị."
b2ece183-1926-45a4-bd74-9928a35cd447,1,2023-10-12,0,u_5d294966cca8,Đừng vay ở đây. Vào Vay9 . C0M mà vay
e274de65-6e1e-434e-8768-f223bbf041af,1,2023-10-10,2,u_dfa255943069,"Hi - alo, Đừng vay ở đây. Vào Vay9 . C0M mà vay"
71cfcac4-60f3-4681-8179-9d44d03ca596,1,2023-10-10,8,u_618cd0bbb8f5,"Tháng nào cũng lỗi, ảnh hưởng đến giao dich"
16582efe-2190-4445-983f-395adfad14d6,1,2023-10-08,0,u_da4381fa63ed,"Alo bạn - Đừng vay ở đây, vào VAY9 . C0M mà vay"
3807d7cf-15b0-4e0b-88ba-953077849028,1,2023-10-06,3,u_e8e09ea40a7e,"alo, Đừng vay ở đây. Vào Vay9 . C0M mà vay"
0cd44d4a-109f-4b05-b626-eb7ccf36c8c3,4,2023-09-29,8,u_33c61ff98a44,"Đánh giá toàn diện app cơ bản rất tốt, thân thiện, tiện dụng với người dùng. Ưu đãi về giá. Điểm trừ nhất là hôm thị trường rớt là app đơ rất thiệt hại cho nhà đầu tư. App Nâng cấp tốt ko đơ nữa sẽ là lựa chọn số 1 cho các nhà đầu tư."
a423c2c5-814c-43a7-a048-91aaec51b58a,5,2023-09-27,0,u_8dc974cbd302,"Hello, Đừng vay ở đây, vào VAYFE . C0M mà vay"
34a068a4-32c1-4299-bad8-bc9b6972c5d1,1,2023-09-26,0,u_79f8a410a4ba,"Đừng vay ở đây, vào FBVAY . C0M mà vay"
076ba572-85b2-45d7-a000-738e72229647,1,2023-09-22,0,u_e30d0718b4b6,"Đừng vay ở đây, vào VAY9 . C0M mà vay"
927ea429-e1eb-4bfd-a957-0eb785cfd06b,1,2023-09-20,0,u_50cc8ee0cb2b,"Theo dõi thao tác đặt lệnh của ndt rồi đặt kê, tháo lệnh"
6ae7bd34-5ae1-4a1e-9b62-306d3dcbc5f9,1,2023-09-19,0,u_d0da6660fae6,"Đừng vay ở đây, vào VayFE . C0M mà vay"
e22c16a5-8fb9-49b6-8030-5f5a110fbab6,3,2023-09-17,5,u_364e21195c9d,Tại sao bh chưa zô đc tk vậy ?
901b1a28-e2ba-4698-9ca0-b8521e20a816,1,2023-09-17,0,u_ebb62a8e2990,Đừng vay ở đây. Vào Vay9 . C0M mà vay
24317d37-cd1a-4d3b-9274-6c456760efee,1,2023-09-15,0,u_4d7482791c22,Vào VAY9 . C0M để kiêms 5000k
9726258a-8269-4e6c-981d-c06f30217028,1,2023-09-14,0,u_971cd1448c8d,Đừng vay ở đây. Vào VAY9 . C0M mà vay.
22aebb59-ff8b-446d-8724-d14a3b9d5d70,1,2023-09-13,4,u_f4ee4ffbade6,"App này lúc nước sôi lửa bỏng là như bị rút phích, lúc thị trường sập là app đơ ko bán đc cổ phiếu. Như hôm 18/82023 tôi bay 5% tài khoản vì app này"
0ab4f74c-a05e-4995-a617-b85cc6ee8924,1,2023-09-12,0,u_aa615116d692,Đừng vay ở đây. Vào Vay9 . C0M mà vay
44eb10e5-875d-437b-bd50-6defb9bd5624,1,2023-09-12,9,u_1eec53e2a047,Đừng vay ở đây. Vào Vay9 . C0M mà vay
1ef89486-7ffe-4c02-b0dd-c46386e01bca,1,2023-09-11,4,u_ac226238b737,Ap bị lỗi nặng nề
2683adda-f88e-41a3-bfda-e24b524c9dc7,5,2023-09-01,18,u_b7cadeae742b,Anh chị bò và gấu là người giúp em nơi em có thể học hỏi về app cảm ơn nhiều
c3afdcfb-4ced-4d46-9390-8d26dabe2e75,1,2023-08-29,1,u_615cc488f257,"App nhiều lỗi, quá tệ"
1bd416ba-0010-4130-ab61-efbb723dbd0a,5,2023-08-28,4,u_98f6afe4e824,Phát triển
fe18a99a-72cf-4b28-9d68-9503f6c6ac38,1,2023-08-21,2,u_95f0b4e64d2a,Lỗi app đúng ngày quan trọng gây thiệt hại cho nđt. Nghi ngờ về động cơ của cty
4b01cb18-34d0-4aac-ab39-3cedf7fa9aeb,1,2023-08-20,0,u_38d4afcd1b86,"App cực tệ, lúc quan trọng nhất cần cắt lỗ thì lỗi. Không nên dùng app này."
a45d3e28-246d-4e11-9f66-f00e762403d9,2,2023-08-20,2,u_475cd8ff5739,"Kém,hôm thị trường cao điểm thì đơ lác ko giao dịnh được"
19b82e0b-caf2-4b92-b322-b06075beb129,1,2023-08-20,0,u_2122a5f46053,"App đểu vcl. Có biến thì khóa app, đơ không mua bán đc gì. Khách hàng mất tiền cty gửi thư xin lỗi"
9d9e891c-75e0-4f74-8287-f449b530a9ec,1,2023-08-19,1,u_7950818d6601,Quá tệ hại. Làm bao nhiêu nhà đầu tư không có khả năng để cắt lỗ kịp thời
cbf3270b-4ac1-46c6-b08f-26900fbdea2d,1,2023-08-19,3,u_341d57418217,App rất hay lỗi. Khắc phục chậm chạm. Ngày 18/08/2023 lỗi nguyên 1 ngày không ai giao dịch đc. Hết giờ giao dịch thì mới fix lỗi xong. Không đảm bảo tương lai sẽ không còn bị.
ea08e6fd-1ac0-4972-b612-c3b490fe8350,1,2023-08-18,1,u_5fc9028b8448,"Hai ngày 17,18.8.23 thị trường giảm mạnh thì app lỗi không giao dịch được. Khuyên thật không nên mở tài khoản ở đây. Lúc giảm mạnh không thể bán ra được đâu."
4db5ec6c-abc6-4a08-9ccc-74c833d345b4,1,2023-08-18,2,u_1c6ed4b8e8b6,"dm nay sập thì app lỗi chúng m định giam tiền à,làm ăn thế này xứng đáng phá sản"
2fd04b0a-f358-4436-a854-dff845c3ff48,1,2023-08-18,1,u_ec934f73986b,"Dành cho ""lỗi hệ thống"" vào đúng ngày thị trường múa bên trăng gần như toàn sàn"
98d1fd0d-0be7-46b4-b57e-21a460a212c4,1,2023-08-18,4,u_71797fe048e3,"Ai mới chơi đừng nên tải app này nha, hôm nay thị trường giảm 55 điểm, đặt lệnh bán mà app bị lỗi không đặt được, cuối ngày toàn danh mục sàn hết, rồi ai chịu trách nhiệm cho số tiền bị mất của khách hàng đây."
6fbfd1ff-14d7-4025-b26e-74826bb09808,1,2023-08-18,2,u_3de1c7a67bc6,Bữa nào thị trường bị bán sàn là lỗi hệ thống. Người dùng không giao dịch được
2310bc5e-7d65-4c54-a8c4-417783e9934e,1,2023-08-18,1,u_e45d22b6ddbe,Apps rất chậm
832a3d59-7976-466c-a616-efd8f774d2db,1,2023-08-18,3,u_c005e6a175ff,Áp toàn lỗi gây thiệt hại cho nhà đầu từ
5f4cbacd-d59a-446d-8387-49c7008f26bc,1,2023-08-18,3,u_aec5f5e3b6ee,"Rất rất tệ. Đúng phiên vnindex giảm 50 điểm thì app tê liệt, mất tiền mà ko làm gì đc."
59d2d420-4a72-4b88-8a15-2c8532b01fe5,1,2023-08-18,8,u_17952c3827e1,Rất tệ. Không giao dịch được đúng ngày quan trọng. Làm mất cơ hội
f407ab15-f10e-4e4d-8ff7-1b5a00484b87,1,2023-08-18,7,u_999ff9ca048f,App đơ thiệt hại tài sản của ndt
4185dbff-3660-4243-87c2-59936d6ed82d,1,2023-08-18,1,u_a120e68a8288,Lỗi
77cd6dc1-156a-4269-99d9-a351fb5979be,1,2023-08-18,7,u_edba24105d9d,Ứng dụng tệ mua cổ phiếu cứ bị lỗi
c3497580-782c-4860-9cd2-dc9a6e50ef6d,4,2023-08-18,0,u_c51c3f86f741,"giao diện dễ dùng , nhìn đc tăng trưởng bao nhiêu so vs 5 ngày trc nên dễ lướt sóng"
2734bae9-6c75-49cd-9d25-339ef638c89c,2,2023-08-18,1,u_9a478f11419d,Lỗi hệ thống miết
cf99d929-e719-4d89-9354-2f379a33d659,1,2023-08-11,3,u_dffb5d513f04,Tệ. Có tác vụ gửi OPT mãi không được
7d5bc457-dffe-4303-8f7a-1ee568380385,5,2023-08-08,1,u_59b670741cea,nên them pham mục ngành
a08ebff5-6722-4f20-8fbf-edb0baa185bc,1,2023-08-06,4,u_6ecb2daaeb96,"Ê, vô VAY9 . C0M mà vay đi ngon đó"
d74e0e8f-3027-4911-b172-b60427ed0173,5,2023-08-04,0,u_1d3a9f041caa,512008 nhập mã để nhận quà cảm ơn
ee2890c3-4b77-45f7-aab1-2ced25f12758,3,2023-08-03,0,u_32043f639f68,"App gì mới mở ra là nhận ngay : "" đã có lỗi xảy ra (enbox)"" đỏ lòm. Nản zị !"
d6361aea-438c-46e6-bbc4-ea8d0bc202a7,1,2023-08-03,2,u_c26057b8da08,Vô VAY9 . C0M vay ngon nha
a4020ae8-e51f-40fa-8884-d5abc4fbd590,5,2023-07-25,0,u_694170ebe8a6,Cái này sử dụng sao
9d35802c-68d0-40a8-a604-c10048ddbbcc,1,2023-07-21,10,u_df18265b45c1,"Chưa thấy app của ctck nào như ct này Trong khi các ct khác họ luôn luôn cải tiến nhằm tạo thuận lợi tối đa cho nhà ĐT trong việc theo dõi tt cp, đặt lệnh ... Còn DNSE thì sao, suốt 2 năm ròng rã chỉ thêm đc mỗi tính năng sửa lệnh ..... góp ý hoài vẫn thế . Ai xài rồi mới thấy nản, ... Cùi bắp không hơn không kém, Nên xem lại đội ngũ IT nếu không muốn KH rời bỏ ...."
0f54c5a3-c768-47cf-a587-7e677c1ab5e5,5,2023-07-08,1,u_4f55f19cd624,"Vay OK thì vào VAY9 . C0M , nhận thưởng 2 triệu.."
e9932782-b43f-425e-9abf-ca3c5e9598ab,1,2023-07-08,4,u_4f55f19cd624,Bạn hãy vào trang ( 𝗩𝗮𝘆𝗧𝗼𝘁𝗡𝗵𝗮𝘁 . 𝗖𝗼𝗺 ) để vay tiền 𝟬% lãi và Kiếm tiền online uy tín ..không cần vốn.
76e0c32f-b0bc-4414-a4c4-97fdf93e18ce,4,2023-07-04,0,u_92d9d22840d1,"#{{""Ok ,Google""}}♥️"
b56d223e-0974-4ede-a38c-138d162ebe7b,1,2023-06-28,0,u_71407f4f230c,"Khó nộp tiền, hướng dẫn ko đầy đủ nên ko hiểu cách nộp tiền"
34614550-593e-442b-84d2-3e16678e6585,1,2023-06-20,0,u_1c75ec7e8aad,Dm nó nạp 5tr vô để 3 tháng trừ hết 1tr ăn j ác ôn z
bc865117-e866-4f19-8f03-3892b7ebe5df,5,2023-06-17,0,u_0698c7b6f44b,Vào VayTotNhat . C0M - vay tiền online lãi suất 0% cho người mới nhé
ff331b2c-d5e6-440f-b647-3c036135b3c8,5,2023-06-15,0,u_4f55f19cd624,Vào Vay9 . C0M mà vay mình vay ok
0ea2bb13-95bc-428d-bdde-f44dcd6b32ad,5,2023-06-12,0,u_2c9d2e22bdfa,Kiếm tiền + vay 0% vô ( VAY9 . C0M ).
ce30680d-cbd3-4392-a86d-0be564a2f691,5,2023-06-08,0,u_a7e0b520f0b3,"App vận hành tốt, cơ cấu đơn giản dễ dùng Chuyển tiền nhanh"
4705e6f9-2dfb-47c4-8b1d-938600430806,5,2023-06-03,1,u_f2e5aa1be6b7,Dùng chưa lâu nhưng cũng hơi ấn tượng
9ad4b61b-a0f7-4b22-88a0-195bd6ef179d,1,2023-05-29,3,u_4f55f19cd624,Vào trình duyệt truy cập địa chỉ 𝑽𝒂𝒚𝑻𝒐𝒕𝑵𝒉𝒂𝒕.𝑪𝒐𝒎 để 𝘃𝗮𝘆 𝟬% lãi và nhận ti.ền hỗ trợ từ Ngân Hàng.
966506ac-5d58-4276-b797-e716b8bb30e3,1,2023-05-27,0,u_3381a336ecc5,Dô ngay Vay9 . C0M vay OK + nhan 900K
2c07e202-7649-4be6-8c46-3f8d66481184,1,2023-05-26,0,u_4d91351d15c3,Vô VAY9 . C0M vay OK kiếm tiền free
fbffc4f6-af49-40fe-a956-5e221691cff3,5,2023-05-16,1,u_48d2737b0f38,Good
34ba61f2-99c7-44f4-adc3-5e09914b35e5,5,2023-05-13,0,u_5fb15cf96950,gõ ngay ( Vay9 . C0M ) để vay 0% tới 9tháng.
dea3edb9-fecc-4645-a4ac-765ede3677b9,5,2023-05-08,1,u_4f55f19cd624,Vay Online 0% thì vô VAY9 . C0M
97824cef-2bac-4dc4-aacb-359a36a923e7,5,2023-05-02,1,u_5b78d8df9fe7,Kiếm 1.000k free thì vào VAY9 . C0M
12db6ca1-0832-4d58-9912-3ff87a06146e,4,2023-04-30,2,u_023e0298f294,"App nên mở tìm kiếm mã cp bằng ngành đi ạ, chứ muốn kiếm ngành này ngành kia nhưng không bt mã cp là gì hết á."
1ea22627-6705-44bf-b8eb-56d53f57248f,5,2023-04-30,1,u_4f55f19cd624,Kiếm 1triệu + vay 0% thì vô: Vay9 . C0M.
1b400dac-0f94-4a08-85ff-10e45d3493e1,5,2023-04-22,0,u_62b6173a4bb1,"App tốt, ứng dụng các công nghệ cao vào app rất tiện lợi"
fec059c5-fc43-4cdf-b61b-0b6c385dc047,1,2023-04-22,2,u_d564b8c6636b,Vô Vay9 . C0M vay 0% + kiếm 9 triệu
e80d9109-24ad-4a37-8b8a-cd1b17d99037,5,2023-04-18,0,u_47bb99335eec,Kiếm tiền + vay 0% online vô ( VAY9 . C0M )
8ca580b1-5498-4276-8a2d-71f159550e8a,5,2023-04-15,0,u_c2fec560c491,gõ ngay ( Vay9 . C0M ) để vay 0% tới 9 triệu
8ea15cd5-09a9-43ac-841d-b89b6f24ed04,5,2023-04-13,1,u_b728e7550732,Vay Online 0% thì vô VAY9 . C0M
d18ab566-c1ff-48ad-9533-604594b7182b,1,2023-04-11,0,u_b1a1a0f6c6ed,Vô VayTotNhat . C0M vay 0% + kiếm 9 triệu
9659bc8a-095a-4716-a91d-c3fbddf73597,5,2023-04-10,0,u_0f821475faed,Vô trang Vay9 . C0M để vay 0% + kiếm 9 triệu
9ef57117-6450-465a-abd4-01021bfcf161,5,2023-04-10,0,u_4657c99eae00,Sử dụng tốt
9a485a25-02de-4fa6-8b8b-f5bcacac1f54,5,2023-04-09,0,u_b8586226c69b,Kiếm 1triệu + vay 0% thì vô: Vay9 . C0M
e1057034-82cb-4e2f-acc1-938d49cf32e3,5,2023-04-09,0,u_6bb8f7ee9bda,Kiếm tiền + vay 0% online vô ( VAY9 . C0M )
3ca494d2-e848-4f10-8fa1-71cf8903ff03,5,2023-04-07,1,u_b048e98f0843,Vô trang Vay9 . C0M để vay 0% + kiếm 9 triệu
4058a9ac-a4b6-464a-b3c2-142f8b10a3ec,1,2023-04-07,2,u_391307a01a63,Cập nhật ngày 07.04.2023 không mở được ứng dụng
fa6c00e2-3fbb-4d31-bf3e-d04f11174cb3,5,2023-04-07,0,u_ba5ddcb73c82,Kiếm 1.000k free thì vào VAY9 . C0M
026977df-0bc0-4a60-bd91-69bba76388e3,5,2023-04-06,0,u_3f7f67198a1f,Vô trang VayTotNhat . C0M vay 0% + kiếm 9 triệu.
af9f4799-beed-44a5-8e42-8121d95ca712,5,2023-04-03,0,u_511e2fd592e4,Vô trang 𝑽𝒂𝒚𝑻𝒐𝒕𝑵𝒉𝒂𝒕 để vay 0% + kiếm tiền
af652c7d-f005-4b8a-9cbb-055b576c9877,5,2023-04-03,2,u_672484098241,Kiếm 1triệu + vay 0% thì vô: Vay9 . C0M
b35503d6-8c07-4946-9fcd-38eb1323874c,5,2023-04-01,0,u_f27c61d52b11,Kiếm tiền + vay 0% online vô ( VAY9 . C0M )
b8ebc2c3-7410-4214-9fcf-f74b3b59a035,5,2023-03-29,1,u_99d2936ad83d,Kiếm 1.000k free thì vào VAY9 . C0M
6a17ce28-7db9-4c98-8f73-08dc3aaec236,5,2023-03-27,0,u_8f8e8b332dc1,Vô trang VayTotNhat . C0M vay 0% + kiếm 9 triệu.
5aa2da99-fbac-4abf-b8a0-5fbbf0c30284,5,2023-03-20,0,u_9cd10c7be05f,Vô luôn trang VayTotNhat vay 0% nhaVô luôn trang VayTotNhat vay 0% nha.
80643b13-c16e-4876-a953-3183b49b30c4,1,2023-03-18,0,u_f27c61d52b11,Kiếm tiền + vay 0% truy cập: VAYTOTNHAT . C0M
7555a8c3-e48b-4b8f-9e9a-572716f61e24,5,2023-03-16,0,u_da054a0e4aee,Kiếm tiền + vay 0% truy cập: VAYTOTNHAT . C0M
c85d7feb-0efa-47b1-a7d9-d05757ee16bb,5,2023-03-16,0,u_f59e4c41e61d,"App giao diện dễ xài, được hỗ trợ nhanh chóng khi gặp sự cố"
df69fc6e-b045-47b2-b7e6-5637c51679b3,5,2023-03-15,0,u_eca236cdc672,Good
0acdec2e-1641-420d-8c2a-82a86bdbf3cb,5,2023-03-15,0,u_78cdace4e6c5,Best
8ff7f9a9-dd43-40d3-b20a-69878b095dac,5,2023-03-15,1,u_90334028227f,Vô trang (VayTotNhat . C0M) để vay 0% + kiếm tiền
8007a32c-eb6b-437a-8e98-a0b620b1cc73,5,2023-03-15,0,u_78bf51867f5f,"Mua bán dễ dàng, thuận tiện, nhân viên hỗ trợ siêu nhanh và nhiệt tình"
0b70b976-f4cd-4544-a700-1c8a2101dd93,5,2023-03-15,0,u_0d865ea10584,"Từ ngày dùng app, rất thích cảm giác mở app nhìn lợi tức Trứng Vàng tăng từng giây 😄"
75114535-becc-468d-8853-ae6732119760,1,2023-03-15,3,u_dd09df2a76d7,"Lag, xem chart 2 3 mã là đơ liền. App theo dõi thao tác của ntd để đặt lệnh trước khi ndt nhận mã pin khớp lệnh"
f6cc9e1d-b158-485d-b8af-ec48a246b1d3,5,2023-03-14,0,u_d205052ba044,Kiếm tiền + vay 0% truy cập: VAYTOTNHAT . C0M
da816ad1-338b-4bf1-964d-9d998a28ce36,5,2023-03-13,2,u_b24857f5a106,Kiếm tiền + vay 0% truy cập: VAYTOTNHAT . C0M
39a1290d-6990-45a9-bcd7-2ada4d3e3936,5,2023-03-12,0,u_9cd10c7be05f,Vô trang 𝑽𝒂𝒚𝑻𝒐𝒕𝑵𝒉𝒂𝒕 để vay 0% + kiếm tiền
f4f713b0-98af-4d01-ac45-0caf4a459958,5,2023-03-06,0,u_b6549eac823c,vô đúng trang VAY9. C0M được vay 0% Online
e5804491-275c-4177-90bb-7b3f46d1a57f,5,2023-03-05,0,u_5a80ca334fe1,Vay Online 0% thì vô trang VayTotNhat
b9b0939f-ae0c-49c7-b57e-92ca2f20fb47,5,2023-03-04,1,u_27699e981d2f,Vay 0% + kiếm tiền 0 vốn vào KTIEN. VN nhé
19c44442-8761-42bc-abf5-b7bb3b080fc3,5,2023-03-03,0,u_d205052ba044,Vô luôn trang VAY9 . C0M vay 0%.
ffbef20c-b431-491e-b0bb-e38d7acce89a,5,2023-03-02,0,u_c4bf2fd677a4,Vay Online 0% thì vô trang VayTotNhat
7160b0b6-a23a-418a-b691-b9caaa8aa573,5,2023-02-28,2,u_90d59fcfe908,gõ vô VAY9. C0M mà vay 0% Online
4dde27fb-f9a5-4bf3-a879-3d0033057570,5,2023-02-26,0,u_f27c61d52b11,Vô luôn trang VAY9 . C0M vay 0%
336cccc0-9d00-46a2-aeed-a0b6fb1c2b2d,5,2023-02-25,1,u_5a80ca334fe1,Vay 0% Online vô trang VayTotNhat
e7dfc9f7-f33d-4f85-90ac-a06c68d1f74c,5,2023-02-23,0,u_1ddad86b32a8,Tot
a9acc56a-8c62-4852-94d5-a33e5bb2b8d2,5,2023-02-22,0,u_f1080ba3db3b,gõ vô VAY9. C0M để vay 0% trong 9thang
c325d177-569e-4508-a161-c6222dff4a0c,5,2023-02-20,1,u_8139e9ce0180,Vay Online 0% vô VAY9. C0M
401507a8-c280-42cb-ab5b-d6df79413bab,1,2023-02-14,0,u_7bb4c5e6148d,Không nên tải và làm theo hướng dẫn để nhận tiền nha mọi người App quá rác
98048eb2-936d-4e2f-82d9-7ca5ea18e68c,5,2023-02-11,0,u_1069bcf70139,gõ vô VAY9. C0M để vay 0% trong 9thang
90f36e0e-ea9b-44b4-bb56-ee64383666d4,5,2023-02-07,0,u_550c7522c6df,Vay Online 0% vô VAY9. C0M
9c51a6c8-2a1a-4289-bfd9-76d84106ac88,5,2023-02-06,0,u_ad38d2153793,gõ vô VAY9. C0M để vay 0% trong 9thang
eeef4c6f-7a7c-4af2-8fa3-67a1613fd678,5,2023-02-05,0,u_7ef7407871d6,Vay Online 0% thì vô Vay9 . C0M
4134092e-47bf-41a3-92e7-ac6455d5de00,5,2023-02-04,0,u_2cb106a9232e,Tốt
af1991b4-3e55-4f76-b771-d7469ff9571b,5,2023-02-01,0,u_ad38d2153793,gõ vô VAY9. C0M để vay 0% trong 9thang
c7a67c8c-b6a8-4015-a196-489f8836c667,5,2023-01-29,1,u_e0f3a50bc46c,Vay Online 0% thì vô VayFE . C0M
0cfd250a-894b-44fd-baef-d9a4e13060e6,5,2023-01-29,1,u_565ec745e8a0,gõ vô VAY9. C0M để vay 0% trong 9thang
e29b11a9-4776-41a8-bd1c-82d567db6102,1,2023-01-13,0,u_3aa8dfd102ff,Quên lấy smart otp
baa45e7b-800e-4dd7-9444-5caf55264c97,1,2023-01-12,0,u_47c2bf900217,"mở tk thì đơn giản nhưng quá phiền hà khi thay đổi thông tin. hành hạ khách hàng 😤😤😤👎🏿👎🏿👎🏿👎🏿. nên học hỏi khi thay đổi thông tin: mbs, tcbs."
3fa8fccd-db65-4129-82f7-94b743921cd7,4,2023-01-03,1,u_3716a488ea56,Dc 200k rút thạt thì 5sao iuiu
40609c02-2d6b-44f7-b231-96345b7a48ff,5,2022-12-31,1,u_f1a81f33b89c,Vô trang 𝐕𝐚𝐲𝟗.𝐂𝟎𝐌 vay 0% tới tận 9 tháng
4420394d-6ee6-48d3-b7a2-0d6adcfd7ad1,5,2022-12-26,0,u_613f8fb0d297,OK lắm
71935da3-9770-45ce-ad4e-80ff27d78cce,5,2022-12-23,0,u_2d0231282329,Vô trang 𝐕𝐚𝐲𝟗.𝐂𝟎𝐌 để vay 0% + kiếm 900k
19be8894-3eff-42af-a573-9ee53355592a,4,2022-12-23,0,u_1e7ec0287201,"Góp ý cho app nên có biểu đồ trong ngày cho các chỉ số index, trong app chỉ có biểu đồ tuần, thêm biểu đồ ngày cho dễ theo dõi. Mong app sắp bổ sung"
08eba83c-b1ca-46bb-ab28-cbb3ee99313f,1,2022-12-22,0,u_c8953d89a921,Ứng dụng rác tốt nhất ko nên tải
2a4fd2d8-588f-4899-b908-6678bf1bd515,2,2022-12-21,0,u_2d39b2e56144,"App chạy 2 tuần nay rất giật lag khi kéo biểu đồ. Rất ảnh hưởng giao dịch đi lệnh. ban đầu chạy rất ok, giờ thì lại chán đời"
2b962a5d-5987-47fc-9de9-9666aed98132,1,2022-12-15,0,u_6a6ea0cf793f,Tệ ! Ko mở được tài khoản cứ bảo cam mờ trong khi cái máy tui cam nét vãi đái ra đủ sáng vẫn báo vậy chịu
2f3550a2-2c11-46e9-aad7-1daae490ff97,5,2022-12-12,1,u_73e287e445d2,Ứng dụng có tính năng chia sẻ lợi nhuận rất hay
58ca0791-5a04-41c7-868f-1ac63b3b0075,1,2022-12-12,2,u_eec3ef540487,Vào KTIEN. vn để nhận 700k
f68a208c-abdf-4bfc-a1e0-a9bc6275f3e5,1,2022-12-07,0,u_d6d963f1a4db,Thật sự thì vô trang Ktien. VN kiếm tiền uy tín
ca638c00-f1cb-4320-91f3-9ca0d9d42cca,5,2022-12-06,0,u_15ae27d8e3ae,Tốt
a48619ac-32b5-472c-9b04-9f63884e6405,1,2022-11-28,0,u_178fdbfede59,Vay 0% tới 9 tháng thì vô trang 𝐕𝐚𝐲𝟗.𝐂𝟎𝐌 ó
7b35092f-3f9c-445d-bc4e-938e063e569b,1,2022-11-28,2,u_693e82b8b829,Gõ vào trang Vay333. C0M vay 0% tháng 11
a3d7c04a-2b0b-44db-81df-edb94eff3515,1,2022-11-28,1,u_971cd1448c8d,Vô trang 𝐕𝐚𝐲𝟗.𝐂𝟎𝐌 vay 0% trong thang 138
4582385a-4eae-4c0e-aae2-733884e8e3b1,1,2022-11-26,0,u_1b837229a771,Vô trang 𝐕𝐚𝐲𝟗.𝐂𝟎𝐌 vay 0% tới tận 9 tháng
da257831-9fb0-4c8a-9e6a-02bc80d7ceae,1,2022-11-25,0,u_1bbb8ebb860f,Vay 0% tới 9 tháng thì vô trang 𝐕𝐚𝐲𝟗.𝐂𝟎𝐌 ó
8e54e08a-c01b-4fa7-ac01-754baf5c0338,5,2022-11-10,0,u_5a8c72a48638,Vô: 𝐕𝐚𝐲𝟗.𝐂𝟎𝐌 để vay 0% trong 2022..
fab623da-1934-458a-aae3-da6c0ecde6de,5,2022-11-10,1,u_0105471c8eeb,App dùng tốt. mình rất thích
8e51ab01-4a4a-48b6-a862-ea3288cb74c8,1,2022-11-09,0,u_4a115539031d,Thật thì trang KTIEN . VN có kiem tien free
8a75c9d0-b699-411a-93ec-ec6c0d4c9663,1,2022-11-09,0,u_2d0231282329,Vay 0% tới 9tháng thì vô trang: 𝐕𝐚𝐲𝟗.𝐂𝟎𝐌
032155a1-cd4f-4bb2-b1c9-d95782099e42,1,2022-11-09,1,u_ae0f9b5db4e3,Thật thì trang KTIEN . VN có kiem tien free
399baece-4f67-46a0-9711-0d0515d890ce,1,2022-11-07,1,u_2d0231282329,Vay 0% tới 9tháng thì vô trang: 𝐕𝐚𝐲𝟗.𝐂𝟎𝐌
11b559af-da27-483e-9209-2e600c914fdc,1,2022-11-07,0,u_2d0231282329,Vô ngay 𝐕𝐚𝐲𝟗.𝐂𝟎𝐌 vay 0% + kiếm 790k free
d09db037-ddf0-4f24-8c19-b58a2ec3d99f,5,2022-10-31,1,u_d40dfe868df8,ok app
cab1b000-f169-4238-959f-6c4d14f6cb78,5,2022-10-29,0,u_420a546d3d4c,Nhập mã gt 860707 để nhận 100k trong tk nhé . Nhớ check email để xác nhận giúp mìnhhh
155f7e1c-e14b-43cf-8ba5-75b0bbe024a3,1,2022-10-14,3,u_cd41bff0c627,Vẫn chưa nhận được thưởng làm xong nhiệm vụ
52dcb38d-d10c-4906-b278-9831f361fe9a,4,2022-10-09,0,u_c854a1614e82,Nhập mã 413207 khi đk mở app nhận ngay 200k
481f86e0-1f59-4de7-9379-bc076c2f50fe,5,2022-10-02,0,u_2d0231282329,Vô trang 𝐕𝐚𝐲𝟗.𝐂𝟎𝐌 vay 0% nhận 590k ngay.
de774749-6f52-4ee3-885e-101fd963804e,5,2022-09-27,0,u_949a9235f70f,Tốt
9847800a-6b30-4de1-871e-577f5ceb3431,1,2022-09-27,0,u_c4bf2fd677a4,Vào 𝐕𝐚𝐲𝐓𝐨𝐭𝐍𝐡𝐚𝐭.𝐂𝟎𝐌 vay 0% & nhận 690k free.
4ec0697d-2bae-42ff-beda-2ec28cbb5015,1,2022-09-26,0,u_c4bf2fd677a4,Vô trang 𝑽𝒂𝒚𝑻𝒐𝒕𝑵𝒉𝒂𝒕 vay 0% nhận 590k free ngay
4e6fb4db-f86b-44da-ae39-d5eafff607d5,1,2022-09-26,0,u_6a3d94441192,Vào trang 𝐕𝐚𝐲𝐓𝐨𝐭𝐍𝐡𝐚𝐭.𝐂𝟎𝐌 vay 0% nhận 890k
1cedbbda-4473-4d3b-b873-0c03a708c326,1,2022-09-25,0,u_c4bf2fd677a4,Vào 𝐕𝐚𝐲𝐓𝐨𝐭𝐍𝐡𝐚𝐭.𝐂𝟎𝐌 vay 0% & nhận 980k free.
c3fedfe7-f872-4e9e-aae7-c4dcdabccdc9,1,2022-09-24,0,u_c4bf2fd677a4,Vào trang 𝐕𝐚𝐲𝐓𝐨𝐭𝐍𝐡𝐚𝐭.𝐂𝟎𝐌 vay 0% và 790k free
1f252178-a07f-4cd2-ad4c-395695cac43a,1,2022-09-23,0,u_c4bf2fd677a4,Vào trang 𝐕𝐚𝐲𝐓𝐨𝐭𝐍𝐡𝐚𝐭.𝐂𝟎𝐌 vay 0% nhận 890k
4c53d5bd-2d4a-497a-83fa-863b8bf946e0,1,2022-09-23,1,u_e4c45c90dfa3,App đơ ko vào đặt lệnh được cả ngày hôm nay
de1e08dd-3844-4a6c-ab41-e6ed521f587f,5,2022-09-23,0,u_1545e7981e7d,App ngon
5cc29eb4-9177-4b8c-bfa5-c946b63c2d89,1,2022-09-22,0,u_e0908b80f6cd,cập nhật xong không vào được app luôn
769b7b3e-5047-4aa5-b7ca-f8d44eed4f43,1,2022-09-21,0,u_c4bf2fd677a4,Vô trang 𝐕𝐚𝐲𝐓𝐨𝐭𝐍𝐡𝐚𝐭.𝐂𝟎𝐌 để vay 0% và nhận 840k
db1ab1e3-e5e2-4380-b151-a154b5d33dbc,1,2022-09-20,0,u_c4bf2fd677a4,Vô trang 𝑽𝒂𝒚𝑻𝒐𝒕𝑵𝒉𝒂𝒕 vay vốn 0% nhận 780k free.
c3c6c78b-0e5c-4e2b-9ca6-d8f2903cc4cb,1,2022-09-20,0,u_c4bf2fd677a4,Vô trang 𝑽𝒂𝒚𝑻𝒐𝒕𝑵𝒉𝒂𝒕 vay 0% nhận 590k free ngay
a66ce2cc-041a-46a5-b28e-69abe933fdc0,1,2022-09-20,0,u_c4bf2fd677a4,Vào trang 𝐕𝐚𝐲𝐓𝐨𝐭𝐍𝐡𝐚𝐭.𝐂𝟎𝐌 vay 0% và 790k free
a1f6b053-3c79-4afb-88e4-687c2487770f,1,2022-09-18,0,u_c4bf2fd677a4,Vào đúng trang 𝐕𝐚𝐲𝐓𝐨𝐭𝐍𝐡𝐚𝐭.𝐂𝟎𝐌 vay 0% và 790k free
2dd4ee3e-80c1-49f9-9979-da0301e680c8,1,2022-09-17,0,u_c4bf2fd677a4,"Lưu ý, vô trang 𝑽𝒂𝒚𝑻𝒐𝒕𝑵𝒉𝒂𝒕 để vay 0% và nhận 890k.."
c8ff0685-029f-4ee9-8b94-e0aca301c256,1,2022-09-16,0,u_c4bf2fd677a4,Vô trang 𝑽𝒂𝒚𝑻𝒐𝒕𝑵𝒉𝒂𝒕 vay vốn 0% nhận 780k free.
f0c1141c-11ea-4a55-918e-bf0707b0073b,1,2022-09-16,0,u_c4bf2fd677a4,Vô trang 𝑽𝒂𝒚𝑻𝒐𝒕𝑵𝒉𝒂𝒕 vay 0% nhận 590k free ngay
cc48ef52-82ac-4251-87c1-bbab2bb0a125,5,2022-09-16,0,u_591fb750b81d,"Thiết nghĩ nên cải tiến app có chế độ sửa lệnh lại cho đỡ mất thời gian hủy lệnh và đặt lại lệnh, với đặt lệnh nên có chế độ đặt tối đa để all in được nhanh nhất"
57c19443-ec27-429b-8200-7a1649257802,1,2022-09-15,0,u_c4bf2fd677a4,Vào đúng trang 𝐕𝐚𝐲𝐓𝐨𝐭𝐍𝐡𝐚𝐭.𝐂𝟎𝐌 vay 0% và 790k free
f2bcb4f0-c5e3-4559-8b9b-8638b05f5bcc,1,2022-09-15,0,u_c4bf2fd677a4,Vào trang 𝐕𝐚𝐲𝐓𝐨𝐭𝐍𝐡𝐚𝐭.𝐂𝟎𝐌 vay 0% & nhận 500k free
c3e04231-e89f-4e50-b4d1-a0d4ec780dd8,4,2022-09-13,0,u_b788a9da2ecb,Ứng dụng tốt
396c6425-0c27-43b2-9db7-52e832870450,1,2022-09-11,1,u_f157a2394152,Đm mua trức khoán 5 ngày r k rút đc
0b666472-ddfb-4d2f-869d-05b94ebe8681,3,2022-09-11,0,u_74c976c7b073,S đặt lệnh duyệt lâu z ad
adb06aae-7b1c-4bfc-82b0-7da4b2ac54b6,5,2022-09-11,1,u_05629e1f0c96,Nhập mã giới thiệu 301996 để nhận thưởng
18ce721c-50eb-4796-b8be-c3c65fea3c63,1,2022-09-10,0,u_c4bf2fd677a4,Vào trang 𝐕𝐚𝐲𝐓𝐨𝐭𝐍𝐡𝐚𝐭.𝐂𝟎𝐌 vay 0% & nhận 500k free
94e67ffb-b18e-45a2-9184-3e5fb453cbd2,1,2022-09-10,3,u_2e9468306796,Thay đổi quy tắc giới thiệu bạn bè vậy thì ai làm được
2234d877-b085-45b3-afce-ae9414e66514,2,2022-09-10,2,u_ae988921ac68,Không thay đc tên tk
82ff801e-6801-42d6-927a-c2403ff908f5,1,2022-09-09,1,u_dd55abe31e5e,Vào trang KTIEN. VN để vay 0% và nhận 500k free
0833251b-3045-4dd1-9290-36879216e0d2,1,2022-09-08,0,u_3e0f15f9aba6,Vào trang KTIEN. VN để vay 0% và nhận 500k free
9d744d10-dfba-43ed-8ddc-b18778eae767,1,2022-09-06,4,u_78b2c674ec4c,Sao otp ko có vậy.
2d50169a-a473-47b0-a995-1dafbb4e69ba,4,2022-09-06,0,u_93c6e1b2b11c,Tốt
eade2c80-5c51-4a5b-948c-47559c6e029f,5,2022-09-06,0,u_9628d5f335f3,529004mã gt nhận 10k
ace5abd2-ff4c-4939-b6fd-beb360d89e72,5,2022-09-05,0,u_79a59b0ec684,Tốt
92b7466a-da4d-479e-84aa-5665b85ac6f0,1,2022-09-05,1,u_2d66deb955c4,phí rẻ nhưng hay lỗi hệ thống cần nâng cấp lên cho bằng các cty khác.
89f89d9c-26a8-4400-bdc5-44b241822720,1,2022-09-04,2,u_695a4dc00130,Rút tiền không về tài khoản là sao vậy ạ gọi tổng đài không được
6708f4cc-5b55-40ab-83d6-3e1cb8ffbb0a,1,2022-09-03,3,u_39b233647ae9,"Chuyển tiền, duyệt tk lâu quá"
9587a061-53d0-4c2b-97fd-daffc2b013e5,5,2022-09-01,0,u_124975e1eb82,Ngon bổ rẻ
9cca3f34-a0c0-4b3c-8a61-c362fd6867c3,5,2022-08-31,0,u_604d55617c2d,App uy tín nhân viên tư vấn nhiệt tình
51a24f21-2ca4-49df-bf58-f3148a1e8021,1,2022-08-31,2,u_25c3812ac083,"đăng ký với xác thực tài khoản rồi mà mấy ngày nay cứ báo lỗi chưa xác thực ,xác thực lại thì lại tài khoản có sẵn app lol"
1149791e-e3b5-4154-8cc5-b317154dae2b,5,2022-08-30,0,u_a89ce964f38e,Mã giới thiêu 800396 phải nhập cái này với được tiền
b3fefaad-3b86-4907-a5f5-1b9f79b2bf85,3,2022-08-29,1,u_50e87c9926b8,"Mua Chứng khoán đc 5 ngày rồi mà giờ tiền chưa về TK để bán ,mong Ad duyệt"
ce8f786c-9d20-4357-ab87-2b6fb8e808df,3,2022-08-28,0,u_4dcbf5b46c4f,Dạ e đăng ký app hơn 1 ngày r mà chưa xét kích hoạt tài khoản . Monh nhà phát hành nhanh duyệt tk cho e .
ce30a99a-45d0-445d-bb1d-6e49ae29dc88,5,2022-08-27,2,u_1328f4f08d80,Nhập mã 007420 để nhận phần quà 210k
6f83da66-67a4-4a52-8281-d8f18d9d3afa,5,2022-08-25,0,u_6e024ed07f4a,Ok ok ok
e760c24c-b4fe-4beb-9a76-b6dcc762a0d4,5,2022-08-24,0,u_e53f1f6824a4,> 868044 < Nhập mã vip này để nhận 500k nha.
e55e3e21-dc3a-45f8-b253-1bb6b6b764a5,1,2022-08-22,0,u_c2f81c659483,Chẳng nhận được 50k sau khi đăng ký tài khoản
b1c69f97-ae49-47c3-aabf-b4a59a7e9bd1,5,2022-08-22,1,u_d63c394c322f,Nhập mã 465070 để nhận tiền nhé!!
0b5631fa-dce3-4e8d-96c4-5444e296c755,1,2022-08-20,0,u_ae24bfe73cfd,Nhập mã giới thiệu nhận ngày 210k 503548
84f6c8e3-26db-438f-a54e-c730cb8ae37e,5,2022-08-19,0,u_c724a5cc49b0,"Mình xài được 1 năm rồi, đang để 50 triệu, mọi thứ tốt hết, đọc vài comment thấy nực cười vì 10k 50k 200k mà nói lừa đảo. Toi co ý kiến nhỏ là hy vọng trong tương lai nhà sản xuất sẽ cho ứng tiền bán ck trước."
9f576299-bfb0-46d8-80f5-cdde73970b91,1,2022-08-19,0,u_30ab8bc43924,Nhập mã 591635 để nhận 1 tỉ nhé
cabe5d5a-fc42-4f48-813d-e286d7940511,1,2022-08-19,1,u_b36f5af6cb21,Khớp lệnh thành công mà vẫn đ nhận được 200k ?????
6d231365-e270-4784-940a-c5621c1986ec,5,2022-08-17,0,u_e16f93a3a75d,Nhập mã 726002 để nhận $$ nha
c976ba03-242d-4d41-86ad-fa6b42987c9b,5,2022-08-16,0,u_263678712883,Tốt
ebae9521-abc5-4890-85ee-bebd1f352738,4,2022-08-14,2,u_fa53df94a23f,Nhập mã gt 860707 để nhận 100k vào tk nhé . Nhớ check email để xác nhận giúp mik xin cảm ơn
36921df8-c3a5-46f6-a446-b1b1b2bd5ee6,1,2022-08-13,0,u_daffa048f352,Sao ko tải đc
15d93d44-e278-460f-aae0-1686527216fb,3,2022-08-13,1,u_568590f5a542,Chưa kiểm duyệt tk
ab1a3f88-ff91-48ac-abc7-89443ba62d69,5,2022-08-13,0,u_9c0b040c5e60,Ok
717c012a-7164-44fa-bf6d-f6345ddce13a,5,2022-08-11,0,u_993c70dd1766,Nhập mã 308998 để nhận phần quà 200k nhé mọi người
fffdcb8b-f1b8-4ac1-9c75-4473770861bb,1,2022-08-11,8,u_ffbd166668eb,"App không nên tải, đã kích hoạt rồi nhưng không thấy tiền đâu, lừa."
fc68e8ec-2546-4721-8fea-f91818843889,5,2022-08-08,0,u_b375c66a85f7,Sao đặt lâu vậy
cd5c47e8-e970-49b9-8dc9-14e88dd35dda,1,2022-08-08,2,u_20c06a0faaa7,Đăng ký 2-3 lần xác minh khuôn mặt không được.
6ee99611-ed83-49f2-b884-219776261e1d,5,2022-08-08,0,u_bfa25a570028,Nhập mã giới thiệu:777002 để có thể nhận được phần quà hấp dẫn
bbe32c3b-c444-467c-b1bc-678aeb6d5f6f,1,2022-08-07,0,u_0ced6cc8be4d,Xác thực khuôn mặt cứ kêu ảnh không rõ. K rõ cái đm chúng m
f8344125-96eb-4178-a12a-c90fd93813a6,5,2022-08-07,0,u_5015501764fd,Ok
21ff23cf-3c7a-4c84-b72b-b90a889364a2,5,2022-08-07,0,u_d523be792b67,Tuỵt
7684aa8d-66d1-497d-ac18-0957be2a1096,4,2022-08-07,0,u_6af3420ab9cf,Rất hay
99baf493-d328-4956-8633-8581a020505b,1,2022-08-06,2,u_49c8d4f22467,App kém chất lượng vc Có cái xác minh mà làm hơn cả chục lần + chờ duyệt lâu vc
879eaaa5-879d-4242-884d-efc9dff36cbf,5,2022-08-05,0,u_6e3b92429efc,nhập mã 520612 nhận 10k nhé mình rút đc r
a937954a-836c-48b5-913a-acad9a211b36,3,2022-08-04,0,u_1f4db5e9f65c,Như đb ko bt đăng nhập
f6a6ee6f-df18-4f41-ba33-84c36a506bd9,1,2022-08-04,0,u_1fad77c62533,Nhập mã để nhận 1triệu2 472794
92b8b1e5-f46f-499d-9bd9-f25046ecf01f,1,2022-08-03,2,u_a24edbfc10df,"Có cái lệnh điều kiện là thứ quan trọng mà mãi ko làm, cứ lo ba thứ linh tinh ko cần thiết. Rồi app lại hay lỗi nữa chứ. Muốn giữ chân khách hàng mà làm thế này chết rồi"
8098136b-6420-4da5-b3c7-a038c5b699a1,5,2022-08-03,0,u_26588edf88f2,Nhập mã giới thiệu 949055 để nhận 200k
95a5bc4b-df39-490a-8a29-7a312608e209,1,2022-08-02,0,u_69bd06074ea7,"Đuổi hết đội làm app đi, mấy cái tính năng cơ bản như lưu otp, nút bấm tăng giảm số lượng, giá đặt mua cũng không có. thêm kiểu đang giờ giao dịch thì lỗi kết nối, lỗi sơ đẳng nhưng cực kỳ nghiêm trọng của 1 hệ thống giao dịch tính bằng mini giây. có cho thêm tiền cũng không dám dùng nữa."
a6a4209b-c966-4ffd-ab29-0e2716ab9012,5,2022-08-02,0,u_aeaad4773163,Nhập mã 422909 để nhận 10k miễn phí không nhận được 50k 100 k đâu điền mã nhận tiền 100%
85db92fb-de9b-4bf4-9ee4-0744b659db65,1,2022-08-02,0,u_b5d5d7d3470f,App lol
d8ccd303-6b66-47c3-9e90-03fe7ac815ef,1,2022-08-02,2,u_54799e82dece,Lừa đảo nha mng nên né nha mjk nạp 50k lúc sau vô thì 0đ :))
59af14b3-0898-47c6-b9c4-d9f9e1e1cd66,3,2022-07-29,4,u_ccb06359b595,Mọi người nộp tiền vào nên cân nhắc nhé tôi đã nộp tiền vào đây làm đúng các bước và nội dung chuyển khoản nhưng trong app không hề nhận được tiền. App lừa đảo nhé mọi người.
6839a074-69a4-4537-bfab-d2a2d020c80f,1,2022-07-28,0,u_81a5d56da7d9,Không đăng kí được
d30ce322-4a55-4bdb-82d6-6477efc16d44,5,2022-07-23,0,u_19d4f5e657ad,"Rất tuyệt vời, đã nhận được tiền 🥰"
dd0a026f-e521-43fc-9507-08bae883842b,5,2022-07-22,0,u_77de10b1d806,Tốt
ef1ceaed-f671-42f9-9ad9-026062cb3b97,4,2022-07-20,0,u_81c7e975519b,Tuyệt vời
34b90fbd-750c-41fe-b389-75d11ade48fa,1,2022-07-16,0,u_8c615f730e59,Mày biết mặt tao như nào mà xác thực không thành công. Loại app chó l. Có âm sao cho luôn nói gì 1 sao
0caa129b-f995-4a39-bf94-f5981f51de16,5,2022-07-14,0,u_5bf9750f60cd,Rất tốt
d61d3901-0505-47d6-9375-9d2787276d06,5,2022-07-12,0,u_bba7a65f6c2e,600974 nhập mã giới thiệu của mình để nhận 50k vào tài khoản chính😉
1324e1d6-b6bc-4707-95cf-e87b66399acd,1,2022-07-12,1,u_5acb6dab33c7,Tệ
44a987c8-5695-44cb-8590-bfd9b3b7329e,5,2022-07-12,1,u_a66f566c67bd,Nhập mã giới thiệu 302554 để nhận 150.000
da5381f3-4e7a-416b-a7e6-de19f6fe166e,1,2022-07-09,2,u_e01e0c351766,Tôi cần xóa tài khoản Làm sao để xóa vạy
4b750197-fcef-4624-813e-2469f5e5d147,5,2022-07-09,1,u_0cf4860cea21,Nhập mã gt 860707 để nhận ưu đãi 100k trong tk nhé
6f496bd5-9bf6-401f-a99c-7447197845d6,3,2022-07-08,1,u_b37df1ca9f14,968063 nhập để nhận ngay 10k
0a0dde7b-5100-4b09-a0b9-1582cc55b1fc,1,2022-07-06,7,u_73e6048fb013,App lừa đảo.
669279f4-8570-4ec8-8aa5-2725aadf1bec,5,2022-07-02,1,u_15a84eac2167,"Phần mềm cần cải thiện biểu đồ hơi lag, hỗ trợ việt hóa, thêm các chỉ số."
3cdd42d7-988e-407e-bf0d-22bb7314d6ec,5,2022-06-28,1,u_30b323d47f1f,Nhập mã giới thiệu: 403307 nhận ngay 10k. Nhớ kiểm tra email để kích hoạt gamil. Xin cảm ơn!
d6c092de-bd96-4837-9ea3-36cef9fa870a,5,2022-06-27,0,u_33ffa303c2c4,Nhập mã 504249 nhận ngay 100k . Xin cảm ơn
3fdcd93c-af27-4347-a8fd-5c83e98d258a,5,2022-06-26,0,u_2358a10d36bf,Nhập mã giới thiệu: 161018 để cùng nhận 10k nha
5566e15a-ce59-4514-abf7-2e3a30dd76c3,5,2022-06-26,0,u_b2bb83eb1cb9,Ổn định
0fa0a9f4-dab3-41e4-aaf5-aa21bade0451,1,2022-06-26,8,u_dace815135d0,Làm sao để xóa tài khoản ạ
e1aadc44-fec2-453f-8e13-0199c840ffb9,5,2022-06-23,0,u_cdd98ba5729e,"đăng kí nhập mã 023680 để nhận tiền nha các bạn,nhớ kích hoạt gmail mới nhận đc tiền"
b964ba6b-3007-42b1-ba2e-40e1ddcd122e,4,2022-06-19,3,u_3711201ae964,Làm sao để xoá tài khoản
9be06434-2bd0-41a9-a539-89e95eeda908,4,2022-06-18,0,u_0b0533fea7be,Trải nghiệm dành cho người đầu tư bản lĩnh.
b19c49af-870d-47c9-a710-1303c9e1dfac,1,2022-06-17,6,u_bd93c196ebd0,Không vô đc tk haizz
1f8aac06-c2f2-45e4-beec-f29199776aac,5,2022-06-11,3,u_d921e953f0f3,Nhập mã 850880 để lấy 10k
4576cf6f-6d87-4eda-bc48-0a241bc76ebc,5,2022-06-11,1,u_5a2e7facc7b9,Good service
643f2156-5529-4557-b079-930acdccf952,1,2022-06-09,0,u_b88c587458ae,Một trải nghiệm vô cùng tồi tệ. đặt lệnh mua nhưng ko có trong sổ lệnh gọi hỗ trợ thì kt thì mất cả tiếng mới có nhưng lại ko thể sửa hoặc hủy lệnh để đặt lệnh mới dc làm mất hết cơ hội tiền bạc của NDT. Rất rất bực và ko bao giờ quay lại lần 2.
95ab5af5-e6b5-4bee-abf5-697bfa82e5bb,5,2022-06-06,1,u_5c1030c9be0f,800145 Nhập mã nhân ngayyy 10k
bb9c5bb3-c53f-40cb-9fd0-461bd0a7e09f,5,2022-06-05,3,u_9a80c3ec0a5b,Phí rẻ như cho. Mà vẫn mươt mà k kém bên phí đắt 😂
8f19d3c2-23eb-45e3-a10a-2bccff3707df,1,2022-06-02,2,u_f157a2394152,Update thêm chức năng sửa lệnh thì sẽ đánh giá lại 5 sao
61704bc3-477c-4ba4-a768-a18561f23989,5,2022-05-31,0,u_96595a7605cb,Nhập mã 349206 để nhận 100k từ entrade
553b2fea-4d98-44a1-9315-3f2edbc95bd9,3,2022-05-21,6,u_329487a2e243,Bịp vc đki xong k thấy tk ròng đâu
1ed47c84-1596-4ea7-9b68-0abf02f7c18a,5,2022-05-20,3,u_7cc5fe4677dc,Ok
db105d1e-582b-45ca-a77d-993893a76d51,5,2022-05-12,1,u_4d29132a6705,App mượt lắm nhập mã mời để nhận được 10K nhé ..........208887............
fcf4bc5d-005c-49c8-b809-b9882dbaf782,2,2022-05-08,6,u_cd49933ad421,Mn có phải chụp thẻ căn cước k
312962ed-844d-4a6b-955a-9ebe54b49ff0,1,2022-05-04,13,u_d04dc9963922,Giới thiệu bạn bè kích hoạt thành công rồi nhưng không duyệt gì hết 😡
62e49cfd-a814-4c0c-b08c-98f0fc45f7de,1,2022-05-04,4,u_5f211f9e57ef,Lỗi
36b66b2b-691f-4f96-9dde-5a1e95993e69,5,2022-04-27,1,u_f9b1a5ffada9,Good
8f28c07a-ecf4-43a7-aa0c-671d1dc8762d,1,2022-04-24,2,u_e4c35fa19751,Chụp cứ bảo mở mắt
6dc59a21-5da0-463b-b8d6-d3b81471746d,3,2022-04-23,3,u_1a64cc04bf28,Về phần nộp tiền vào tài khoản là rất lâu ko thấy j như kiểu app đang ld
08550ff8-cb40-4653-8049-0973b5bcde51,5,2022-04-21,0,u_762af5843a21,Đăng ký nhập mã 210509 để nhận tiền Uy tín 100%
21bc7e36-a476-456a-a09d-7dc219b6f7af,5,2022-04-21,5,u_35e4fd346c96,Oke
006c9e41-6330-42f6-b48e-abb49a6bd65b,1,2022-04-20,2,u_fb7ab1c50815,App lỗi nhiều xác thực ko đc :))
b4e1c2b8-7bac-401f-b9cf-07a2f7b53d8c,5,2022-04-19,3,u_7504116be24e,Ok
f574139c-7f08-4f5c-9da5-1890541661c7,5,2022-04-18,3,u_4972df0c0a3c,"Nhập mã đại lý đặc biệt 101066 để nhận ngay 100k vô tài khoản giới hạn 10 nghìn người đầu tiên thôi . App rất uy tín , rút tiền 1s.."
436ae808-7c42-481b-b4ca-86cfc3bb96fd,5,2022-04-17,2,u_3f72ec79faee,Rất tuyệt vời
e3d9da73-3014-44c3-a1db-d90e11f30036,5,2022-04-16,1,u_4231473b1a18,Nhập mã GT 407296 để nhận 20k
9731b1e7-a16a-47f1-9700-d9c8cf3e5087,5,2022-04-16,2,u_17f9b4996c8b,Mã mời thêm 10k của mk là 450223
fc0940f6-11f3-417c-ba5d-f8915f5f4cd9,5,2022-04-10,2,u_de84a9935794,Nhập mã 120407 để nhận được 10k khi xác minh tài khoản thành công nha
0f873b22-daf6-446b-860f-ceb646c3318a,5,2022-04-06,3,u_15962fd58682,Mọi người nhập mã: 843104 để được nhận thưởng 10k nha
479c4195-5887-4039-ae45-785ed43bf465,5,2022-04-05,0,u_356c1810a7ef,Ứng dụng rất uy tín 508578 nhập mã để nhận ngay 10k nha các tình iu😘😘
b774f01d-5d0e-458e-b5ca-5abbc2bdd463,5,2022-04-04,5,u_7347a70752f4,App kiếm tiền rất uy tín luônn Nhập mã 0 5 0 7 3 1 để nhận 10k nhé
66056225-be2e-4c29-ac00-acdaf6fe0f1a,5,2022-04-04,2,u_2f320d1b924f,"App ok, tuy nhiên còn thiếu các mục tin tức của chính cp minhg theo dõi."
3a9693a9-1876-4e4c-a007-7746cf519cea,5,2022-04-02,2,u_d20e6985a1c9,Mọi người mới tham gia app này nhập mã. 9 7 1 8 1 6 để nhận được 10.000đ nhé . App rất uy tín rút tiền nhanh chóng . Đầu tư giao dịch thu về lợi nhuận cao ai.
08300ac5-0774-4308-aee6-4150de4f25ba,5,2022-04-02,2,u_8637d92203b8,074410 mã gt nhận 10k free khi mở tk nhé
971f7d46-9e7e-4b37-88f9-f51300b0792b,1,2022-04-02,1,u_5d24cb466f0c,Chx đc 15 tuổi mà nó đòi căn cước công dân😏
7e55ed09-2a70-463d-8a57-e0103658f7eb,5,2022-04-02,0,u_c9e01b3c5100,Ai chưa có mã giới thiệu thì nhập mã này nha: 506828. Cả hai đều đc 10k. Cảm ơn
990be5d8-fbd8-4923-be45-68ff78407543,5,2022-04-01,1,u_d61880c70dd3,Aap rốt tốt và hay lên tải.khi tải nhập mã giới thiệu: 223038 để nhận ngay 10k miễn phí ...
29d377ad-5a48-47bd-ae0c-f7a9b2b23e8b,5,2022-03-31,1,u_36df3a8e7b2a,Tất tốt
246ae2ab-276c-429d-abf1-13068df4e9c4,5,2022-03-30,3,u_f7baf073ea73,780917 mã giớ thiệu nhận 10k
3295f002-597d-433e-aa6b-3d87d60745df,3,2022-03-29,0,u_43cbff7c2f54,Không có phần lấy mã lại mã otp
27c006eb-6dab-4bf3-8f52-3069bf53d7b3,3,2022-03-29,5,u_d82f8b75ad6e,"Chụp ảnh chứng minh thư xác nhận mãi chẳng được, toàn báo đã có lỗi sảy ra"
bfc444c1-35de-480a-88d0-7c62ad9f75da,5,2022-03-28,1,u_274ca19dd393,Nhập mã 648606 để nhận 10k nhé uy tín nên thử nha mọi người
c2cb1820-9bed-4075-9f81-04962a1b6a2b,1,2022-03-28,3,u_276329c1351f,Lừa đảo lấy thông tin
1aaff40c-3392-4bb9-b1ec-b3784d23a4a2,5,2022-03-28,3,u_0c2850bdab2d,Tốt
3b612fbb-c5d4-4efa-844f-bb1d60a591c5,5,2022-03-25,2,u_31f737d3d9aa,nhập mã giới thiệu 199005 để nhận 10k trong tk nha
5bd1d708-c9ff-4543-9b61-4cc35122464b,5,2022-03-18,0,u_ccc69f2ba68e,Ok
21410c64-4ff6-4376-9b1f-bc5b23836b10,5,2022-03-12,0,u_ebd5c1e5b0a2,Nhập mã 103009 để nhận được 50k nhé mn ơii Rút dc tiền về ngân hàng luon đó
8e1e21bf-3773-480b-b930-6be78facc7fb,5,2022-03-12,0,u_073329363f1d,Nhập mã 984097 để được nhận 100k
311acae7-26bb-43c6-9577-b3c40fb1764e,5,2022-03-12,7,u_b731a1bb476b,Phần mềm giao dịch của một công ty chứng khoán ở Việt Nam. Xin nhập mã giới thiệu: 260589 để cộng 10000 VND cho cả bạn và tôi. Xin cảm ơn!
b8c1df9d-3e3b-430e-8f34-d46a1b05a958,5,2022-03-11,0,u_cd9ec8957807,Nhập mã 259204 để nhận ngay 10k vào tài khoản
04886e35-06df-4c87-a2af-3661003eeb32,4,2022-03-11,1,u_cd92b583b5fe,Nhập mã Gt 500900 để nhận 50k nhé
6f46b9ab-f4af-4a62-9b13-b69d5fced986,5,2022-03-09,1,u_bba7a65f6c2e,Mọi người nhập mã 1 3 2 7 8 3 không cách để nhận 10k vào tk nhé
22caf533-bd65-4aa9-86af-bc9e38db7221,5,2022-03-06,0,u_e8553eea4075,Nhập 036074 để nhận 10k
ac3070b5-ee71-4737-8e3c-fbd3c1c1b510,5,2022-03-05,0,u_fb37becb6212,Nhập mã 830635 nhận 10k
9edfd928-4ca5-4af8-b5bc-9f23c43a3fea,5,2022-03-05,3,u_5a95416891f0,Tốt. Nên bổ sung tính năng đặt lệnh điều kiện
c239d43b-34c5-49d5-b8d7-1e3c0844eb19,1,2022-03-04,0,u_95966965aff3,App khong gửi mã xác thực về
dee8eae6-6927-4886-87e7-877711049b5d,5,2022-03-04,0,u_b5f6652ad18a,App uy tín nhập mã 961083 để nhận 50k free nhé 🥰🥰
2b788375-2f6e-4cdf-af5a-fec5d7ec1bd6,5,2022-03-04,0,u_e45c3b3622eb,"Mong nhà phát hành tăng thêm chút tiền vệ phần giới thiệu bạn bè, đã khó khăn rồi mỗi lần mời bạn bè được có 10k. Mong nhà phát hành xem xét"
9ef7555a-757c-4776-aea5-2acf16a89c04,5,2022-03-03,0,u_81f825584dd8,Nhập mã mời 440165 nhận 120k nha mn
76bf4583-f216-4046-bc36-7c8f79444501,5,2022-03-03,0,u_afbc6b77b787,Nhập mã 130792 nhận ngay 50k vào tk
44c9f9e2-ef30-4e85-8a0f-ef0a90fdbb69,5,2022-03-02,2,u_e2638e9cb057,Thống kê lãi lỗ nên thêm cột % lãi/lỗ để tiện theo dõi
f5e02abf-843d-47b4-9ff1-98b6c7b37fab,5,2022-03-02,2,u_38dfaa869bb2,Nhập mã 258055 để được 100k
95afeaae-ac4f-470d-978d-d24b6cb6f2d4,5,2022-03-01,1,u_af0b3269958d,Nhập mã 770734 để có ngay 50k free
1055df09-a6ac-4eaa-b90b-fe3259988370,5,2022-03-01,2,u_24064eff96ab,uy tín nên dùng nha
76975ada-64b8-4600-a12f-341f9646e901,5,2022-02-28,4,u_c1db091f2a3a,Hóng phiên bản tab để xem bảng điện cho thích
01128931-339c-4256-9a6e-88972f6e8db9,3,2022-02-28,1,u_46686e8b9549,"App lag gì đâu, mong sớm khắc phục chứ cứ lúc cần lại lag thì bó tay"
814108d1-a62d-4487-9a18-da573dbc634f,5,2022-02-27,0,u_709fd173b60c,NHẬP MÃ GT 282096 ĐỂ NHẬN 200k TIỀN TƯƠI MỖI NGÀY
fbeb7679-f8db-4ba0-90be-06f7535db17e,5,2022-02-22,1,u_cd29fe24f2d8,Ok
69492a32-e48c-4c41-ae03-edf49cab1694,5,2022-02-18,1,u_451588297f17,Mong tại mỗi mã chứng khoán có thêm 1 ô để ghi chú / note các thông tin riêng.
00580b01-1cc3-4e67-9dcc-ee1cd2ecd728,4,2022-01-29,2,u_728f2105ac74,"Càng ngày app càng lag á. Mong sau tết bdh sẽ có những cải tiến về tốc độ load của app, chứ vào mà cứ báo lỗi kêt nối suốt khó lắm."
31dfcfaa-031b-43ed-bb3f-ce05f108a96a,3,2022-01-29,3,u_3a9d7c8600ca,Chuyển khoản hơi lằng nhằng giá như có tính năng liên kết trực tiếp như ví đt
7df27142-a764-467a-aa61-1d6ea0ec37ef,5,2022-01-26,1,u_bdfada5f9bd0,Nhập mã giới thiệu 707297 để nhận 50k nhé
42c747dc-9420-4177-8819-6a5f546feb33,5,2022-01-22,1,u_561a9864f1ca,Tốt
19e9f1fb-e876-4252-bd7e-831d717577af,4,2022-01-20,0,u_9b3b3e20bc09,Ok
5bee86c7-224a-49f0-b2c6-f7e4752a36cf,5,2022-01-17,1,u_557a9822453a,Tot
016942fb-75db-4e95-a2a9-9cd5e73178aa,1,2022-01-07,3,u_5909dd6e6d3e,Kêu đk thưởng 50k mấy 100k mà được đâu toàn lừa để nhiều ng tải app
176e3b97-349d-4ad4-bf63-a8009a1124a6,5,2022-01-07,10,u_f6f692a3567f,Công ty nên chơi với ngân hàng BIDV để tạo một mã định danh tai khoản để giao dịch tốt hơn chứ để tình trạng lỗi giao dịch nạp hoài thì mọi người sẽ bỏ App hoặc giao dịch sàn khác...mong công ty tiếp thu ý kiến 💓
20488960-fbac-4771-92cf-83b2c3c9195d,5,2022-01-03,8,u_9761cf35643b,"ứng dụng này dành cho dân chứng khoán, mấy đứa đánh gía 1* là không nhận được 50k nên cay à,trẩu tre vcl. Ứng dụng này ok nhé, miễn phí giao dịch, nhưng nsx đổi cho thành màu xanh lá hoặc tím được không??"
05807eb0-332e-446d-a36a-84e7a8987700,5,2022-01-03,6,u_77ec8f334adb,Hài lòng cực kì luôn nếu bạn vay có ngay vayhangdau . Com nhớ lên google tìm nhé. Uy tín cực kì luôn..
74b6ff9f-5e54-4e04-bbfe-401ec89d924e,5,2022-01-02,0,u_d1671f74e9f6,Lượm gạo
3148c2e9-362a-49b8-9121-726bf9e63ea7,5,2022-01-01,0,u_a9ee6fb55597,K uy tín cho lắm
b3f31601-1226-4e71-9a83-0801586e3cb0,3,2021-12-31,2,u_efc4763a30fe,Mình cho add 3* vì dk vào thời điểm này đúng là có 50000 và gthieu thêm mot ng mình có thêm 50k nữa tổng mình có 100k. Nhưng mình vào rút sao ko được. Liệu có gì đỏ ko
16b29cf9-4a2c-4640-9102-25cb2510a86a,1,2021-10-10,6,u_3dba0a999657,"App vớ vẩn,toàn bọn review ảo lên"
eaf66eec-6dc0-4bbf-873e-acfdfbeb4d9c,1,2021-10-08,3,u_cd4224d9e852,ko nha ae
6af92d93-9994-4e5c-b119-9eed515420a3,5,2021-10-06,2,u_8e31903609d3,Dang ky chung khoán ko dc gi
c96720c0-a000-4a2d-8c1f-55543322eebd,5,2021-10-05,2,u_0010da6014ab,Ok
56da52e8-89ce-42af-96de-56325b436da1,4,2021-10-03,0,u_f47ce7b9782c,tạm ổn
e8fe4927-0d8f-4d11-84d3-b8d8a0b1deac,1,2021-09-23,28,u_f07b1d1b5b14,"23.09.2021 đk lúc 10h sáng chờ tới gần 13h chưa vào đc mà cứ thông báo phải đợi 1h xác thực. app này có vấn đề chắc lun, đụng tới tiền bạc mà cứ lề mề như nầy ai dám chơi? má t bị lộ CCCD cho bọn này rồi tức ghê"
15162737-42c4-4450-89e3-2c5c3b3d8294,2,2021-09-11,9,u_d0c8933f9ec5,Otp trên máy mà k nhận đk chịu app
4d5954c9-5bc3-4ec7-8264-188598167d18,1,2021-08-31,3,u_437e516a1796,Càng cập nhật càng đơ
bf56e9d9-7716-4bcb-8324-b28b6b4a568a,5,2021-08-27,0,u_ff5041009c1b,Ap rất tốt
f87def3b-c5c6-474f-bed1-a267616ee4da,1,2021-08-27,2,u_ca15db3093e5,Quá tệ
929aad48-cb66-4631-9fb4-5fd7b26b18b8,1,2021-08-25,0,u_3c2764b19ad0,App khá cùi
6c03c067-677f-4ec4-8806-766827f7be60,5,2021-08-25,0,u_c8512f903891,Xin chào
9fa62263-364f-4021-903d-09fc86b84574,1,2021-08-25,0,u_1c7112460fbd,Lừa ...không hề nhận được tiền...xác nhận thì lâu
b2970aa5-2dd4-42fb-9537-4bfe574c46e9,1,2021-08-24,4,u_2f03f6766602,"Không nhận được tiền đâu, và mấy thằng youtube cũng luôn thổi phồng lên. Nhóm chúng tôi 33k thành viên. và được trả phí nên app này không trả tiền cho giới thiệu . nhiều tv đã báo cáo"
37c5ae77-e7d9-4132-9c64-73141203a701,1,2021-08-23,13,u_4dd920d3adcf,"App lừa vcl,thằng bạn đưa mã giới thiệu app này rồi t đk mà chả đc ngàn nào,khuyên m.n đừng tải app như qq này,tẩy chayyy !!!"
f35d17ab-a815-4bfa-983f-068a4d572c4b,1,2021-08-23,1,u_54c24aa6ee43,K nhận được công đk
c19f328b-fa24-4c75-9230-929509f7a0ba,1,2021-08-23,0,u_fe33b037e518,App pp gi chụp ảnh chứng minh ma hk chấp nhận chụp sắc nét như vậy thì còn đòi gì nữa hk thôi xóa app mẹ cho nhẹ máy mất mệt hà
4f586728-c245-4c7d-b89a-74007c35594e,1,2021-08-23,0,u_5e065ddcec20,Quá tệ đăng ký xong cũng không cộng tiền.________ Không uy tín có chó mới chơi
4c40a579-210d-4848-9fe7-d7d6089d762e,1,2021-08-23,0,u_0221753e734c,Tốn thời gian chả được gì. Chốt một câu NHƯ CẶC
719b49c7-eabf-40f1-aadf-5aa0e9af71bf,1,2021-08-23,1,u_238a635cae71,Kiu xử lí trong 1h mà 1 ngày vẫn ch thấy mất tg .
f5b9c9b3-779d-4c6b-bf54-61e65969944f,1,2021-08-23,5,u_e3ce9ea194d3,"Đăng kí xong có xu nào đâu mà cứ bảo có 50k, đmm bảo trì xong mất tiền luôn trong app, app rác vcl"
ae4cc53b-286b-4a8c-8e84-ee65376de0f2,1,2021-08-23,3,u_47d082a3a27b,"App quần què, lập trình như cc, xác thực đưa ảnh bà nội tụi m vô mới nhận ak"
10ea15f3-07c1-42d6-ad18-5919c4a9f510,1,2021-08-22,6,u_752e7fdce7ce,"Sdt hỗ trợ kém, tính năng xét duyệt kém, ứng dụng khiến tôi mất thời gian, khuyên mọi người đừng nghe mấy đứa nhập mã giới thiệu có tiền, chờ đợi dịnh đanh là mất cả thanh xuân ấy"
13efa68c-5671-443c-bd94-6ed86824a0e2,1,2021-08-22,1,u_0e47c13d2621,Ref đang hay 🥲🥲
f9662487-423d-4792-940f-065f505a99d2,1,2021-08-22,2,u_23c3c51afad0,App kyc như qq sáng quá cũng không đuoc tối quá cũng không đuoc đừng mong ăn tiền nó dể
c9367461-e2f4-4498-9a04-ec08d36d604c,5,2021-08-22,0,u_95a03b7bad76,"Nhập mã 267804 nhận ngay 50k trong tk có thể rút về atm, chỉ cần kyc và xác minh gmail"
f9e04778-1255-4e5e-9576-885489c736ab,5,2021-08-22,0,u_09f6cb895bc3,Lỗi rui máy chủ ơi
3652b0e7-6519-45a6-8729-a46b5737bc0c,1,2021-08-22,3,u_118f055bb658,App xác thực dell được như nồn
5d48a758-afa0-4d37-b13d-97eac17b3880,1,2021-08-22,1,u_52a80fd8edb7,App như cc.xác thực hoài không được
32919fcb-b841-400f-a65a-d3130a7f1cb6,5,2021-08-22,1,u_dd6d6a0945cd,"Anh/Chị nhập mã 680068 khi đăng ký tài khoản để được tặng 1,000,000đ vào sức mua"
c5a1ee8e-c92e-433c-af0c-411cedbf8354,1,2021-08-22,14,u_0591315d7dce,bảo xu lý trong vòng 1 gio mà cả nửa ngày chưa xong tài khoản chán như kiểu lừa đảo vây
4b62d195-7d14-456d-909d-1d3fbec9e957,1,2021-08-22,16,u_66e8cb563f64,"Điện thoại CMT nét như gì cứ bảo chùi camera, ko xác thực nổi đã thế còn lỗi liên tục, ko nên tải app này"
8392d273-6620-49af-b224-e027d37a358b,5,2021-08-22,0,u_813074d1dead,Mã gioi thiệu 700800 mọi người nhập giúp em
217fdb86-0b24-41c2-bc3a-9ff28339aa8f,1,2021-08-22,2,u_5c38125fc644,"Ứng dụng cùi mía, lỗi từ đầu tới đuôi"
38416eaa-7f9e-4830-ad17-6b418caa1fe8,5,2021-08-22,0,u_064582b58596,Tk đăng kí ko đc toan lỗi la sao mn
0a78119d-dc06-4f83-bb85-77bef3f60526,1,2021-08-22,2,u_9d51a455a7f5,App gì đăng kí xong . Đăng nhập ko dc
7d011122-c81e-410a-9220-72fe53d0c874,1,2021-08-22,3,u_36d11a1cb579,App như l o n
e81e174f-be3b-4378-a506-3ad697cbb8e5,1,2021-08-22,0,u_d94e2b19db59,Nhập mã 110523 nhận 50k
f33918a2-eea3-4671-b67a-8d366d441047,5,2021-08-22,0,u_81c450de7ab2,Nhập mã giới thiệu 806817 lúc đăng ký tài khoản để nhận 50k
d5d67737-5ccb-48d9-ba09-6cbde68a9e14,5,2021-08-22,0,u_4599727097d9,Một ứng dụng quá xuất sắc
9fd19d53-a20a-4f29-b54d-0ded9d2b663e,1,2021-08-22,1,u_209f28057db2,"Ứng dụng k xác thực gương mặt nổi, quá kém!"
823e21e1-59ab-49a5-a723-c11df19c3ba4,1,2021-08-22,0,u_e982a3427f23,Tôi dòng ý
9cab3ab3-1c84-42cb-853c-06addb0abe42,5,2021-08-22,0,u_f029a497d0da,Nhập mã 140495 nhận 50k VND và 1tr vào sức mua nhé
b650160a-9380-4a13-b42f-3d366555ff46,5,2021-08-22,0,u_485a101a3c94,Nhập mã gt 002406 để nhận ngay 50k
9dd9157a-99bd-491c-b3f6-e72451675c02,1,2021-08-21,9,u_d60810d2da63,Cc gi điện thoai vivo f1 chụp ảnh khá nét. Ma kg chap nhan. Yeu câu nét hơn. Tụi my mù à. App tệ k nên su dụng
5fd0b6c6-c3ef-48ad-bc21-2b68300b61dd,5,2021-08-21,8,u_45d1a0dc66e6,"Anh/Chị nhập ngay mã 680068 khi đăng ký tài khoản để được tặng 1,000,000đ vào sức mua."
e43f51e6-1952-4605-b9f9-f1d3227e263e,1,2021-08-10,4,u_fd71de0eb182,Ko thể xác thực gương mặt .
8ca26823-87d7-4f35-8784-8bababf40608,1,2021-08-05,3,u_098eb63043ca,App chán
6315b163-1f52-4a3d-81f0-ad159ed7362d,1,2021-07-15,0,u_90dd13696ba8,App lởm
36289348-1158-4fe6-9449-2672fb7103d3,3,2021-07-11,0,u_5c1a8923d65c,Cần có cài lênh điều kiện. Chart thì hơi cùi.
8f8dc629-d4e1-40ff-adef-d31a5b5acafd,1,2021-07-11,0,u_5def1d85c639,"App siêu lởm, lúc chụp ảnh xác thực thì dừng luôn, code thì show exception liên tục, không biết mấy cái ông viết cái app này trình độ gì nữa"
96584676-6a13-4fbf-99f0-8d1e824ff846,4,2021-07-02,0,u_527837ae9dfe,"Em mới trải nghiệm nên ko biết chất lượng app thế nào . Riêng phần ""tổng quan tài sản"" em thấy hợp lý lắm. Ở mục tiền mặt theo e ko nên cộng cả số tiền mình đã dùng để mua chứng khoán mà nên để số tiền thể hiện sức mua hiện tại. Ở phần giao dịch thì các lệnh mua bán ko tiện lắm khi thực hiện"
c631f186-9d59-43a6-b075-ce6e469d02dc,1,2021-06-23,0,u_17dc2bce87a3,Cho Du co tien cung khong gjam Nap.vi khong co phan choi thů. Choi thu phai Nap tien.
e206aea8-66d8-4181-8d3f-cafeb3dc4122,1,2021-06-22,2,u_a9fbc6fbb712,App cùi lắm. Bỏ đi mà làm người
c28439ea-2d0b-403e-8a29-fed4cd2c5142,1,2021-06-18,1,u_87d4296059ce,chụp ảnh rõ nét rồi mà vẫn báo là ko dc
0f38a3a4-0e44-4c01-87b7-7425c2e7e195,1,2021-06-15,0,u_45bded41411b,Như kẹc
fde51bf7-e814-49f2-9ddc-46539e5c1982,1,2021-06-14,2,u_6dc197c30b47,Quảng cáo vớ vẩn
bf31d257-0702-4f71-8f0a-a0860007cc3b,1,2021-06-14,2,u_841106bdfeeb,Rất tồi
577ac494-39ce-4209-92f8-ec1c97dc2d5f,1,2021-05-28,3,u_b1b12ee0981d,Chụp cmnd 2 ngày rồi chưa đc không hiểu bị gì nữa
f9538526-7dd7-45bf-a019-f454b64a5d38,5,2021-05-22,0,u_4e49841da749,S mãi chưa đc duyệt tk vậy 😢😢
55a940d5-e0b4-48ff-91ed-eb1570c34cd0,1,2021-05-21,5,u_bff7d5fd3bb2,Cùi bắp. Ứng dụng gì mà ngay từ bước đăng ký đã gặp lỗi rồi. Thật thiếu chuyên nghiệp cho 1 ứng dụng liên quan đến đầu tư tài chính
54b32507-1376-4a4f-aa07-a77760db877b,5,2021-05-19,0,u_80b703aa89ad,Ok
c5ab8658-839c-4ae3-8859-3703e7d6da48,1,2021-04-27,3,u_96f47c883d73,"Chán. Suốt ngày update, vừa tốn thời gian, vừa không thấy gì hay. Không hiểu update cái gì???"
e193ea94-a588-49fd-8395-1e66eb879d30,1,2021-04-24,2,u_b19d003f9f46,"Chụp ảnh CMT luôn báo không chụp được, dù đã chụp đúng, rõ. Button chụp lại cũng không hoạt động, phải quay lại bước trước rồi mới chụp tiếp, nhưng vẫn không chụp được."
9ce54ae2-f87d-44a2-af5c-ab1ef0bdeab4,1,2021-04-14,1,u_2d6d03ac2958,K hien nút chụp ảnh cmnd làm sao bay giờ.
3310be31-a7b0-41c1-99eb-473bbdb06369,5,2021-03-31,1,u_fdbfbbe9560e,Good
9d17d1d2-a375-41b8-9698-88da3f1c21ab,5,2021-03-23,1,u_6ee7ebd97e23,Good
d5136f09-17cb-4b4e-84e6-5df2e2675971,4,2021-03-18,1,u_d1c431cfa5d9,Ngày càng tốt lên 👍 Hiện tại có lỗi ko thêm đc tài khoản ngân hàng do tên ở tài khoản ngân hàng viết ko dấu. Để nghị sửa lại nhé
df12f0bd-7224-4c4a-b062-5890ece91fe9,5,2021-02-27,0,u_4b0f9fac05a1,"Đơn giản, dễ sử dụng."
27a62b6c-64ad-4f88-8be8-8237ce678cf4,5,2021-02-18,0,u_1c451698c86c,Pm tốt
e3e7b921-a4fe-49bc-99a6-91a868d1dcac,1,2021-02-05,2,u_06fa5fe3ae73,"cả ứng dụng và bản web đều hoạt động kém, ko phản ánh đúng giá thị trường. công ty nên đầu tư và cải tiến hiệu suất tránh rủi ro cho nđt"
e02a4b49-b93d-4df6-9ac2-c2a7d341f171,5,2020-12-25,0,u_b28427ff3202,Very good
41fef6b6-6269-4190-8d5b-21ffe16a0687,1,2020-12-10,0,u_68dc9430d927,Vô cùng khó sử dụng.
3652ee3f-1fbe-4634-8b27-606dcd993c92,5,2020-10-22,1,u_874adf6b876b,Rất dễ dùng
